line,station,elevator,message,message_html,alternate_url,source_updated_time,extracted_at_utc
Broad Street Subway / Broad Ridge Spur,Fern Rock Transit Center,Street Level,No access to/from station,<ul><li>No access to/from station</li></ul>,https://www5.septa.org/about/accessibility/alternative-transportation/bsl-alternate/,2026-01-26 17:20:46,2026-01-26T222046UTC
Broad Street Subway / Broad Ridge Spur,Olney Transit Center,Street to Mezzanine,No access to/from station,<ul><li>No access to/from station</li></ul>,https://www5.septa.org/about/accessibility/alternative-transportation/bsl-alternate/,2026-01-26 17:20:46,2026-01-26T222046UTC
Broad Street Subway / Broad Ridge Spur,8th-Market,Street Level,No access to/from station,<ul><li>No access to/from station</li></ul>,https://www5.septa.org/about/accessibility/alternative-transportation/bsl-alternate/,2026-01-26 17:20:46,2026-01-26T222046UTC
Market Frankford Line,Frankford Transit Center,Main Terminal Pratt Street,Use Bridge Street for access to/from platforms,<ul><li>Use Bridge Street for access to/from platforms</li></ul>,https://www5.septa.org/about/accessibility/alternative-transportation/mfl-alternate/,2026-01-26 17:20:46,2026-01-26T222046UTC
Market Frankford Line,Kensington-Allegheny,Eastbound,No access to/from eastbound platform,<ul><li>No access to/from eastbound platform</li></ul>,https://www5.septa.org/about/accessibility/alternative-transportation/mfl-alternate/,2026-01-26 17:20:46,2026-01-26T222046UTC
Market Frankford Line,8th-Market,Westbound,No access to/from station,<ul><li>No access to/from station</li></ul>,https://www5.septa.org/about/accessibility/alternative-transportation/mfl-alternate/,2026-01-26 17:20:46,2026-01-26T222046UTC
Market Frankford Line,13th St,Westbound,No access to/from stationNo access to/from Trolley Lines,<ul><li>No access to/from station</li><li>No access to/from Trolley Lines</li></ul>,https://www5.septa.org/about/accessibility/alternative-transportation/mfl-alternate/,2026-01-26 17:20:46,2026-01-26T222046UTC
Market Frankford Line,13th St,Eastbound,No access to/from station,<ul><li>No access to/from station</li></ul>,https://www5.septa.org/about/accessibility/alternative-transportation/mfl-alternate/,2026-01-26 17:20:46,2026-01-26T222046UTC
Market Frankford Line,Millbourne,Eastbound,No access to/from station,<ul><li>No access to/from station</li></ul>,https://www5.septa.org/about/accessibility/alternative-transportation/mfl-alternate/,2026-01-26 17:20:46,2026-01-26T222046UTC
Broad Street Subway / Broad Ridge Spur,North Philadelphia,Southbound,No access to/from southbound platform ,<ul><li>No access to/from southbound platform</li></ul> ,https://www5.septa.org/about/accessibility/alternative-transportation/bsl-alternate/,2026-01-26 17:20:46,2026-01-26T222046UTC
Regional Rail,Chester Transit Center,Inbound,No access to/from inbound platform (To Center City),<ul><li>No access to/from inbound platform (To Center City)</li></ul>,https://www5.septa.org/about/accessibility/alternative-transportation/regional-rail-alternate/,2026-01-26 17:20:46,2026-01-26T222046UTC
Regional Rail,Wilmington,Inbound,No access to/from inbound platform  (service to Center City),<ul><li>No access to/from inbound platform  (service to Center City)</li></ul>,https://www5.septa.org/about/accessibility/alternative-transportation/regional-rail-alternate/,2026-01-26 17:20:46,2026-01-26T222046UTC
Regional Rail,Wilmington,Outbound,No access to/from outbound platform (From Center City),<ul><li>No access to/from outbound platform (From Center City)</li></ul>,https://www5.septa.org/about/accessibility/alternative-transportation/regional-rail-alternate/,2026-01-26 17:20:46,2026-01-26T222046UTC
Market Frankford Line,15th St/City Hall,"Dilworth Park - South End (Street to Concourse)
","No access to/from the concourse on the south end
","<ul><li>No access to/from the concourse on the south end</li></ul>
",https://www5.septa.org/about/accessibility/alternative-transportation/mfl-alternate/,2026-01-26 17:20:46,2026-01-26T222046UTC
Regional Rail,Lansdale,Lansdale Garage #1,"No access to garage parking floors if both elevators out
","<ul><li>No access to garage parking floors if both elevators out</li></ul>
",https://www5.septa.org/about/accessibility/alternative-transportation/regional-rail-alternate/,2026-01-26 17:20:46,2026-01-26T222046UTC
Broad Street Subway / Broad Ridge Spur,Fern Rock Transit Center,Street Level,No access to/from station,<ul><li>No access to/from station</li></ul>,https://www5.septa.org/about/accessibility/alternative-transportation/bsl-alternate/,2026-01-26 21:23:57,2026-01-27T022357UTC
Broad Street Subway / Broad Ridge Spur,Olney Transit Center,Street to Mezzanine,No access to/from station,<ul><li>No access to/from station</li></ul>,https://www5.septa.org/about/accessibility/alternative-transportation/bsl-alternate/,2026-01-26 21:23:57,2026-01-27T022357UTC
Broad Street Subway / Broad Ridge Spur,8th-Market,Street Level,No access to/from station,<ul><li>No access to/from station</li></ul>,https://www5.septa.org/about/accessibility/alternative-transportation/bsl-alternate/,2026-01-26 21:23:57,2026-01-27T022357UTC
Market Frankford Line,Frankford Transit Center,Main Terminal Pratt Street,Use Bridge Street for access to/from platforms,<ul><li>Use Bridge Street for access to/from platforms</li></ul>,https://www5.septa.org/about/accessibility/alternative-transportation/mfl-alternate/,2026-01-26 21:23:57,2026-01-27T022357UTC
Market Frankford Line,Kensington-Allegheny,Eastbound,No access to/from eastbound platform,<ul><li>No access to/from eastbound platform</li></ul>,https://www5.septa.org/about/accessibility/alternative-transportation/mfl-alternate/,2026-01-26 21:23:57,2026-01-27T022357UTC
Market Frankford Line,8th-Market,Westbound,No access to/from station,<ul><li>No access to/from station</li></ul>,https://www5.septa.org/about/accessibility/alternative-transportation/mfl-alternate/,2026-01-26 21:23:57,2026-01-27T022357UTC
Market Frankford Line,13th St,Westbound,No access to/from stationNo access to/from Trolley Lines,<ul><li>No access to/from station</li><li>No access to/from Trolley Lines</li></ul>,https://www5.septa.org/about/accessibility/alternative-transportation/mfl-alternate/,2026-01-26 21:23:57,2026-01-27T022357UTC
Market Frankford Line,13th St,Eastbound,No access to/from station,<ul><li>No access to/from station</li></ul>,https://www5.septa.org/about/accessibility/alternative-transportation/mfl-alternate/,2026-01-26 21:23:57,2026-01-27T022357UTC
Market Frankford Line,Millbourne,Eastbound,No access to/from station,<ul><li>No access to/from station</li></ul>,https://www5.septa.org/about/accessibility/alternative-transportation/mfl-alternate/,2026-01-26 21:23:57,2026-01-27T022357UTC
Broad Street Subway / Broad Ridge Spur,North Philadelphia,Southbound,No access to/from southbound platform ,<ul><li>No access to/from southbound platform</li></ul> ,https://www5.septa.org/about/accessibility/alternative-transportation/bsl-alternate/,2026-01-26 21:23:57,2026-01-27T022357UTC
Regional Rail,Chester Transit Center,Inbound,No access to/from inbound platform (To Center City),<ul><li>No access to/from inbound platform (To Center City)</li></ul>,https://www5.septa.org/about/accessibility/alternative-transportation/regional-rail-alternate/,2026-01-26 21:23:57,2026-01-27T022357UTC
Regional Rail,Wilmington,Inbound,No access to/from inbound platform  (service to Center City),<ul><li>No access to/from inbound platform  (service to Center City)</li></ul>,https://www5.septa.org/about/accessibility/alternative-transportation/regional-rail-alternate/,2026-01-26 21:23:57,2026-01-27T022357UTC
Regional Rail,Wilmington,Outbound,No access to/from outbound platform (From Center City),<ul><li>No access to/from outbound platform (From Center City)</li></ul>,https://www5.septa.org/about/accessibility/alternative-transportation/regional-rail-alternate/,2026-01-26 21:23:57,2026-01-27T022357UTC
Market Frankford Line,15th St/City Hall,"Dilworth Park - South End (Street to Concourse)
","No access to/from the concourse on the south end
","<ul><li>No access to/from the concourse on the south end</li></ul>
",https://www5.septa.org/about/accessibility/alternative-transportation/mfl-alternate/,2026-01-26 21:23:57,2026-01-27T022357UTC
Regional Rail,Lansdale,Lansdale Garage #1,"No access to garage parking floors if both elevators out
","<ul><li>No access to garage parking floors if both elevators out</li></ul>
",https://www5.septa.org/about/accessibility/alternative-transportation/regional-rail-alternate/,2026-01-26 21:23:57,2026-01-27T022357UTC
Broad Street Subway / Broad Ridge Spur,Fern Rock Transit Center,Street Level,No access to/from station,<ul><li>No access to/from station</li></ul>,https://www5.septa.org/about/accessibility/alternative-transportation/bsl-alternate/,2026-01-26 23:51:47,2026-01-27T045147UTC
Broad Street Subway / Broad Ridge Spur,Olney Transit Center,Street to Mezzanine,No access to/from station,<ul><li>No access to/from station</li></ul>,https://www5.septa.org/about/accessibility/alternative-transportation/bsl-alternate/,2026-01-26 23:51:47,2026-01-27T045147UTC
Broad Street Subway / Broad Ridge Spur,8th-Market,Street Level,No access to/from station,<ul><li>No access to/from station</li></ul>,https://www5.septa.org/about/accessibility/alternative-transportation/bsl-alternate/,2026-01-26 23:51:47,2026-01-27T045147UTC
Market Frankford Line,Frankford Transit Center,Main Terminal Pratt Street,Use Bridge Street for access to/from platforms,<ul><li>Use Bridge Street for access to/from platforms</li></ul>,https://www5.septa.org/about/accessibility/alternative-transportation/mfl-alternate/,2026-01-26 23:51:47,2026-01-27T045147UTC
Market Frankford Line,Kensington-Allegheny,Eastbound,No access to/from eastbound platform,<ul><li>No access to/from eastbound platform</li></ul>,https://www5.septa.org/about/accessibility/alternative-transportation/mfl-alternate/,2026-01-26 23:51:47,2026-01-27T045147UTC
Market Frankford Line,8th-Market,Westbound,No access to/from station,<ul><li>No access to/from station</li></ul>,https://www5.septa.org/about/accessibility/alternative-transportation/mfl-alternate/,2026-01-26 23:51:47,2026-01-27T045147UTC
Market Frankford Line,13th St,Westbound,No access to/from stationNo access to/from Trolley Lines,<ul><li>No access to/from station</li><li>No access to/from Trolley Lines</li></ul>,https://www5.septa.org/about/accessibility/alternative-transportation/mfl-alternate/,2026-01-26 23:51:47,2026-01-27T045147UTC
Market Frankford Line,13th St,Eastbound,No access to/from station,<ul><li>No access to/from station</li></ul>,https://www5.septa.org/about/accessibility/alternative-transportation/mfl-alternate/,2026-01-26 23:51:47,2026-01-27T045147UTC
Market Frankford Line,Millbourne,Eastbound,No access to/from station,<ul><li>No access to/from station</li></ul>,https://www5.septa.org/about/accessibility/alternative-transportation/mfl-alternate/,2026-01-26 23:51:47,2026-01-27T045147UTC
Broad Street Subway / Broad Ridge Spur,North Philadelphia,Southbound,No access to/from southbound platform ,<ul><li>No access to/from southbound platform</li></ul> ,https://www5.septa.org/about/accessibility/alternative-transportation/bsl-alternate/,2026-01-26 23:51:47,2026-01-27T045147UTC
Regional Rail,Chester Transit Center,Inbound,No access to/from inbound platform (To Center City),<ul><li>No access to/from inbound platform (To Center City)</li></ul>,https://www5.septa.org/about/accessibility/alternative-transportation/regional-rail-alternate/,2026-01-26 23:51:47,2026-01-27T045147UTC
Regional Rail,Wilmington,Inbound,No access to/from inbound platform  (service to Center City),<ul><li>No access to/from inbound platform  (service to Center City)</li></ul>,https://www5.septa.org/about/accessibility/alternative-transportation/regional-rail-alternate/,2026-01-26 23:51:47,2026-01-27T045147UTC
Regional Rail,Wilmington,Outbound,No access to/from outbound platform (From Center City),<ul><li>No access to/from outbound platform (From Center City)</li></ul>,https://www5.septa.org/about/accessibility/alternative-transportation/regional-rail-alternate/,2026-01-26 23:51:47,2026-01-27T045147UTC
Market Frankford Line,15th St/City Hall,"Dilworth Park - South End (Street to Concourse)
","No access to/from the concourse on the south end
","<ul><li>No access to/from the concourse on the south end</li></ul>
",https://www5.septa.org/about/accessibility/alternative-transportation/mfl-alternate/,2026-01-26 23:51:47,2026-01-27T045147UTC
Regional Rail,Lansdale,Lansdale Garage #1,"No access to garage parking floors if both elevators out
","<ul><li>No access to garage parking floors if both elevators out</li></ul>
",https://www5.septa.org/about/accessibility/alternative-transportation/regional-rail-alternate/,2026-01-26 23:51:47,2026-01-27T045147UTC
Broad Street Subway / Broad Ridge Spur,Fern Rock Transit Center,Street Level,No access to/from station,<ul><li>No access to/from station</li></ul>,https://www5.septa.org/about/accessibility/alternative-transportation/bsl-alternate/,2026-01-27 01:46:20,2026-01-27T064620UTC
Broad Street Subway / Broad Ridge Spur,Olney Transit Center,Street to Mezzanine,No access to/from station,<ul><li>No access to/from station</li></ul>,https://www5.septa.org/about/accessibility/alternative-transportation/bsl-alternate/,2026-01-27 01:46:20,2026-01-27T064620UTC
Broad Street Subway / Broad Ridge Spur,8th-Market,Street Level,No access to/from station,<ul><li>No access to/from station</li></ul>,https://www5.septa.org/about/accessibility/alternative-transportation/bsl-alternate/,2026-01-27 01:46:20,2026-01-27T064620UTC
Market Frankford Line,Frankford Transit Center,Main Terminal Pratt Street,Use Bridge Street for access to/from platforms,<ul><li>Use Bridge Street for access to/from platforms</li></ul>,https://www5.septa.org/about/accessibility/alternative-transportation/mfl-alternate/,2026-01-27 01:46:20,2026-01-27T064620UTC
Market Frankford Line,Kensington-Allegheny,Eastbound,No access to/from eastbound platform,<ul><li>No access to/from eastbound platform</li></ul>,https://www5.septa.org/about/accessibility/alternative-transportation/mfl-alternate/,2026-01-27 01:46:20,2026-01-27T064620UTC
Market Frankford Line,8th-Market,Westbound,No access to/from station,<ul><li>No access to/from station</li></ul>,https://www5.septa.org/about/accessibility/alternative-transportation/mfl-alternate/,2026-01-27 01:46:20,2026-01-27T064620UTC
Market Frankford Line,13th St,Westbound,No access to/from stationNo access to/from Trolley Lines,<ul><li>No access to/from station</li><li>No access to/from Trolley Lines</li></ul>,https://www5.septa.org/about/accessibility/alternative-transportation/mfl-alternate/,2026-01-27 01:46:20,2026-01-27T064620UTC
Market Frankford Line,13th St,Eastbound,No access to/from station,<ul><li>No access to/from station</li></ul>,https://www5.septa.org/about/accessibility/alternative-transportation/mfl-alternate/,2026-01-27 01:46:20,2026-01-27T064620UTC
Market Frankford Line,Millbourne,Eastbound,No access to/from station,<ul><li>No access to/from station</li></ul>,https://www5.septa.org/about/accessibility/alternative-transportation/mfl-alternate/,2026-01-27 01:46:20,2026-01-27T064620UTC
Broad Street Subway / Broad Ridge Spur,North Philadelphia,Southbound,No access to/from southbound platform ,<ul><li>No access to/from southbound platform</li></ul> ,https://www5.septa.org/about/accessibility/alternative-transportation/bsl-alternate/,2026-01-27 01:46:20,2026-01-27T064620UTC
Regional Rail,Chester Transit Center,Inbound,No access to/from inbound platform (To Center City),<ul><li>No access to/from inbound platform (To Center City)</li></ul>,https://www5.septa.org/about/accessibility/alternative-transportation/regional-rail-alternate/,2026-01-27 01:46:20,2026-01-27T064620UTC
Regional Rail,Wilmington,Inbound,No access to/from inbound platform  (service to Center City),<ul><li>No access to/from inbound platform  (service to Center City)</li></ul>,https://www5.septa.org/about/accessibility/alternative-transportation/regional-rail-alternate/,2026-01-27 01:46:20,2026-01-27T064620UTC
Regional Rail,Wilmington,Outbound,No access to/from outbound platform (From Center City),<ul><li>No access to/from outbound platform (From Center City)</li></ul>,https://www5.septa.org/about/accessibility/alternative-transportation/regional-rail-alternate/,2026-01-27 01:46:20,2026-01-27T064620UTC
Market Frankford Line,15th St/City Hall,"Dilworth Park - South End (Street to Concourse)
","No access to/from the concourse on the south end
","<ul><li>No access to/from the concourse on the south end</li></ul>
",https://www5.septa.org/about/accessibility/alternative-transportation/mfl-alternate/,2026-01-27 01:46:20,2026-01-27T064620UTC
Regional Rail,Lansdale,Lansdale Garage #1,"No access to garage parking floors if both elevators out
","<ul><li>No access to garage parking floors if both elevators out</li></ul>
",https://www5.septa.org/about/accessibility/alternative-transportation/regional-rail-alternate/,2026-01-27 01:46:20,2026-01-27T064620UTC
Broad Street Subway / Broad Ridge Spur,Fern Rock Transit Center,Street Level,No access to/from station,<ul><li>No access to/from station</li></ul>,https://www5.septa.org/about/accessibility/alternative-transportation/bsl-alternate/,2026-01-27 03:41:15,2026-01-27T084115UTC
Broad Street Subway / Broad Ridge Spur,Olney Transit Center,Street to Mezzanine,No access to/from station,<ul><li>No access to/from station</li></ul>,https://www5.septa.org/about/accessibility/alternative-transportation/bsl-alternate/,2026-01-27 03:41:15,2026-01-27T084115UTC
Broad Street Subway / Broad Ridge Spur,8th-Market,Street Level,No access to/from station,<ul><li>No access to/from station</li></ul>,https://www5.septa.org/about/accessibility/alternative-transportation/bsl-alternate/,2026-01-27 03:41:15,2026-01-27T084115UTC
Market Frankford Line,Frankford Transit Center,Main Terminal Pratt Street,Use Bridge Street for access to/from platforms,<ul><li>Use Bridge Street for access to/from platforms</li></ul>,https://www5.septa.org/about/accessibility/alternative-transportation/mfl-alternate/,2026-01-27 03:41:15,2026-01-27T084115UTC
Market Frankford Line,Kensington-Allegheny,Eastbound,No access to/from eastbound platform,<ul><li>No access to/from eastbound platform</li></ul>,https://www5.septa.org/about/accessibility/alternative-transportation/mfl-alternate/,2026-01-27 03:41:15,2026-01-27T084115UTC
Market Frankford Line,8th-Market,Westbound,No access to/from station,<ul><li>No access to/from station</li></ul>,https://www5.septa.org/about/accessibility/alternative-transportation/mfl-alternate/,2026-01-27 03:41:15,2026-01-27T084115UTC
Market Frankford Line,13th St,Westbound,No access to/from stationNo access to/from Trolley Lines,<ul><li>No access to/from station</li><li>No access to/from Trolley Lines</li></ul>,https://www5.septa.org/about/accessibility/alternative-transportation/mfl-alternate/,2026-01-27 03:41:15,2026-01-27T084115UTC
Market Frankford Line,13th St,Eastbound,No access to/from station,<ul><li>No access to/from station</li></ul>,https://www5.septa.org/about/accessibility/alternative-transportation/mfl-alternate/,2026-01-27 03:41:15,2026-01-27T084115UTC
Market Frankford Line,Millbourne,Eastbound,No access to/from station,<ul><li>No access to/from station</li></ul>,https://www5.septa.org/about/accessibility/alternative-transportation/mfl-alternate/,2026-01-27 03:41:15,2026-01-27T084115UTC
Regional Rail,Suburban Station,Concourse to Tracks 1 & 2,No access to/from Tracks 1 & 2,<ul><li>No access to/from Tracks 1 & 2</li></ul>,https://www5.septa.org/about/accessibility/alternative-transportation/regional-rail-alternate/,2026-01-27 03:41:15,2026-01-27T084115UTC
Broad Street Subway / Broad Ridge Spur,North Philadelphia,Southbound,No access to/from southbound platform ,<ul><li>No access to/from southbound platform</li></ul> ,https://www5.septa.org/about/accessibility/alternative-transportation/bsl-alternate/,2026-01-27 03:41:15,2026-01-27T084115UTC
Regional Rail,Chester Transit Center,Inbound,No access to/from inbound platform (To Center City),<ul><li>No access to/from inbound platform (To Center City)</li></ul>,https://www5.septa.org/about/accessibility/alternative-transportation/regional-rail-alternate/,2026-01-27 03:41:15,2026-01-27T084115UTC
Regional Rail,Wilmington,Inbound,No access to/from inbound platform  (service to Center City),<ul><li>No access to/from inbound platform  (service to Center City)</li></ul>,https://www5.septa.org/about/accessibility/alternative-transportation/regional-rail-alternate/,2026-01-27 03:41:15,2026-01-27T084115UTC
Regional Rail,Wilmington,Outbound,No access to/from outbound platform (From Center City),<ul><li>No access to/from outbound platform (From Center City)</li></ul>,https://www5.septa.org/about/accessibility/alternative-transportation/regional-rail-alternate/,2026-01-27 03:41:15,2026-01-27T084115UTC
Market Frankford Line,15th St/City Hall,"Dilworth Park - South End (Street to Concourse)
","No access to/from the concourse on the south end
","<ul><li>No access to/from the concourse on the south end</li></ul>
",https://www5.septa.org/about/accessibility/alternative-transportation/mfl-alternate/,2026-01-27 03:41:15,2026-01-27T084115UTC
Regional Rail,Lansdale,Lansdale Garage #1,"No access to garage parking floors if both elevators out
","<ul><li>No access to garage parking floors if both elevators out</li></ul>
",https://www5.septa.org/about/accessibility/alternative-transportation/regional-rail-alternate/,2026-01-27 03:41:15,2026-01-27T084115UTC
Broad Street Subway / Broad Ridge Spur,Fern Rock Transit Center,Street Level,No access to/from station,<ul><li>No access to/from station</li></ul>,https://www5.septa.org/about/accessibility/alternative-transportation/bsl-alternate/,2026-01-27 05:35:44,2026-01-27T103544UTC
Broad Street Subway / Broad Ridge Spur,Olney Transit Center,Street to Mezzanine,No access to/from station,<ul><li>No access to/from station</li></ul>,https://www5.septa.org/about/accessibility/alternative-transportation/bsl-alternate/,2026-01-27 05:35:44,2026-01-27T103544UTC
Broad Street Subway / Broad Ridge Spur,8th-Market,Street Level,No access to/from station,<ul><li>No access to/from station</li></ul>,https://www5.septa.org/about/accessibility/alternative-transportation/bsl-alternate/,2026-01-27 05:35:44,2026-01-27T103544UTC
Market Frankford Line,Frankford Transit Center,Main Terminal Pratt Street,Use Bridge Street for access to/from platforms,<ul><li>Use Bridge Street for access to/from platforms</li></ul>,https://www5.septa.org/about/accessibility/alternative-transportation/mfl-alternate/,2026-01-27 05:35:44,2026-01-27T103544UTC
Market Frankford Line,Kensington-Allegheny,Eastbound,No access to/from eastbound platform,<ul><li>No access to/from eastbound platform</li></ul>,https://www5.septa.org/about/accessibility/alternative-transportation/mfl-alternate/,2026-01-27 05:35:44,2026-01-27T103544UTC
Market Frankford Line,8th-Market,Westbound,No access to/from station,<ul><li>No access to/from station</li></ul>,https://www5.septa.org/about/accessibility/alternative-transportation/mfl-alternate/,2026-01-27 05:35:44,2026-01-27T103544UTC
Market Frankford Line,13th St,Westbound,No access to/from stationNo access to/from Trolley Lines,<ul><li>No access to/from station</li><li>No access to/from Trolley Lines</li></ul>,https://www5.septa.org/about/accessibility/alternative-transportation/mfl-alternate/,2026-01-27 05:35:44,2026-01-27T103544UTC
Market Frankford Line,13th St,Eastbound,No access to/from station,<ul><li>No access to/from station</li></ul>,https://www5.septa.org/about/accessibility/alternative-transportation/mfl-alternate/,2026-01-27 05:35:44,2026-01-27T103544UTC
Market Frankford Line,Millbourne,Eastbound,No access to/from station,<ul><li>No access to/from station</li></ul>,https://www5.septa.org/about/accessibility/alternative-transportation/mfl-alternate/,2026-01-27 05:35:44,2026-01-27T103544UTC
Regional Rail,Suburban Station,Concourse to<br />Tracks 1 &amp; 2,No access to/from Tracks 1 & 2,<ul><li>No access to/from Tracks 1 & 2</li></ul>,https://www5.septa.org/about/accessibility/alternative-transportation/regional-rail-alternate/,2026-01-27 05:35:44,2026-01-27T103544UTC
Regional Rail,Suburban Station,Concourse to<br />Tracks 3 &amp; 4,No access to/from Tracks 3 & 4,<ul><li>No access to/from Tracks 3 & 4</li></ul>,https://www5.septa.org/about/accessibility/alternative-transportation/regional-rail-alternate/,2026-01-27 05:35:44,2026-01-27T103544UTC
Broad Street Subway / Broad Ridge Spur,North Philadelphia,Southbound,No access to/from southbound platform ,<ul><li>No access to/from southbound platform</li></ul> ,https://www5.septa.org/about/accessibility/alternative-transportation/bsl-alternate/,2026-01-27 05:35:44,2026-01-27T103544UTC
Regional Rail,Chester Transit Center,Inbound,No access to/from inbound platform (To Center City),<ul><li>No access to/from inbound platform (To Center City)</li></ul>,https://www5.septa.org/about/accessibility/alternative-transportation/regional-rail-alternate/,2026-01-27 05:35:44,2026-01-27T103544UTC
Regional Rail,Wilmington,Inbound,No access to/from inbound platform  (service to Center City),<ul><li>No access to/from inbound platform  (service to Center City)</li></ul>,https://www5.septa.org/about/accessibility/alternative-transportation/regional-rail-alternate/,2026-01-27 05:35:44,2026-01-27T103544UTC
Regional Rail,Wilmington,Outbound,No access to/from outbound platform (From Center City),<ul><li>No access to/from outbound platform (From Center City)</li></ul>,https://www5.septa.org/about/accessibility/alternative-transportation/regional-rail-alternate/,2026-01-27 05:35:44,2026-01-27T103544UTC
Market Frankford Line,15th St/City Hall,"Dilworth Park - South End (Street to Concourse)
","No access to/from the concourse on the south end
","<ul><li>No access to/from the concourse on the south end</li></ul>
",https://www5.septa.org/about/accessibility/alternative-transportation/mfl-alternate/,2026-01-27 05:35:44,2026-01-27T103544UTC
Regional Rail,Lansdale,Lansdale Garage #1,"No access to garage parking floors if both elevators out
","<ul><li>No access to garage parking floors if both elevators out</li></ul>
",https://www5.septa.org/about/accessibility/alternative-transportation/regional-rail-alternate/,2026-01-27 05:35:44,2026-01-27T103544UTC
Broad Street Subway / Broad Ridge Spur,Fern Rock Transit Center,Street Level,No access to/from station,<ul><li>No access to/from station</li></ul>,https://www5.septa.org/about/accessibility/alternative-transportation/bsl-alternate/,2026-01-27 08:04:44,2026-01-27T130444UTC
Broad Street Subway / Broad Ridge Spur,Olney Transit Center,Street to Mezzanine,No access to/from station,<ul><li>No access to/from station</li></ul>,https://www5.septa.org/about/accessibility/alternative-transportation/bsl-alternate/,2026-01-27 08:04:44,2026-01-27T130444UTC
Broad Street Subway / Broad Ridge Spur,8th-Market,Street Level,No access to/from station,<ul><li>No access to/from station</li></ul>,https://www5.septa.org/about/accessibility/alternative-transportation/bsl-alternate/,2026-01-27 08:04:44,2026-01-27T130444UTC
Market Frankford Line,Frankford Transit Center,Main Terminal Pratt Street,Use Bridge Street for access to/from platforms,<ul><li>Use Bridge Street for access to/from platforms</li></ul>,https://www5.septa.org/about/accessibility/alternative-transportation/mfl-alternate/,2026-01-27 08:04:44,2026-01-27T130444UTC
Market Frankford Line,Kensington-Allegheny,Eastbound,No access to/from eastbound platform,<ul><li>No access to/from eastbound platform</li></ul>,https://www5.septa.org/about/accessibility/alternative-transportation/mfl-alternate/,2026-01-27 08:04:44,2026-01-27T130444UTC
Market Frankford Line,8th-Market,Westbound,No access to/from station,<ul><li>No access to/from station</li></ul>,https://www5.septa.org/about/accessibility/alternative-transportation/mfl-alternate/,2026-01-27 08:04:44,2026-01-27T130444UTC
Market Frankford Line,13th St,Westbound,No access to/from stationNo access to/from Trolley Lines,<ul><li>No access to/from station</li><li>No access to/from Trolley Lines</li></ul>,https://www5.septa.org/about/accessibility/alternative-transportation/mfl-alternate/,2026-01-27 08:04:44,2026-01-27T130444UTC
Market Frankford Line,13th St,Eastbound,No access to/from station,<ul><li>No access to/from station</li></ul>,https://www5.septa.org/about/accessibility/alternative-transportation/mfl-alternate/,2026-01-27 08:04:44,2026-01-27T130444UTC
Market Frankford Line,Millbourne,Eastbound,No access to/from station,<ul><li>No access to/from station</li></ul>,https://www5.septa.org/about/accessibility/alternative-transportation/mfl-alternate/,2026-01-27 08:04:44,2026-01-27T130444UTC
Broad Street Subway / Broad Ridge Spur,North Philadelphia,Southbound,No access to/from southbound platform ,<ul><li>No access to/from southbound platform</li></ul> ,https://www5.septa.org/about/accessibility/alternative-transportation/bsl-alternate/,2026-01-27 08:04:44,2026-01-27T130444UTC
Regional Rail,Chester Transit Center,Inbound,No access to/from inbound platform (To Center City),<ul><li>No access to/from inbound platform (To Center City)</li></ul>,https://www5.septa.org/about/accessibility/alternative-transportation/regional-rail-alternate/,2026-01-27 08:04:44,2026-01-27T130444UTC
Regional Rail,Wilmington,Inbound,No access to/from inbound platform  (service to Center City),<ul><li>No access to/from inbound platform  (service to Center City)</li></ul>,https://www5.septa.org/about/accessibility/alternative-transportation/regional-rail-alternate/,2026-01-27 08:04:44,2026-01-27T130444UTC
Regional Rail,Wilmington,Outbound,No access to/from outbound platform (From Center City),<ul><li>No access to/from outbound platform (From Center City)</li></ul>,https://www5.septa.org/about/accessibility/alternative-transportation/regional-rail-alternate/,2026-01-27 08:04:44,2026-01-27T130444UTC
Market Frankford Line,15th St/City Hall,"Dilworth Park - South End (Street to Concourse)
","No access to/from the concourse on the south end
","<ul><li>No access to/from the concourse on the south end</li></ul>
",https://www5.septa.org/about/accessibility/alternative-transportation/mfl-alternate/,2026-01-27 08:04:44,2026-01-27T130444UTC
Regional Rail,Lansdale,Lansdale Garage #1,"No access to garage parking floors if both elevators out
","<ul><li>No access to garage parking floors if both elevators out</li></ul>
",https://www5.septa.org/about/accessibility/alternative-transportation/regional-rail-alternate/,2026-01-27 08:04:44,2026-01-27T130444UTC
Broad Street Subway / Broad Ridge Spur,Fern Rock Transit Center,Street Level,No access to/from station,<ul><li>No access to/from station</li></ul>,https://www5.septa.org/about/accessibility/alternative-transportation/bsl-alternate/,2026-01-27 09:37:14,2026-01-27T143714UTC
Broad Street Subway / Broad Ridge Spur,Olney Transit Center,Street to Mezzanine,No access to/from station,<ul><li>No access to/from station</li></ul>,https://www5.septa.org/about/accessibility/alternative-transportation/bsl-alternate/,2026-01-27 09:37:14,2026-01-27T143714UTC
Broad Street Subway / Broad Ridge Spur,8th-Market,Street Level,No access to/from station,<ul><li>No access to/from station</li></ul>,https://www5.septa.org/about/accessibility/alternative-transportation/bsl-alternate/,2026-01-27 09:37:14,2026-01-27T143714UTC
Market Frankford Line,Frankford Transit Center,Main Terminal Pratt Street,Use Bridge Street for access to/from platforms,<ul><li>Use Bridge Street for access to/from platforms</li></ul>,https://www5.septa.org/about/accessibility/alternative-transportation/mfl-alternate/,2026-01-27 09:37:14,2026-01-27T143714UTC
Market Frankford Line,Kensington-Allegheny,Eastbound,No access to/from eastbound platform,<ul><li>No access to/from eastbound platform</li></ul>,https://www5.septa.org/about/accessibility/alternative-transportation/mfl-alternate/,2026-01-27 09:37:14,2026-01-27T143714UTC
Market Frankford Line,Somerset,Westbound ,No access to/from station,<ul><li>No access to/from station</li></ul>,https://www5.septa.org/about/accessibility/alternative-transportation/mfl-alternate/,2026-01-27 09:37:14,2026-01-27T143714UTC
Market Frankford Line,8th-Market,Westbound,No access to/from station,<ul><li>No access to/from station</li></ul>,https://www5.septa.org/about/accessibility/alternative-transportation/mfl-alternate/,2026-01-27 09:37:14,2026-01-27T143714UTC
Market Frankford Line,13th St,Westbound,No access to/from stationNo access to/from Trolley Lines,<ul><li>No access to/from station</li><li>No access to/from Trolley Lines</li></ul>,https://www5.septa.org/about/accessibility/alternative-transportation/mfl-alternate/,2026-01-27 09:37:14,2026-01-27T143714UTC
Market Frankford Line,13th St,Eastbound,No access to/from station,<ul><li>No access to/from station</li></ul>,https://www5.septa.org/about/accessibility/alternative-transportation/mfl-alternate/,2026-01-27 09:37:14,2026-01-27T143714UTC
Market Frankford Line,Millbourne,Eastbound,No access to/from station,<ul><li>No access to/from station</li></ul>,https://www5.septa.org/about/accessibility/alternative-transportation/mfl-alternate/,2026-01-27 09:37:14,2026-01-27T143714UTC
Broad Street Subway / Broad Ridge Spur,North Philadelphia,Southbound,No access to/from southbound platform ,<ul><li>No access to/from southbound platform</li></ul> ,https://www5.septa.org/about/accessibility/alternative-transportation/bsl-alternate/,2026-01-27 09:37:14,2026-01-27T143714UTC
Regional Rail,Chester Transit Center,Inbound,No access to/from inbound platform (To Center City),<ul><li>No access to/from inbound platform (To Center City)</li></ul>,https://www5.septa.org/about/accessibility/alternative-transportation/regional-rail-alternate/,2026-01-27 09:37:14,2026-01-27T143714UTC
Regional Rail,Wilmington,Inbound,No access to/from inbound platform  (service to Center City),<ul><li>No access to/from inbound platform  (service to Center City)</li></ul>,https://www5.septa.org/about/accessibility/alternative-transportation/regional-rail-alternate/,2026-01-27 09:37:14,2026-01-27T143714UTC
Regional Rail,Wilmington,Outbound,No access to/from outbound platform (From Center City),<ul><li>No access to/from outbound platform (From Center City)</li></ul>,https://www5.septa.org/about/accessibility/alternative-transportation/regional-rail-alternate/,2026-01-27 09:37:14,2026-01-27T143714UTC
Market Frankford Line,15th St/City Hall,"Dilworth Park - South End (Street to Concourse)
","No access to/from the concourse on the south end
","<ul><li>No access to/from the concourse on the south end</li></ul>
",https://www5.septa.org/about/accessibility/alternative-transportation/mfl-alternate/,2026-01-27 09:37:14,2026-01-27T143714UTC
Regional Rail,Lansdale,Lansdale Garage #1,"No access to garage parking floors if both elevators out
","<ul><li>No access to garage parking floors if both elevators out</li></ul>
",https://www5.septa.org/about/accessibility/alternative-transportation/regional-rail-alternate/,2026-01-27 09:37:14,2026-01-27T143714UTC
Broad Street Subway / Broad Ridge Spur,Fern Rock Transit Center,Street Level,No access to/from station,<ul><li>No access to/from station</li></ul>,https://www5.septa.org/about/accessibility/alternative-transportation/bsl-alternate/,2026-01-27 11:38:04,2026-01-27T163804UTC
Broad Street Subway / Broad Ridge Spur,Olney Transit Center,Street to Mezzanine,No access to/from station,<ul><li>No access to/from station</li></ul>,https://www5.septa.org/about/accessibility/alternative-transportation/bsl-alternate/,2026-01-27 11:38:04,2026-01-27T163804UTC
Broad Street Subway / Broad Ridge Spur,Walnut-Locust,Street to Concourse,No access to/from station,<ul><li>No access to/from station</li></ul>,https://www5.septa.org/about/accessibility/alternative-transportation/bsl-alternate/,2026-01-27 11:38:04,2026-01-27T163804UTC
Broad Street Subway / Broad Ridge Spur,8th-Market,Street Level,No access to/from station,<ul><li>No access to/from station</li></ul>,https://www5.septa.org/about/accessibility/alternative-transportation/bsl-alternate/,2026-01-27 11:38:04,2026-01-27T163804UTC
Market Frankford Line,Frankford Transit Center,Main Terminal Pratt Street,Use Bridge Street for access to/from platforms,<ul><li>Use Bridge Street for access to/from platforms</li></ul>,https://www5.septa.org/about/accessibility/alternative-transportation/mfl-alternate/,2026-01-27 11:38:04,2026-01-27T163804UTC
Market Frankford Line,Kensington-Allegheny,Eastbound,No access to/from eastbound platform,<ul><li>No access to/from eastbound platform</li></ul>,https://www5.septa.org/about/accessibility/alternative-transportation/mfl-alternate/,2026-01-27 11:38:04,2026-01-27T163804UTC
Market Frankford Line,Somerset,Westbound ,No access to/from station,<ul><li>No access to/from station</li></ul>,https://www5.septa.org/about/accessibility/alternative-transportation/mfl-alternate/,2026-01-27 11:38:04,2026-01-27T163804UTC
Market Frankford Line,8th-Market,Westbound,No access to/from station,<ul><li>No access to/from station</li></ul>,https://www5.septa.org/about/accessibility/alternative-transportation/mfl-alternate/,2026-01-27 11:38:04,2026-01-27T163804UTC
Market Frankford Line,13th St,Westbound,No access to/from stationNo access to/from Trolley Lines,<ul><li>No access to/from station</li><li>No access to/from Trolley Lines</li></ul>,https://www5.septa.org/about/accessibility/alternative-transportation/mfl-alternate/,2026-01-27 11:38:04,2026-01-27T163804UTC
Market Frankford Line,13th St,Eastbound,No access to/from station,<ul><li>No access to/from station</li></ul>,https://www5.septa.org/about/accessibility/alternative-transportation/mfl-alternate/,2026-01-27 11:38:04,2026-01-27T163804UTC
Market Frankford Line,Millbourne,Eastbound,No access to/from station,<ul><li>No access to/from station</li></ul>,https://www5.septa.org/about/accessibility/alternative-transportation/mfl-alternate/,2026-01-27 11:38:04,2026-01-27T163804UTC
Broad Street Subway / Broad Ridge Spur,North Philadelphia,Southbound,No access to/from southbound platform ,<ul><li>No access to/from southbound platform</li></ul> ,https://www5.septa.org/about/accessibility/alternative-transportation/bsl-alternate/,2026-01-27 11:38:04,2026-01-27T163804UTC
Regional Rail,Chester Transit Center,Inbound,No access to/from inbound platform (To Center City),<ul><li>No access to/from inbound platform (To Center City)</li></ul>,https://www5.septa.org/about/accessibility/alternative-transportation/regional-rail-alternate/,2026-01-27 11:38:04,2026-01-27T163804UTC
Regional Rail,Wilmington,Inbound,No access to/from inbound platform  (service to Center City),<ul><li>No access to/from inbound platform  (service to Center City)</li></ul>,https://www5.septa.org/about/accessibility/alternative-transportation/regional-rail-alternate/,2026-01-27 11:38:04,2026-01-27T163804UTC
Regional Rail,Wilmington,Outbound,No access to/from outbound platform (From Center City),<ul><li>No access to/from outbound platform (From Center City)</li></ul>,https://www5.septa.org/about/accessibility/alternative-transportation/regional-rail-alternate/,2026-01-27 11:38:04,2026-01-27T163804UTC
Market Frankford Line,15th St/City Hall,"Dilworth Park - South End (Street to Concourse)
","No access to/from the concourse on the south end
","<ul><li>No access to/from the concourse on the south end</li></ul>
",https://www5.septa.org/about/accessibility/alternative-transportation/mfl-alternate/,2026-01-27 11:38:04,2026-01-27T163804UTC
Regional Rail,Lansdale,Lansdale Garage #1,"No access to garage parking floors if both elevators out
","<ul><li>No access to garage parking floors if both elevators out</li></ul>
",https://www5.septa.org/about/accessibility/alternative-transportation/regional-rail-alternate/,2026-01-27 11:38:04,2026-01-27T163804UTC
Broad Street Subway / Broad Ridge Spur,Fern Rock Transit Center,Street Level,No access to/from station,<ul><li>No access to/from station</li></ul>,https://www5.septa.org/about/accessibility/alternative-transportation/bsl-alternate/,2026-01-27 13:50:05,2026-01-27T185005UTC
Broad Street Subway / Broad Ridge Spur,Olney Transit Center,Street to Mezzanine,No access to/from station,<ul><li>No access to/from station</li></ul>,https://www5.septa.org/about/accessibility/alternative-transportation/bsl-alternate/,2026-01-27 13:50:05,2026-01-27T185005UTC
Broad Street Subway / Broad Ridge Spur,Walnut-Locust,Street to Concourse,No access to/from station,<ul><li>No access to/from station</li></ul>,https://www5.septa.org/about/accessibility/alternative-transportation/bsl-alternate/,2026-01-27 13:50:05,2026-01-27T185005UTC
Broad Street Subway / Broad Ridge Spur,8th-Market,Street Level,No access to/from station,<ul><li>No access to/from station</li></ul>,https://www5.septa.org/about/accessibility/alternative-transportation/bsl-alternate/,2026-01-27 13:50:05,2026-01-27T185005UTC
Market Frankford Line,Frankford Transit Center,Main Terminal Pratt Street,Use Bridge Street for access to/from platforms,<ul><li>Use Bridge Street for access to/from platforms</li></ul>,https://www5.septa.org/about/accessibility/alternative-transportation/mfl-alternate/,2026-01-27 13:50:05,2026-01-27T185005UTC
Market Frankford Line,Kensington-Allegheny,Eastbound,No access to/from eastbound platform,<ul><li>No access to/from eastbound platform</li></ul>,https://www5.septa.org/about/accessibility/alternative-transportation/mfl-alternate/,2026-01-27 13:50:05,2026-01-27T185005UTC
Market Frankford Line,Somerset,Westbound ,No access to/from station,<ul><li>No access to/from station</li></ul>,https://www5.septa.org/about/accessibility/alternative-transportation/mfl-alternate/,2026-01-27 13:50:05,2026-01-27T185005UTC
Market Frankford Line,8th-Market,Westbound,No access to/from station,<ul><li>No access to/from station</li></ul>,https://www5.septa.org/about/accessibility/alternative-transportation/mfl-alternate/,2026-01-27 13:50:05,2026-01-27T185005UTC
Market Frankford Line,13th St,Westbound,No access to/from stationNo access to/from Trolley Lines,<ul><li>No access to/from station</li><li>No access to/from Trolley Lines</li></ul>,https://www5.septa.org/about/accessibility/alternative-transportation/mfl-alternate/,2026-01-27 13:50:05,2026-01-27T185005UTC
Market Frankford Line,13th St,Eastbound,No access to/from station,<ul><li>No access to/from station</li></ul>,https://www5.septa.org/about/accessibility/alternative-transportation/mfl-alternate/,2026-01-27 13:50:05,2026-01-27T185005UTC
Market Frankford Line,Millbourne,Eastbound,No access to/from station,<ul><li>No access to/from station</li></ul>,https://www5.septa.org/about/accessibility/alternative-transportation/mfl-alternate/,2026-01-27 13:50:05,2026-01-27T185005UTC
Broad Street Subway / Broad Ridge Spur,North Philadelphia,Southbound,No access to/from southbound platform ,<ul><li>No access to/from southbound platform</li></ul> ,https://www5.septa.org/about/accessibility/alternative-transportation/bsl-alternate/,2026-01-27 13:50:05,2026-01-27T185005UTC
Regional Rail,Wayne Junction,Outbound,No access to/from outbound platform (From Center City),<ul><li>No access to/from outbound platform (From Center City)</li></ul>,https://www5.septa.org/about/accessibility/alternative-transportation/regional-rail-alternate/,2026-01-27 13:50:05,2026-01-27T185005UTC
Regional Rail,Chester Transit Center,Inbound,No access to/from inbound platform (To Center City),<ul><li>No access to/from inbound platform (To Center City)</li></ul>,https://www5.septa.org/about/accessibility/alternative-transportation/regional-rail-alternate/,2026-01-27 13:50:05,2026-01-27T185005UTC
Regional Rail,Wilmington,Inbound,No access to/from inbound platform  (service to Center City),<ul><li>No access to/from inbound platform  (service to Center City)</li></ul>,https://www5.septa.org/about/accessibility/alternative-transportation/regional-rail-alternate/,2026-01-27 13:50:05,2026-01-27T185005UTC
Regional Rail,Wilmington,Outbound,No access to/from outbound platform (From Center City),<ul><li>No access to/from outbound platform (From Center City)</li></ul>,https://www5.septa.org/about/accessibility/alternative-transportation/regional-rail-alternate/,2026-01-27 13:50:05,2026-01-27T185005UTC
Market Frankford Line,15th St/City Hall,"Dilworth Park - South End (Street to Concourse)
","No access to/from the concourse on the south end
","<ul><li>No access to/from the concourse on the south end</li></ul>
",https://www5.septa.org/about/accessibility/alternative-transportation/mfl-alternate/,2026-01-27 13:50:05,2026-01-27T185005UTC
Regional Rail,Lansdale,Lansdale Garage #1,"No access to garage parking floors if both elevators out
","<ul><li>No access to garage parking floors if both elevators out</li></ul>
",https://www5.septa.org/about/accessibility/alternative-transportation/regional-rail-alternate/,2026-01-27 13:50:05,2026-01-27T185005UTC
Broad Street Subway / Broad Ridge Spur,Fern Rock Transit Center,Street Level,No access to/from station,<ul><li>No access to/from station</li></ul>,https://www5.septa.org/about/accessibility/alternative-transportation/bsl-alternate/,2026-01-27 15:33:48,2026-01-27T203348UTC
Broad Street Subway / Broad Ridge Spur,Olney Transit Center,Street to Mezzanine,No access to/from station,<ul><li>No access to/from station</li></ul>,https://www5.septa.org/about/accessibility/alternative-transportation/bsl-alternate/,2026-01-27 15:33:48,2026-01-27T203348UTC
Broad Street Subway / Broad Ridge Spur,Walnut-Locust,Street to Concourse,No access to/from station,<ul><li>No access to/from station</li></ul>,https://www5.septa.org/about/accessibility/alternative-transportation/bsl-alternate/,2026-01-27 15:33:48,2026-01-27T203348UTC
Broad Street Subway / Broad Ridge Spur,8th-Market,Street Level,No access to/from station,<ul><li>No access to/from station</li></ul>,https://www5.septa.org/about/accessibility/alternative-transportation/bsl-alternate/,2026-01-27 15:33:48,2026-01-27T203348UTC
Market Frankford Line,Frankford Transit Center,Main Terminal Pratt Street,Use Bridge Street for access to/from platforms,<ul><li>Use Bridge Street for access to/from platforms</li></ul>,https://www5.septa.org/about/accessibility/alternative-transportation/mfl-alternate/,2026-01-27 15:33:48,2026-01-27T203348UTC
Market Frankford Line,Kensington-Allegheny,Eastbound,No access to/from eastbound platform,<ul><li>No access to/from eastbound platform</li></ul>,https://www5.septa.org/about/accessibility/alternative-transportation/mfl-alternate/,2026-01-27 15:33:48,2026-01-27T203348UTC
Market Frankford Line,Somerset,Westbound ,No access to/from station,<ul><li>No access to/from station</li></ul>,https://www5.septa.org/about/accessibility/alternative-transportation/mfl-alternate/,2026-01-27 15:33:48,2026-01-27T203348UTC
Market Frankford Line,8th-Market,Westbound,No access to/from station,<ul><li>No access to/from station</li></ul>,https://www5.septa.org/about/accessibility/alternative-transportation/mfl-alternate/,2026-01-27 15:33:48,2026-01-27T203348UTC
Market Frankford Line,13th St,Westbound,No access to/from stationNo access to/from Trolley Lines,<ul><li>No access to/from station</li><li>No access to/from Trolley Lines</li></ul>,https://www5.septa.org/about/accessibility/alternative-transportation/mfl-alternate/,2026-01-27 15:33:48,2026-01-27T203348UTC
Market Frankford Line,13th St,Eastbound,No access to/from station,<ul><li>No access to/from station</li></ul>,https://www5.septa.org/about/accessibility/alternative-transportation/mfl-alternate/,2026-01-27 15:33:48,2026-01-27T203348UTC
Market Frankford Line,Millbourne,Eastbound,No access to/from station,<ul><li>No access to/from station</li></ul>,https://www5.septa.org/about/accessibility/alternative-transportation/mfl-alternate/,2026-01-27 15:33:48,2026-01-27T203348UTC
Broad Street Subway / Broad Ridge Spur,North Philadelphia,Southbound,No access to/from southbound platform ,<ul><li>No access to/from southbound platform</li></ul> ,https://www5.septa.org/about/accessibility/alternative-transportation/bsl-alternate/,2026-01-27 15:33:48,2026-01-27T203348UTC
Regional Rail,Wayne Junction,Outbound,No access to/from outbound platform (From Center City),<ul><li>No access to/from outbound platform (From Center City)</li></ul>,https://www5.septa.org/about/accessibility/alternative-transportation/regional-rail-alternate/,2026-01-27 15:33:48,2026-01-27T203348UTC
Regional Rail,Chester Transit Center,Inbound,No access to/from inbound platform (To Center City),<ul><li>No access to/from inbound platform (To Center City)</li></ul>,https://www5.septa.org/about/accessibility/alternative-transportation/regional-rail-alternate/,2026-01-27 15:33:48,2026-01-27T203348UTC
Regional Rail,Wilmington,Inbound,No access to/from inbound platform  (service to Center City),<ul><li>No access to/from inbound platform  (service to Center City)</li></ul>,https://www5.septa.org/about/accessibility/alternative-transportation/regional-rail-alternate/,2026-01-27 15:33:48,2026-01-27T203348UTC
Regional Rail,Wilmington,Outbound,No access to/from outbound platform (From Center City),<ul><li>No access to/from outbound platform (From Center City)</li></ul>,https://www5.septa.org/about/accessibility/alternative-transportation/regional-rail-alternate/,2026-01-27 15:33:48,2026-01-27T203348UTC
Market Frankford Line,15th St/City Hall,"Dilworth Park - South End (Street to Concourse)
","No access to/from the concourse on the south end
","<ul><li>No access to/from the concourse on the south end</li></ul>
",https://www5.septa.org/about/accessibility/alternative-transportation/mfl-alternate/,2026-01-27 15:33:48,2026-01-27T203348UTC
Regional Rail,Lansdale,Lansdale Garage #1,"No access to garage parking floors if both elevators out
","<ul><li>No access to garage parking floors if both elevators out</li></ul>
",https://www5.septa.org/about/accessibility/alternative-transportation/regional-rail-alternate/,2026-01-27 15:33:48,2026-01-27T203348UTC
Broad Street Subway / Broad Ridge Spur,Fern Rock Transit Center,Street Level,No access to/from station,<ul><li>No access to/from station</li></ul>,https://www5.septa.org/about/accessibility/alternative-transportation/bsl-alternate/,2026-01-27 17:28:46,2026-01-27T222846UTC
Broad Street Subway / Broad Ridge Spur,Olney Transit Center,Street to Mezzanine,No access to/from station,<ul><li>No access to/from station</li></ul>,https://www5.septa.org/about/accessibility/alternative-transportation/bsl-alternate/,2026-01-27 17:28:46,2026-01-27T222846UTC
Broad Street Subway / Broad Ridge Spur,Walnut-Locust,Street to Concourse,No access to/from station,<ul><li>No access to/from station</li></ul>,https://www5.septa.org/about/accessibility/alternative-transportation/bsl-alternate/,2026-01-27 17:28:46,2026-01-27T222846UTC
Broad Street Subway / Broad Ridge Spur,8th-Market,Street Level,No access to/from station,<ul><li>No access to/from station</li></ul>,https://www5.septa.org/about/accessibility/alternative-transportation/bsl-alternate/,2026-01-27 17:28:46,2026-01-27T222846UTC
Market Frankford Line,Frankford Transit Center,Main Terminal Pratt Street,Use Bridge Street for access to/from platforms,<ul><li>Use Bridge Street for access to/from platforms</li></ul>,https://www5.septa.org/about/accessibility/alternative-transportation/mfl-alternate/,2026-01-27 17:28:46,2026-01-27T222846UTC
Market Frankford Line,Kensington-Allegheny,Eastbound,No access to/from eastbound platform,<ul><li>No access to/from eastbound platform</li></ul>,https://www5.septa.org/about/accessibility/alternative-transportation/mfl-alternate/,2026-01-27 17:28:46,2026-01-27T222846UTC
Market Frankford Line,Somerset,Westbound ,No access to/from station,<ul><li>No access to/from station</li></ul>,https://www5.septa.org/about/accessibility/alternative-transportation/mfl-alternate/,2026-01-27 17:28:46,2026-01-27T222846UTC
Market Frankford Line,8th-Market,Westbound,No access to/from station,<ul><li>No access to/from station</li></ul>,https://www5.septa.org/about/accessibility/alternative-transportation/mfl-alternate/,2026-01-27 17:28:46,2026-01-27T222846UTC
Market Frankford Line,13th St,Westbound,No access to/from stationNo access to/from Trolley Lines,<ul><li>No access to/from station</li><li>No access to/from Trolley Lines</li></ul>,https://www5.septa.org/about/accessibility/alternative-transportation/mfl-alternate/,2026-01-27 17:28:46,2026-01-27T222846UTC
Market Frankford Line,13th St,Eastbound,No access to/from station,<ul><li>No access to/from station</li></ul>,https://www5.septa.org/about/accessibility/alternative-transportation/mfl-alternate/,2026-01-27 17:28:46,2026-01-27T222846UTC
Market Frankford Line,Millbourne,Eastbound,No access to/from station,<ul><li>No access to/from station</li></ul>,https://www5.septa.org/about/accessibility/alternative-transportation/mfl-alternate/,2026-01-27 17:28:46,2026-01-27T222846UTC
Broad Street Subway / Broad Ridge Spur,North Philadelphia,Southbound,No access to/from southbound platform ,<ul><li>No access to/from southbound platform</li></ul> ,https://www5.septa.org/about/accessibility/alternative-transportation/bsl-alternate/,2026-01-27 17:28:46,2026-01-27T222846UTC
Regional Rail,Wayne Junction,Outbound,No access to/from outbound platform (From Center City),<ul><li>No access to/from outbound platform (From Center City)</li></ul>,https://www5.septa.org/about/accessibility/alternative-transportation/regional-rail-alternate/,2026-01-27 17:28:46,2026-01-27T222846UTC
Regional Rail,Chester Transit Center,Inbound,No access to/from inbound platform (To Center City),<ul><li>No access to/from inbound platform (To Center City)</li></ul>,https://www5.septa.org/about/accessibility/alternative-transportation/regional-rail-alternate/,2026-01-27 17:28:46,2026-01-27T222846UTC
Regional Rail,Wilmington,Inbound,No access to/from inbound platform  (service to Center City),<ul><li>No access to/from inbound platform  (service to Center City)</li></ul>,https://www5.septa.org/about/accessibility/alternative-transportation/regional-rail-alternate/,2026-01-27 17:28:46,2026-01-27T222846UTC
Regional Rail,Wilmington,Outbound,No access to/from outbound platform (From Center City),<ul><li>No access to/from outbound platform (From Center City)</li></ul>,https://www5.septa.org/about/accessibility/alternative-transportation/regional-rail-alternate/,2026-01-27 17:28:46,2026-01-27T222846UTC
Market Frankford Line,15th St/City Hall,"Dilworth Park - South End (Street to Concourse)
","No access to/from the concourse on the south end
","<ul><li>No access to/from the concourse on the south end</li></ul>
",https://www5.septa.org/about/accessibility/alternative-transportation/mfl-alternate/,2026-01-27 17:28:46,2026-01-27T222846UTC
Regional Rail,Lansdale,Lansdale Garage #1,"No access to garage parking floors if both elevators out
","<ul><li>No access to garage parking floors if both elevators out</li></ul>
",https://www5.septa.org/about/accessibility/alternative-transportation/regional-rail-alternate/,2026-01-27 17:28:46,2026-01-27T222846UTC
Broad Street Subway / Broad Ridge Spur,Fern Rock Transit Center,Street Level,No access to/from station,<ul><li>No access to/from station</li></ul>,https://www5.septa.org/about/accessibility/alternative-transportation/bsl-alternate/,2026-01-27 21:19:59,2026-01-28T021959UTC
Broad Street Subway / Broad Ridge Spur,Olney Transit Center,Street to Mezzanine,No access to/from station,<ul><li>No access to/from station</li></ul>,https://www5.septa.org/about/accessibility/alternative-transportation/bsl-alternate/,2026-01-27 21:19:59,2026-01-28T021959UTC
Broad Street Subway / Broad Ridge Spur,Walnut-Locust,Street to Concourse,No access to/from station,<ul><li>No access to/from station</li></ul>,https://www5.septa.org/about/accessibility/alternative-transportation/bsl-alternate/,2026-01-27 21:19:59,2026-01-28T021959UTC
Broad Street Subway / Broad Ridge Spur,8th-Market,Street Level,No access to/from station,<ul><li>No access to/from station</li></ul>,https://www5.septa.org/about/accessibility/alternative-transportation/bsl-alternate/,2026-01-27 21:19:59,2026-01-28T021959UTC
Market Frankford Line,Frankford Transit Center,Main Terminal Pratt Street,Use Bridge Street for access to/from platforms,<ul><li>Use Bridge Street for access to/from platforms</li></ul>,https://www5.septa.org/about/accessibility/alternative-transportation/mfl-alternate/,2026-01-27 21:19:59,2026-01-28T021959UTC
Market Frankford Line,Kensington-Allegheny,Eastbound,No access to/from eastbound platform,<ul><li>No access to/from eastbound platform</li></ul>,https://www5.septa.org/about/accessibility/alternative-transportation/mfl-alternate/,2026-01-27 21:19:59,2026-01-28T021959UTC
Market Frankford Line,Somerset,Westbound ,No access to/from station,<ul><li>No access to/from station</li></ul>,https://www5.septa.org/about/accessibility/alternative-transportation/mfl-alternate/,2026-01-27 21:19:59,2026-01-28T021959UTC
Market Frankford Line,8th-Market,Westbound,No access to/from station,<ul><li>No access to/from station</li></ul>,https://www5.septa.org/about/accessibility/alternative-transportation/mfl-alternate/,2026-01-27 21:19:59,2026-01-28T021959UTC
Market Frankford Line,13th St,Westbound,No access to/from stationNo access to/from Trolley Lines,<ul><li>No access to/from station</li><li>No access to/from Trolley Lines</li></ul>,https://www5.septa.org/about/accessibility/alternative-transportation/mfl-alternate/,2026-01-27 21:19:59,2026-01-28T021959UTC
Market Frankford Line,13th St,Eastbound,No access to/from station,<ul><li>No access to/from station</li></ul>,https://www5.septa.org/about/accessibility/alternative-transportation/mfl-alternate/,2026-01-27 21:19:59,2026-01-28T021959UTC
Market Frankford Line,Millbourne,Eastbound,No access to/from station,<ul><li>No access to/from station</li></ul>,https://www5.septa.org/about/accessibility/alternative-transportation/mfl-alternate/,2026-01-27 21:19:59,2026-01-28T021959UTC
Broad Street Subway / Broad Ridge Spur,North Philadelphia,Southbound,No access to/from southbound platform ,<ul><li>No access to/from southbound platform</li></ul> ,https://www5.septa.org/about/accessibility/alternative-transportation/bsl-alternate/,2026-01-27 21:19:59,2026-01-28T021959UTC
Regional Rail,Wayne Junction,Outbound,No access to/from outbound platform (From Center City),<ul><li>No access to/from outbound platform (From Center City)</li></ul>,https://www5.septa.org/about/accessibility/alternative-transportation/regional-rail-alternate/,2026-01-27 21:19:59,2026-01-28T021959UTC
Regional Rail,Chester Transit Center,Inbound,No access to/from inbound platform (To Center City),<ul><li>No access to/from inbound platform (To Center City)</li></ul>,https://www5.septa.org/about/accessibility/alternative-transportation/regional-rail-alternate/,2026-01-27 21:19:59,2026-01-28T021959UTC
Regional Rail,Wilmington,Inbound,No access to/from inbound platform  (service to Center City),<ul><li>No access to/from inbound platform  (service to Center City)</li></ul>,https://www5.septa.org/about/accessibility/alternative-transportation/regional-rail-alternate/,2026-01-27 21:19:59,2026-01-28T021959UTC
Regional Rail,Wilmington,Outbound,No access to/from outbound platform (From Center City),<ul><li>No access to/from outbound platform (From Center City)</li></ul>,https://www5.septa.org/about/accessibility/alternative-transportation/regional-rail-alternate/,2026-01-27 21:19:59,2026-01-28T021959UTC
Market Frankford Line,15th St/City Hall,"Dilworth Park - South End (Street to Concourse)
","No access to/from the concourse on the south end
","<ul><li>No access to/from the concourse on the south end</li></ul>
",https://www5.septa.org/about/accessibility/alternative-transportation/mfl-alternate/,2026-01-27 21:19:59,2026-01-28T021959UTC
Regional Rail,Lansdale,Lansdale Garage #1,"No access to garage parking floors if both elevators out
","<ul><li>No access to garage parking floors if both elevators out</li></ul>
",https://www5.septa.org/about/accessibility/alternative-transportation/regional-rail-alternate/,2026-01-27 21:19:59,2026-01-28T021959UTC
Broad Street Subway / Broad Ridge Spur,Fern Rock Transit Center,Street Level,No access to/from station,<ul><li>No access to/from station</li></ul>,https://www5.septa.org/about/accessibility/alternative-transportation/bsl-alternate/,2026-01-27 23:50:02,2026-01-28T045002UTC
Broad Street Subway / Broad Ridge Spur,Olney Transit Center,Street to Mezzanine,No access to/from station,<ul><li>No access to/from station</li></ul>,https://www5.septa.org/about/accessibility/alternative-transportation/bsl-alternate/,2026-01-27 23:50:02,2026-01-28T045002UTC
Broad Street Subway / Broad Ridge Spur,Walnut-Locust,Street to Concourse,No access to/from station,<ul><li>No access to/from station</li></ul>,https://www5.septa.org/about/accessibility/alternative-transportation/bsl-alternate/,2026-01-27 23:50:02,2026-01-28T045002UTC
Broad Street Subway / Broad Ridge Spur,8th-Market,Street Level,No access to/from station,<ul><li>No access to/from station</li></ul>,https://www5.septa.org/about/accessibility/alternative-transportation/bsl-alternate/,2026-01-27 23:50:02,2026-01-28T045002UTC
Market Frankford Line,Frankford Transit Center,Main Terminal Pratt Street,Use Bridge Street for access to/from platforms,<ul><li>Use Bridge Street for access to/from platforms</li></ul>,https://www5.septa.org/about/accessibility/alternative-transportation/mfl-alternate/,2026-01-27 23:50:02,2026-01-28T045002UTC
Market Frankford Line,Kensington-Allegheny,Eastbound,No access to/from eastbound platform,<ul><li>No access to/from eastbound platform</li></ul>,https://www5.septa.org/about/accessibility/alternative-transportation/mfl-alternate/,2026-01-27 23:50:02,2026-01-28T045002UTC
Market Frankford Line,Somerset,Westbound ,No access to/from station,<ul><li>No access to/from station</li></ul>,https://www5.septa.org/about/accessibility/alternative-transportation/mfl-alternate/,2026-01-27 23:50:02,2026-01-28T045002UTC
Market Frankford Line,8th-Market,Westbound,No access to/from station,<ul><li>No access to/from station</li></ul>,https://www5.septa.org/about/accessibility/alternative-transportation/mfl-alternate/,2026-01-27 23:50:02,2026-01-28T045002UTC
Market Frankford Line,13th St,Westbound,No access to/from stationNo access to/from Trolley Lines,<ul><li>No access to/from station</li><li>No access to/from Trolley Lines</li></ul>,https://www5.septa.org/about/accessibility/alternative-transportation/mfl-alternate/,2026-01-27 23:50:02,2026-01-28T045002UTC
Market Frankford Line,13th St,Eastbound,No access to/from station,<ul><li>No access to/from station</li></ul>,https://www5.septa.org/about/accessibility/alternative-transportation/mfl-alternate/,2026-01-27 23:50:02,2026-01-28T045002UTC
Market Frankford Line,Millbourne,Eastbound,No access to/from station,<ul><li>No access to/from station</li></ul>,https://www5.septa.org/about/accessibility/alternative-transportation/mfl-alternate/,2026-01-27 23:50:02,2026-01-28T045002UTC
Regional Rail,Gray 30th Street,"""A"" Platform",No access to/from Tracks 1 and 2,<ul><li>No access to/from Tracks 1 and 2</li></ul>,https://www5.septa.org/about/accessibility/alternative-transportation/regional-rail-alternate/,2026-01-27 23:50:02,2026-01-28T045002UTC
Broad Street Subway / Broad Ridge Spur,North Philadelphia,Southbound,No access to/from southbound platform ,<ul><li>No access to/from southbound platform</li></ul> ,https://www5.septa.org/about/accessibility/alternative-transportation/bsl-alternate/,2026-01-27 23:50:02,2026-01-28T045002UTC
Regional Rail,Wayne Junction,Outbound,No access to/from outbound platform (From Center City),<ul><li>No access to/from outbound platform (From Center City)</li></ul>,https://www5.septa.org/about/accessibility/alternative-transportation/regional-rail-alternate/,2026-01-27 23:50:02,2026-01-28T045002UTC
Regional Rail,Chester Transit Center,Inbound,No access to/from inbound platform (To Center City),<ul><li>No access to/from inbound platform (To Center City)</li></ul>,https://www5.septa.org/about/accessibility/alternative-transportation/regional-rail-alternate/,2026-01-27 23:50:02,2026-01-28T045002UTC
Regional Rail,Wilmington,Inbound,No access to/from inbound platform  (service to Center City),<ul><li>No access to/from inbound platform  (service to Center City)</li></ul>,https://www5.septa.org/about/accessibility/alternative-transportation/regional-rail-alternate/,2026-01-27 23:50:02,2026-01-28T045002UTC
Regional Rail,Wilmington,Outbound,No access to/from outbound platform (From Center City),<ul><li>No access to/from outbound platform (From Center City)</li></ul>,https://www5.septa.org/about/accessibility/alternative-transportation/regional-rail-alternate/,2026-01-27 23:50:02,2026-01-28T045002UTC
Market Frankford Line,15th St/City Hall,"Dilworth Park - South End (Street to Concourse)
","No access to/from the concourse on the south end
","<ul><li>No access to/from the concourse on the south end</li></ul>
",https://www5.septa.org/about/accessibility/alternative-transportation/mfl-alternate/,2026-01-27 23:50:02,2026-01-28T045002UTC
Regional Rail,Lansdale,Lansdale Garage #1,"No access to garage parking floors if both elevators out
","<ul><li>No access to garage parking floors if both elevators out</li></ul>
",https://www5.septa.org/about/accessibility/alternative-transportation/regional-rail-alternate/,2026-01-27 23:50:02,2026-01-28T045002UTC
Broad Street Subway / Broad Ridge Spur,Fern Rock Transit Center,Street Level,No access to/from station,<ul><li>No access to/from station</li></ul>,https://www5.septa.org/about/accessibility/alternative-transportation/bsl-alternate/,2026-01-28 01:46:36,2026-01-28T064636UTC
Broad Street Subway / Broad Ridge Spur,Olney Transit Center,Street to Mezzanine,No access to/from station,<ul><li>No access to/from station</li></ul>,https://www5.septa.org/about/accessibility/alternative-transportation/bsl-alternate/,2026-01-28 01:46:36,2026-01-28T064636UTC
Broad Street Subway / Broad Ridge Spur,Walnut-Locust,Street to Concourse,No access to/from station,<ul><li>No access to/from station</li></ul>,https://www5.septa.org/about/accessibility/alternative-transportation/bsl-alternate/,2026-01-28 01:46:36,2026-01-28T064636UTC
Broad Street Subway / Broad Ridge Spur,8th-Market,Street Level,No access to/from station,<ul><li>No access to/from station</li></ul>,https://www5.septa.org/about/accessibility/alternative-transportation/bsl-alternate/,2026-01-28 01:46:36,2026-01-28T064636UTC
Market Frankford Line,Frankford Transit Center,Main Terminal Pratt Street,Use Bridge Street for access to/from platforms,<ul><li>Use Bridge Street for access to/from platforms</li></ul>,https://www5.septa.org/about/accessibility/alternative-transportation/mfl-alternate/,2026-01-28 01:46:36,2026-01-28T064636UTC
Market Frankford Line,Kensington-Allegheny,Eastbound,No access to/from eastbound platform,<ul><li>No access to/from eastbound platform</li></ul>,https://www5.septa.org/about/accessibility/alternative-transportation/mfl-alternate/,2026-01-28 01:46:36,2026-01-28T064636UTC
Market Frankford Line,Somerset,Westbound ,No access to/from station,<ul><li>No access to/from station</li></ul>,https://www5.septa.org/about/accessibility/alternative-transportation/mfl-alternate/,2026-01-28 01:46:36,2026-01-28T064636UTC
Market Frankford Line,8th-Market,Westbound,No access to/from station,<ul><li>No access to/from station</li></ul>,https://www5.septa.org/about/accessibility/alternative-transportation/mfl-alternate/,2026-01-28 01:46:36,2026-01-28T064636UTC
Market Frankford Line,13th St,Westbound,No access to/from stationNo access to/from Trolley Lines,<ul><li>No access to/from station</li><li>No access to/from Trolley Lines</li></ul>,https://www5.septa.org/about/accessibility/alternative-transportation/mfl-alternate/,2026-01-28 01:46:36,2026-01-28T064636UTC
Market Frankford Line,13th St,Eastbound,No access to/from station,<ul><li>No access to/from station</li></ul>,https://www5.septa.org/about/accessibility/alternative-transportation/mfl-alternate/,2026-01-28 01:46:36,2026-01-28T064636UTC
Market Frankford Line,Millbourne,Eastbound,No access to/from station,<ul><li>No access to/from station</li></ul>,https://www5.septa.org/about/accessibility/alternative-transportation/mfl-alternate/,2026-01-28 01:46:36,2026-01-28T064636UTC
Regional Rail,Gray 30th Street,"""A"" Platform",No access to/from Tracks 1 and 2,<ul><li>No access to/from Tracks 1 and 2</li></ul>,https://www5.septa.org/about/accessibility/alternative-transportation/regional-rail-alternate/,2026-01-28 01:46:36,2026-01-28T064636UTC
Broad Street Subway / Broad Ridge Spur,North Philadelphia,Southbound,No access to/from southbound platform ,<ul><li>No access to/from southbound platform</li></ul> ,https://www5.septa.org/about/accessibility/alternative-transportation/bsl-alternate/,2026-01-28 01:46:36,2026-01-28T064636UTC
Regional Rail,Wayne Junction,Outbound,No access to/from outbound platform (From Center City),<ul><li>No access to/from outbound platform (From Center City)</li></ul>,https://www5.septa.org/about/accessibility/alternative-transportation/regional-rail-alternate/,2026-01-28 01:46:36,2026-01-28T064636UTC
Regional Rail,Chester Transit Center,Inbound,No access to/from inbound platform (To Center City),<ul><li>No access to/from inbound platform (To Center City)</li></ul>,https://www5.septa.org/about/accessibility/alternative-transportation/regional-rail-alternate/,2026-01-28 01:46:36,2026-01-28T064636UTC
Regional Rail,Wilmington,Inbound,No access to/from inbound platform  (service to Center City),<ul><li>No access to/from inbound platform  (service to Center City)</li></ul>,https://www5.septa.org/about/accessibility/alternative-transportation/regional-rail-alternate/,2026-01-28 01:46:36,2026-01-28T064636UTC
Regional Rail,Wilmington,Outbound,No access to/from outbound platform (From Center City),<ul><li>No access to/from outbound platform (From Center City)</li></ul>,https://www5.septa.org/about/accessibility/alternative-transportation/regional-rail-alternate/,2026-01-28 01:46:36,2026-01-28T064636UTC
Market Frankford Line,15th St/City Hall,"Dilworth Park - South End (Street to Concourse)
","No access to/from the concourse on the south end
","<ul><li>No access to/from the concourse on the south end</li></ul>
",https://www5.septa.org/about/accessibility/alternative-transportation/mfl-alternate/,2026-01-28 01:46:36,2026-01-28T064636UTC
Regional Rail,Lansdale,Lansdale Garage #1,"No access to garage parking floors if both elevators out
","<ul><li>No access to garage parking floors if both elevators out</li></ul>
",https://www5.septa.org/about/accessibility/alternative-transportation/regional-rail-alternate/,2026-01-28 01:46:36,2026-01-28T064636UTC
Broad Street Subway / Broad Ridge Spur,Fern Rock Transit Center,Street Level,No access to/from station,<ul><li>No access to/from station</li></ul>,https://www5.septa.org/about/accessibility/alternative-transportation/bsl-alternate/,2026-01-28 03:40:54,2026-01-28T084054UTC
Broad Street Subway / Broad Ridge Spur,Olney Transit Center,Street to Mezzanine,No access to/from station,<ul><li>No access to/from station</li></ul>,https://www5.septa.org/about/accessibility/alternative-transportation/bsl-alternate/,2026-01-28 03:40:54,2026-01-28T084054UTC
Broad Street Subway / Broad Ridge Spur,Walnut-Locust,Street to Concourse,No access to/from station,<ul><li>No access to/from station</li></ul>,https://www5.septa.org/about/accessibility/alternative-transportation/bsl-alternate/,2026-01-28 03:40:54,2026-01-28T084054UTC
Broad Street Subway / Broad Ridge Spur,8th-Market,Street Level,No access to/from station,<ul><li>No access to/from station</li></ul>,https://www5.septa.org/about/accessibility/alternative-transportation/bsl-alternate/,2026-01-28 03:40:54,2026-01-28T084054UTC
Market Frankford Line,Frankford Transit Center,Main Terminal Pratt Street,Use Bridge Street for access to/from platforms,<ul><li>Use Bridge Street for access to/from platforms</li></ul>,https://www5.septa.org/about/accessibility/alternative-transportation/mfl-alternate/,2026-01-28 03:40:54,2026-01-28T084054UTC
Market Frankford Line,Kensington-Allegheny,Eastbound,No access to/from eastbound platform,<ul><li>No access to/from eastbound platform</li></ul>,https://www5.septa.org/about/accessibility/alternative-transportation/mfl-alternate/,2026-01-28 03:40:54,2026-01-28T084054UTC
Market Frankford Line,Somerset,Westbound ,No access to/from station,<ul><li>No access to/from station</li></ul>,https://www5.septa.org/about/accessibility/alternative-transportation/mfl-alternate/,2026-01-28 03:40:54,2026-01-28T084054UTC
Market Frankford Line,8th-Market,Westbound,No access to/from station,<ul><li>No access to/from station</li></ul>,https://www5.septa.org/about/accessibility/alternative-transportation/mfl-alternate/,2026-01-28 03:40:54,2026-01-28T084054UTC
Market Frankford Line,13th St,Westbound,No access to/from stationNo access to/from Trolley Lines,<ul><li>No access to/from station</li><li>No access to/from Trolley Lines</li></ul>,https://www5.septa.org/about/accessibility/alternative-transportation/mfl-alternate/,2026-01-28 03:40:54,2026-01-28T084054UTC
Market Frankford Line,13th St,Eastbound,No access to/from station,<ul><li>No access to/from station</li></ul>,https://www5.septa.org/about/accessibility/alternative-transportation/mfl-alternate/,2026-01-28 03:40:54,2026-01-28T084054UTC
Market Frankford Line,Millbourne,Eastbound,No access to/from station,<ul><li>No access to/from station</li></ul>,https://www5.septa.org/about/accessibility/alternative-transportation/mfl-alternate/,2026-01-28 03:40:54,2026-01-28T084054UTC
Regional Rail,Gray 30th Street,"""A"" Platform",No access to/from Tracks 1 and 2,<ul><li>No access to/from Tracks 1 and 2</li></ul>,https://www5.septa.org/about/accessibility/alternative-transportation/regional-rail-alternate/,2026-01-28 03:40:54,2026-01-28T084054UTC
Broad Street Subway / Broad Ridge Spur,North Philadelphia,Southbound,No access to/from southbound platform ,<ul><li>No access to/from southbound platform</li></ul> ,https://www5.septa.org/about/accessibility/alternative-transportation/bsl-alternate/,2026-01-28 03:40:54,2026-01-28T084054UTC
Regional Rail,Wayne Junction,Outbound,No access to/from outbound platform (From Center City),<ul><li>No access to/from outbound platform (From Center City)</li></ul>,https://www5.septa.org/about/accessibility/alternative-transportation/regional-rail-alternate/,2026-01-28 03:40:54,2026-01-28T084054UTC
Regional Rail,Chester Transit Center,Inbound,No access to/from inbound platform (To Center City),<ul><li>No access to/from inbound platform (To Center City)</li></ul>,https://www5.septa.org/about/accessibility/alternative-transportation/regional-rail-alternate/,2026-01-28 03:40:54,2026-01-28T084054UTC
Regional Rail,Wilmington,Inbound,No access to/from inbound platform  (service to Center City),<ul><li>No access to/from inbound platform  (service to Center City)</li></ul>,https://www5.septa.org/about/accessibility/alternative-transportation/regional-rail-alternate/,2026-01-28 03:40:54,2026-01-28T084054UTC
Regional Rail,Wilmington,Outbound,No access to/from outbound platform (From Center City),<ul><li>No access to/from outbound platform (From Center City)</li></ul>,https://www5.septa.org/about/accessibility/alternative-transportation/regional-rail-alternate/,2026-01-28 03:40:54,2026-01-28T084054UTC
Market Frankford Line,15th St/City Hall,"Dilworth Park - South End (Street to Concourse)
","No access to/from the concourse on the south end
","<ul><li>No access to/from the concourse on the south end</li></ul>
",https://www5.septa.org/about/accessibility/alternative-transportation/mfl-alternate/,2026-01-28 03:40:54,2026-01-28T084054UTC
Regional Rail,Lansdale,Lansdale Garage #1,"No access to garage parking floors if both elevators out
","<ul><li>No access to garage parking floors if both elevators out</li></ul>
",https://www5.septa.org/about/accessibility/alternative-transportation/regional-rail-alternate/,2026-01-28 03:40:54,2026-01-28T084054UTC
Broad Street Subway / Broad Ridge Spur,Fern Rock Transit Center,Street Level,No access to/from station,<ul><li>No access to/from station</li></ul>,https://www5.septa.org/about/accessibility/alternative-transportation/bsl-alternate/,2026-01-28 05:36:09,2026-01-28T103609UTC
Broad Street Subway / Broad Ridge Spur,Olney Transit Center,Street to Mezzanine,No access to/from station,<ul><li>No access to/from station</li></ul>,https://www5.septa.org/about/accessibility/alternative-transportation/bsl-alternate/,2026-01-28 05:36:09,2026-01-28T103609UTC
Broad Street Subway / Broad Ridge Spur,Walnut-Locust,Street to Concourse,No access to/from station,<ul><li>No access to/from station</li></ul>,https://www5.septa.org/about/accessibility/alternative-transportation/bsl-alternate/,2026-01-28 05:36:09,2026-01-28T103609UTC
Broad Street Subway / Broad Ridge Spur,8th-Market,Street Level,No access to/from station,<ul><li>No access to/from station</li></ul>,https://www5.septa.org/about/accessibility/alternative-transportation/bsl-alternate/,2026-01-28 05:36:09,2026-01-28T103609UTC
Market Frankford Line,Frankford Transit Center,Main Terminal Pratt Street,Use Bridge Street for access to/from platforms,<ul><li>Use Bridge Street for access to/from platforms</li></ul>,https://www5.septa.org/about/accessibility/alternative-transportation/mfl-alternate/,2026-01-28 05:36:09,2026-01-28T103609UTC
Market Frankford Line,Kensington-Allegheny,Eastbound,No access to/from eastbound platform,<ul><li>No access to/from eastbound platform</li></ul>,https://www5.septa.org/about/accessibility/alternative-transportation/mfl-alternate/,2026-01-28 05:36:09,2026-01-28T103609UTC
Market Frankford Line,Somerset,Westbound ,No access to/from station,<ul><li>No access to/from station</li></ul>,https://www5.septa.org/about/accessibility/alternative-transportation/mfl-alternate/,2026-01-28 05:36:09,2026-01-28T103609UTC
Market Frankford Line,8th-Market,Westbound,No access to/from station,<ul><li>No access to/from station</li></ul>,https://www5.septa.org/about/accessibility/alternative-transportation/mfl-alternate/,2026-01-28 05:36:09,2026-01-28T103609UTC
Market Frankford Line,13th St,Westbound,No access to/from stationNo access to/from Trolley Lines,<ul><li>No access to/from station</li><li>No access to/from Trolley Lines</li></ul>,https://www5.septa.org/about/accessibility/alternative-transportation/mfl-alternate/,2026-01-28 05:36:09,2026-01-28T103609UTC
Market Frankford Line,13th St,Eastbound,No access to/from station,<ul><li>No access to/from station</li></ul>,https://www5.septa.org/about/accessibility/alternative-transportation/mfl-alternate/,2026-01-28 05:36:09,2026-01-28T103609UTC
Market Frankford Line,Millbourne,Eastbound,No access to/from station,<ul><li>No access to/from station</li></ul>,https://www5.septa.org/about/accessibility/alternative-transportation/mfl-alternate/,2026-01-28 05:36:09,2026-01-28T103609UTC
Regional Rail,Gray 30th Street,"""A"" Platform",No access to/from Tracks 1 and 2,<ul><li>No access to/from Tracks 1 and 2</li></ul>,https://www5.septa.org/about/accessibility/alternative-transportation/regional-rail-alternate/,2026-01-28 05:36:09,2026-01-28T103609UTC
Broad Street Subway / Broad Ridge Spur,North Philadelphia,Southbound,No access to/from southbound platform ,<ul><li>No access to/from southbound platform</li></ul> ,https://www5.septa.org/about/accessibility/alternative-transportation/bsl-alternate/,2026-01-28 05:36:09,2026-01-28T103609UTC
Regional Rail,Wayne Junction,Outbound,No access to/from outbound platform (From Center City),<ul><li>No access to/from outbound platform (From Center City)</li></ul>,https://www5.septa.org/about/accessibility/alternative-transportation/regional-rail-alternate/,2026-01-28 05:36:09,2026-01-28T103609UTC
Regional Rail,Chester Transit Center,Inbound,No access to/from inbound platform (To Center City),<ul><li>No access to/from inbound platform (To Center City)</li></ul>,https://www5.septa.org/about/accessibility/alternative-transportation/regional-rail-alternate/,2026-01-28 05:36:09,2026-01-28T103609UTC
Regional Rail,Wilmington,Inbound,No access to/from inbound platform  (service to Center City),<ul><li>No access to/from inbound platform  (service to Center City)</li></ul>,https://www5.septa.org/about/accessibility/alternative-transportation/regional-rail-alternate/,2026-01-28 05:36:09,2026-01-28T103609UTC
Regional Rail,Wilmington,Outbound,No access to/from outbound platform (From Center City),<ul><li>No access to/from outbound platform (From Center City)</li></ul>,https://www5.septa.org/about/accessibility/alternative-transportation/regional-rail-alternate/,2026-01-28 05:36:09,2026-01-28T103609UTC
Market Frankford Line,15th St/City Hall,"Dilworth Park - South End (Street to Concourse)
","No access to/from the concourse on the south end
","<ul><li>No access to/from the concourse on the south end</li></ul>
",https://www5.septa.org/about/accessibility/alternative-transportation/mfl-alternate/,2026-01-28 05:36:09,2026-01-28T103609UTC
Regional Rail,Lansdale,Lansdale Garage #1,"No access to garage parking floors if both elevators out
","<ul><li>No access to garage parking floors if both elevators out</li></ul>
",https://www5.septa.org/about/accessibility/alternative-transportation/regional-rail-alternate/,2026-01-28 05:36:09,2026-01-28T103609UTC
Broad Street Subway / Broad Ridge Spur,Fern Rock Transit Center,Street Level,No access to/from station,<ul><li>No access to/from station</li></ul>,https://www5.septa.org/about/accessibility/alternative-transportation/bsl-alternate/,2026-01-28 08:04:51,2026-01-28T130451UTC
Broad Street Subway / Broad Ridge Spur,Olney Transit Center,Street to Mezzanine,No access to/from station,<ul><li>No access to/from station</li></ul>,https://www5.septa.org/about/accessibility/alternative-transportation/bsl-alternate/,2026-01-28 08:04:51,2026-01-28T130451UTC
Broad Street Subway / Broad Ridge Spur,8th-Market,Street Level,No access to/from station,<ul><li>No access to/from station</li></ul>,https://www5.septa.org/about/accessibility/alternative-transportation/bsl-alternate/,2026-01-28 08:04:51,2026-01-28T130451UTC
Market Frankford Line,Frankford Transit Center,Main Terminal Pratt Street,Use Bridge Street for access to/from platforms,<ul><li>Use Bridge Street for access to/from platforms</li></ul>,https://www5.septa.org/about/accessibility/alternative-transportation/mfl-alternate/,2026-01-28 08:04:51,2026-01-28T130451UTC
Market Frankford Line,Kensington-Allegheny,Eastbound,No access to/from eastbound platform,<ul><li>No access to/from eastbound platform</li></ul>,https://www5.septa.org/about/accessibility/alternative-transportation/mfl-alternate/,2026-01-28 08:04:51,2026-01-28T130451UTC
Market Frankford Line,8th-Market,Westbound,No access to/from station,<ul><li>No access to/from station</li></ul>,https://www5.septa.org/about/accessibility/alternative-transportation/mfl-alternate/,2026-01-28 08:04:51,2026-01-28T130451UTC
Market Frankford Line,Millbourne,Eastbound,No access to/from station,<ul><li>No access to/from station</li></ul>,https://www5.septa.org/about/accessibility/alternative-transportation/mfl-alternate/,2026-01-28 08:04:51,2026-01-28T130451UTC
Regional Rail,Gray 30th Street,"""A"" Platform",No access to/from Tracks 1 and 2,<ul><li>No access to/from Tracks 1 and 2</li></ul>,https://www5.septa.org/about/accessibility/alternative-transportation/regional-rail-alternate/,2026-01-28 08:04:51,2026-01-28T130451UTC
Broad Street Subway / Broad Ridge Spur,North Philadelphia,Southbound,No access to/from southbound platform ,<ul><li>No access to/from southbound platform</li></ul> ,https://www5.septa.org/about/accessibility/alternative-transportation/bsl-alternate/,2026-01-28 08:04:51,2026-01-28T130451UTC
Regional Rail,Wayne Junction,Outbound,No access to/from outbound platform (From Center City),<ul><li>No access to/from outbound platform (From Center City)</li></ul>,https://www5.septa.org/about/accessibility/alternative-transportation/regional-rail-alternate/,2026-01-28 08:04:51,2026-01-28T130451UTC
Regional Rail,Chester Transit Center,Inbound,No access to/from inbound platform (To Center City),<ul><li>No access to/from inbound platform (To Center City)</li></ul>,https://www5.septa.org/about/accessibility/alternative-transportation/regional-rail-alternate/,2026-01-28 08:04:51,2026-01-28T130451UTC
Market Frankford Line,15th St/City Hall,"Dilworth Park - South End (Street to Concourse)
","No access to/from the concourse on the south end
","<ul><li>No access to/from the concourse on the south end</li></ul>
",https://www5.septa.org/about/accessibility/alternative-transportation/mfl-alternate/,2026-01-28 08:04:51,2026-01-28T130451UTC
Regional Rail,Lansdale,Lansdale Garage #1,"No access to garage parking floors if both elevators out
","<ul><li>No access to garage parking floors if both elevators out</li></ul>
",https://www5.septa.org/about/accessibility/alternative-transportation/regional-rail-alternate/,2026-01-28 08:04:51,2026-01-28T130451UTC
Broad Street Subway / Broad Ridge Spur,Fern Rock Transit Center,Street Level,No access to/from station,<ul><li>No access to/from station</li></ul>,https://www5.septa.org/about/accessibility/alternative-transportation/bsl-alternate/,2026-01-28 09:37:39,2026-01-28T143739UTC
Broad Street Subway / Broad Ridge Spur,Olney Transit Center,Street to Mezzanine,No access to/from station,<ul><li>No access to/from station</li></ul>,https://www5.septa.org/about/accessibility/alternative-transportation/bsl-alternate/,2026-01-28 09:37:39,2026-01-28T143739UTC
Broad Street Subway / Broad Ridge Spur,Walnut-Locust,Southbound,No access to/from southbound platform,<ul><li>No access to/from southbound platform</li></ul>,https://www5.septa.org/about/accessibility/alternative-transportation/bsl-alternate/,2026-01-28 09:37:39,2026-01-28T143739UTC
Broad Street Subway / Broad Ridge Spur,8th-Market,Street Level,No access to/from station,<ul><li>No access to/from station</li></ul>,https://www5.septa.org/about/accessibility/alternative-transportation/bsl-alternate/,2026-01-28 09:37:39,2026-01-28T143739UTC
Market Frankford Line,Frankford Transit Center,Main Terminal Pratt Street,Use Bridge Street for access to/from platforms,<ul><li>Use Bridge Street for access to/from platforms</li></ul>,https://www5.septa.org/about/accessibility/alternative-transportation/mfl-alternate/,2026-01-28 09:37:39,2026-01-28T143739UTC
Market Frankford Line,Kensington-Allegheny,Eastbound,No access to/from eastbound platform,<ul><li>No access to/from eastbound platform</li></ul>,https://www5.septa.org/about/accessibility/alternative-transportation/mfl-alternate/,2026-01-28 09:37:39,2026-01-28T143739UTC
Market Frankford Line,8th-Market,Westbound,No access to/from station,<ul><li>No access to/from station</li></ul>,https://www5.septa.org/about/accessibility/alternative-transportation/mfl-alternate/,2026-01-28 09:37:39,2026-01-28T143739UTC
Market Frankford Line,Millbourne,Eastbound,No access to/from station,<ul><li>No access to/from station</li></ul>,https://www5.septa.org/about/accessibility/alternative-transportation/mfl-alternate/,2026-01-28 09:37:39,2026-01-28T143739UTC
Regional Rail,Gray 30th Street,"""A"" Platform",No access to/from Tracks 1 and 2,<ul><li>No access to/from Tracks 1 and 2</li></ul>,https://www5.septa.org/about/accessibility/alternative-transportation/regional-rail-alternate/,2026-01-28 09:37:39,2026-01-28T143739UTC
Broad Street Subway / Broad Ridge Spur,North Philadelphia,Southbound,No access to/from southbound platform ,<ul><li>No access to/from southbound platform</li></ul> ,https://www5.septa.org/about/accessibility/alternative-transportation/bsl-alternate/,2026-01-28 09:37:39,2026-01-28T143739UTC
Regional Rail,Wayne Junction,Outbound,No access to/from outbound platform (From Center City),<ul><li>No access to/from outbound platform (From Center City)</li></ul>,https://www5.septa.org/about/accessibility/alternative-transportation/regional-rail-alternate/,2026-01-28 09:37:39,2026-01-28T143739UTC
Regional Rail,Chester Transit Center,Inbound,No access to/from inbound platform (To Center City),<ul><li>No access to/from inbound platform (To Center City)</li></ul>,https://www5.septa.org/about/accessibility/alternative-transportation/regional-rail-alternate/,2026-01-28 09:37:39,2026-01-28T143739UTC
Market Frankford Line,15th St/City Hall,"Dilworth Park - South End (Street to Concourse)
","No access to/from the concourse on the south end
","<ul><li>No access to/from the concourse on the south end</li></ul>
",https://www5.septa.org/about/accessibility/alternative-transportation/mfl-alternate/,2026-01-28 09:37:39,2026-01-28T143739UTC
Regional Rail,Lansdale,Lansdale Garage #1,"No access to garage parking floors if both elevators out
","<ul><li>No access to garage parking floors if both elevators out</li></ul>
",https://www5.septa.org/about/accessibility/alternative-transportation/regional-rail-alternate/,2026-01-28 09:37:39,2026-01-28T143739UTC
Broad Street Subway / Broad Ridge Spur,Fern Rock Transit Center,Street Level,No access to/from station,<ul><li>No access to/from station</li></ul>,https://www5.septa.org/about/accessibility/alternative-transportation/bsl-alternate/,2026-01-28 11:47:47,2026-01-28T164748UTC
Broad Street Subway / Broad Ridge Spur,Olney Transit Center,Street to Mezzanine,No access to/from station,<ul><li>No access to/from station</li></ul>,https://www5.septa.org/about/accessibility/alternative-transportation/bsl-alternate/,2026-01-28 11:47:47,2026-01-28T164748UTC
Broad Street Subway / Broad Ridge Spur,Walnut-Locust,Southbound,No access to/from southbound platform,<ul><li>No access to/from southbound platform</li></ul>,https://www5.septa.org/about/accessibility/alternative-transportation/bsl-alternate/,2026-01-28 11:47:47,2026-01-28T164748UTC
Broad Street Subway / Broad Ridge Spur,8th-Market,Street Level,No access to/from station,<ul><li>No access to/from station</li></ul>,https://www5.septa.org/about/accessibility/alternative-transportation/bsl-alternate/,2026-01-28 11:47:47,2026-01-28T164748UTC
Market Frankford Line,Frankford Transit Center,Main Terminal Pratt Street,Use Bridge Street for access to/from platforms,<ul><li>Use Bridge Street for access to/from platforms</li></ul>,https://www5.septa.org/about/accessibility/alternative-transportation/mfl-alternate/,2026-01-28 11:47:47,2026-01-28T164748UTC
Market Frankford Line,Kensington-Allegheny,Eastbound,No access to/from eastbound platform,<ul><li>No access to/from eastbound platform</li></ul>,https://www5.septa.org/about/accessibility/alternative-transportation/mfl-alternate/,2026-01-28 11:47:47,2026-01-28T164748UTC
Market Frankford Line,8th-Market,Westbound,No access to/from station,<ul><li>No access to/from station</li></ul>,https://www5.septa.org/about/accessibility/alternative-transportation/mfl-alternate/,2026-01-28 11:47:47,2026-01-28T164748UTC
Market Frankford Line,Millbourne,Eastbound,No access to/from station,<ul><li>No access to/from station</li></ul>,https://www5.septa.org/about/accessibility/alternative-transportation/mfl-alternate/,2026-01-28 11:47:47,2026-01-28T164748UTC
Regional Rail,Gray 30th Street,"""A"" Platform",No access to/from Tracks 1 and 2,<ul><li>No access to/from Tracks 1 and 2</li></ul>,https://www5.septa.org/about/accessibility/alternative-transportation/regional-rail-alternate/,2026-01-28 11:47:47,2026-01-28T164748UTC
Broad Street Subway / Broad Ridge Spur,North Philadelphia,Southbound,No access to/from southbound platform ,<ul><li>No access to/from southbound platform</li></ul> ,https://www5.septa.org/about/accessibility/alternative-transportation/bsl-alternate/,2026-01-28 11:47:47,2026-01-28T164748UTC
Broad Street Subway / Broad Ridge Spur,Broad-Girard,Northbound Platform,No access to/from northbound platform,<ul><li>No access to/from northbound platform</li></ul>,https://www5.septa.org/about/accessibility/alternative-transportation/bsl-alternate/,2026-01-28 11:47:47,2026-01-28T164748UTC
Regional Rail,Wayne Junction,Outbound,No access to/from outbound platform (From Center City),<ul><li>No access to/from outbound platform (From Center City)</li></ul>,https://www5.septa.org/about/accessibility/alternative-transportation/regional-rail-alternate/,2026-01-28 11:47:47,2026-01-28T164748UTC
Regional Rail,Chester Transit Center,Inbound,No access to/from inbound platform (To Center City),<ul><li>No access to/from inbound platform (To Center City)</li></ul>,https://www5.septa.org/about/accessibility/alternative-transportation/regional-rail-alternate/,2026-01-28 11:47:47,2026-01-28T164748UTC
Market Frankford Line,15th St/City Hall,"Dilworth Park - South End (Street to Concourse)
","No access to/from the concourse on the south end
","<ul><li>No access to/from the concourse on the south end</li></ul>
",https://www5.septa.org/about/accessibility/alternative-transportation/mfl-alternate/,2026-01-28 11:47:47,2026-01-28T164748UTC
Regional Rail,Lansdale,Lansdale Garage #1,"No access to garage parking floors if both elevators out
","<ul><li>No access to garage parking floors if both elevators out</li></ul>
",https://www5.septa.org/about/accessibility/alternative-transportation/regional-rail-alternate/,2026-01-28 11:47:47,2026-01-28T164748UTC
Broad Street Subway / Broad Ridge Spur,Fern Rock Transit Center,Street Level,No access to/from station,<ul><li>No access to/from station</li></ul>,https://www5.septa.org/about/accessibility/alternative-transportation/bsl-alternate/,2026-01-28 13:46:09,2026-01-28T184609UTC
Broad Street Subway / Broad Ridge Spur,Olney Transit Center,Street to Mezzanine,No access to/from station,<ul><li>No access to/from station</li></ul>,https://www5.septa.org/about/accessibility/alternative-transportation/bsl-alternate/,2026-01-28 13:46:09,2026-01-28T184609UTC
Broad Street Subway / Broad Ridge Spur,Walnut-Locust,Southbound,No access to/from southbound platform,<ul><li>No access to/from southbound platform</li></ul>,https://www5.septa.org/about/accessibility/alternative-transportation/bsl-alternate/,2026-01-28 13:46:09,2026-01-28T184609UTC
Broad Street Subway / Broad Ridge Spur,8th-Market,Street Level,No access to/from station,<ul><li>No access to/from station</li></ul>,https://www5.septa.org/about/accessibility/alternative-transportation/bsl-alternate/,2026-01-28 13:46:09,2026-01-28T184609UTC
Market Frankford Line,Frankford Transit Center,Main Terminal Pratt Street,Use Bridge Street for access to/from platforms,<ul><li>Use Bridge Street for access to/from platforms</li></ul>,https://www5.septa.org/about/accessibility/alternative-transportation/mfl-alternate/,2026-01-28 13:46:09,2026-01-28T184609UTC
Market Frankford Line,8th-Market,Westbound,No access to/from station,<ul><li>No access to/from station</li></ul>,https://www5.septa.org/about/accessibility/alternative-transportation/mfl-alternate/,2026-01-28 13:46:09,2026-01-28T184609UTC
Market Frankford Line,13th St,Westbound,No access to/from stationNo access to/from Trolley Lines,<ul><li>No access to/from station</li><li>No access to/from Trolley Lines</li></ul>,https://www5.septa.org/about/accessibility/alternative-transportation/mfl-alternate/,2026-01-28 13:46:09,2026-01-28T184609UTC
Market Frankford Line,13th St,Eastbound,No access to/from station,<ul><li>No access to/from station</li></ul>,https://www5.septa.org/about/accessibility/alternative-transportation/mfl-alternate/,2026-01-28 13:46:09,2026-01-28T184609UTC
Market Frankford Line,Millbourne,Eastbound,No access to/from station,<ul><li>No access to/from station</li></ul>,https://www5.septa.org/about/accessibility/alternative-transportation/mfl-alternate/,2026-01-28 13:46:09,2026-01-28T184609UTC
Regional Rail,Gray 30th Street,"""A"" Platform",No access to/from Tracks 1 and 2,<ul><li>No access to/from Tracks 1 and 2</li></ul>,https://www5.septa.org/about/accessibility/alternative-transportation/regional-rail-alternate/,2026-01-28 13:46:09,2026-01-28T184609UTC
Broad Street Subway / Broad Ridge Spur,North Philadelphia,Southbound,No access to/from southbound platform ,<ul><li>No access to/from southbound platform</li></ul> ,https://www5.septa.org/about/accessibility/alternative-transportation/bsl-alternate/,2026-01-28 13:46:09,2026-01-28T184609UTC
Broad Street Subway / Broad Ridge Spur,Broad-Girard,Northbound Platform,No access to/from northbound platform,<ul><li>No access to/from northbound platform</li></ul>,https://www5.septa.org/about/accessibility/alternative-transportation/bsl-alternate/,2026-01-28 13:46:09,2026-01-28T184609UTC
Regional Rail,Wayne Junction,Outbound,No access to/from outbound platform (From Center City),<ul><li>No access to/from outbound platform (From Center City)</li></ul>,https://www5.septa.org/about/accessibility/alternative-transportation/regional-rail-alternate/,2026-01-28 13:46:09,2026-01-28T184609UTC
Regional Rail,Chester Transit Center,Inbound,No access to/from inbound platform (To Center City),<ul><li>No access to/from inbound platform (To Center City)</li></ul>,https://www5.septa.org/about/accessibility/alternative-transportation/regional-rail-alternate/,2026-01-28 13:46:09,2026-01-28T184609UTC
Market Frankford Line,15th St/City Hall,"Dilworth Park - South End (Street to Concourse)
","No access to/from the concourse on the south end
","<ul><li>No access to/from the concourse on the south end</li></ul>
",https://www5.septa.org/about/accessibility/alternative-transportation/mfl-alternate/,2026-01-28 13:46:09,2026-01-28T184609UTC
Regional Rail,Lansdale,Lansdale Garage #1,"No access to garage parking floors if both elevators out
","<ul><li>No access to garage parking floors if both elevators out</li></ul>
",https://www5.septa.org/about/accessibility/alternative-transportation/regional-rail-alternate/,2026-01-28 13:46:09,2026-01-28T184609UTC
Broad Street Subway / Broad Ridge Spur,Fern Rock Transit Center,Street Level,No access to/from station,<ul><li>No access to/from station</li></ul>,https://www5.septa.org/about/accessibility/alternative-transportation/bsl-alternate/,2026-01-28 15:39:16,2026-01-28T203916UTC
Broad Street Subway / Broad Ridge Spur,Olney Transit Center,Street to Mezzanine,No access to/from station,<ul><li>No access to/from station</li></ul>,https://www5.septa.org/about/accessibility/alternative-transportation/bsl-alternate/,2026-01-28 15:39:16,2026-01-28T203916UTC
Broad Street Subway / Broad Ridge Spur,Walnut-Locust,Southbound,No access to/from southbound platform,<ul><li>No access to/from southbound platform</li></ul>,https://www5.septa.org/about/accessibility/alternative-transportation/bsl-alternate/,2026-01-28 15:39:16,2026-01-28T203916UTC
Broad Street Subway / Broad Ridge Spur,8th-Market,Street Level,No access to/from station,<ul><li>No access to/from station</li></ul>,https://www5.septa.org/about/accessibility/alternative-transportation/bsl-alternate/,2026-01-28 15:39:16,2026-01-28T203916UTC
Market Frankford Line,Frankford Transit Center,Main Terminal Pratt Street,Use Bridge Street for access to/from platforms,<ul><li>Use Bridge Street for access to/from platforms</li></ul>,https://www5.septa.org/about/accessibility/alternative-transportation/mfl-alternate/,2026-01-28 15:39:16,2026-01-28T203916UTC
Market Frankford Line,8th-Market,Westbound,No access to/from station,<ul><li>No access to/from station</li></ul>,https://www5.septa.org/about/accessibility/alternative-transportation/mfl-alternate/,2026-01-28 15:39:16,2026-01-28T203916UTC
Market Frankford Line,13th St,Westbound,No access to/from stationNo access to/from Trolley Lines,<ul><li>No access to/from station</li><li>No access to/from Trolley Lines</li></ul>,https://www5.septa.org/about/accessibility/alternative-transportation/mfl-alternate/,2026-01-28 15:39:16,2026-01-28T203916UTC
Market Frankford Line,13th St,Eastbound,No access to/from station,<ul><li>No access to/from station</li></ul>,https://www5.septa.org/about/accessibility/alternative-transportation/mfl-alternate/,2026-01-28 15:39:16,2026-01-28T203916UTC
Market Frankford Line,Millbourne,Eastbound,No access to/from station,<ul><li>No access to/from station</li></ul>,https://www5.septa.org/about/accessibility/alternative-transportation/mfl-alternate/,2026-01-28 15:39:16,2026-01-28T203916UTC
Regional Rail,Gray 30th Street,"""A"" Platform",No access to/from Tracks 1 and 2,<ul><li>No access to/from Tracks 1 and 2</li></ul>,https://www5.septa.org/about/accessibility/alternative-transportation/regional-rail-alternate/,2026-01-28 15:39:16,2026-01-28T203916UTC
Broad Street Subway / Broad Ridge Spur,North Philadelphia,Southbound,No access to/from southbound platform ,<ul><li>No access to/from southbound platform</li></ul> ,https://www5.septa.org/about/accessibility/alternative-transportation/bsl-alternate/,2026-01-28 15:39:16,2026-01-28T203916UTC
Broad Street Subway / Broad Ridge Spur,Broad-Girard,Northbound Platform,No access to/from northbound platform,<ul><li>No access to/from northbound platform</li></ul>,https://www5.septa.org/about/accessibility/alternative-transportation/bsl-alternate/,2026-01-28 15:39:16,2026-01-28T203916UTC
Regional Rail,Wayne Junction,Outbound,No access to/from outbound platform (From Center City),<ul><li>No access to/from outbound platform (From Center City)</li></ul>,https://www5.septa.org/about/accessibility/alternative-transportation/regional-rail-alternate/,2026-01-28 15:39:16,2026-01-28T203916UTC
Regional Rail,Chester Transit Center,Inbound,No access to/from inbound platform (To Center City),<ul><li>No access to/from inbound platform (To Center City)</li></ul>,https://www5.septa.org/about/accessibility/alternative-transportation/regional-rail-alternate/,2026-01-28 15:39:16,2026-01-28T203916UTC
Market Frankford Line,15th St/City Hall,"Dilworth Park - South End (Street to Concourse)
","No access to/from the concourse on the south end
","<ul><li>No access to/from the concourse on the south end</li></ul>
",https://www5.septa.org/about/accessibility/alternative-transportation/mfl-alternate/,2026-01-28 15:39:16,2026-01-28T203916UTC
Regional Rail,Lansdale,Lansdale Garage #1,"No access to garage parking floors if both elevators out
","<ul><li>No access to garage parking floors if both elevators out</li></ul>
",https://www5.septa.org/about/accessibility/alternative-transportation/regional-rail-alternate/,2026-01-28 15:39:16,2026-01-28T203916UTC
Broad Street Subway / Broad Ridge Spur,Fern Rock Transit Center,Street Level,No access to/from station,<ul><li>No access to/from station</li></ul>,https://www5.septa.org/about/accessibility/alternative-transportation/bsl-alternate/,2026-01-28 17:34:21,2026-01-28T223421UTC
Broad Street Subway / Broad Ridge Spur,Olney Transit Center,Street to Mezzanine,No access to/from station,<ul><li>No access to/from station</li></ul>,https://www5.septa.org/about/accessibility/alternative-transportation/bsl-alternate/,2026-01-28 17:34:21,2026-01-28T223421UTC
Broad Street Subway / Broad Ridge Spur,Walnut-Locust,Southbound,No access to/from southbound platform,<ul><li>No access to/from southbound platform</li></ul>,https://www5.septa.org/about/accessibility/alternative-transportation/bsl-alternate/,2026-01-28 17:34:21,2026-01-28T223421UTC
Broad Street Subway / Broad Ridge Spur,8th-Market,Street Level,No access to/from station,<ul><li>No access to/from station</li></ul>,https://www5.septa.org/about/accessibility/alternative-transportation/bsl-alternate/,2026-01-28 17:34:21,2026-01-28T223421UTC
Market Frankford Line,Frankford Transit Center,Main Terminal Pratt Street,Use Bridge Street for access to/from platforms,<ul><li>Use Bridge Street for access to/from platforms</li></ul>,https://www5.septa.org/about/accessibility/alternative-transportation/mfl-alternate/,2026-01-28 17:34:21,2026-01-28T223421UTC
Market Frankford Line,York-Dauphin,Westbound ,No access to/from station,<ul><li>No access to/from station</li></ul>,https://www5.septa.org/about/accessibility/alternative-transportation/mfl-alternate/,2026-01-28 17:34:21,2026-01-28T223421UTC
Market Frankford Line,8th-Market,Westbound,No access to/from station,<ul><li>No access to/from station</li></ul>,https://www5.septa.org/about/accessibility/alternative-transportation/mfl-alternate/,2026-01-28 17:34:21,2026-01-28T223421UTC
Market Frankford Line,13th St,Westbound,No access to/from stationNo access to/from Trolley Lines,<ul><li>No access to/from station</li><li>No access to/from Trolley Lines</li></ul>,https://www5.septa.org/about/accessibility/alternative-transportation/mfl-alternate/,2026-01-28 17:34:21,2026-01-28T223421UTC
Market Frankford Line,13th St,Eastbound,No access to/from station,<ul><li>No access to/from station</li></ul>,https://www5.septa.org/about/accessibility/alternative-transportation/mfl-alternate/,2026-01-28 17:34:21,2026-01-28T223421UTC
Market Frankford Line,Millbourne,Eastbound,No access to/from station,<ul><li>No access to/from station</li></ul>,https://www5.septa.org/about/accessibility/alternative-transportation/mfl-alternate/,2026-01-28 17:34:21,2026-01-28T223421UTC
Regional Rail,Gray 30th Street,"""A"" Platform",No access to/from Tracks 1 and 2,<ul><li>No access to/from Tracks 1 and 2</li></ul>,https://www5.septa.org/about/accessibility/alternative-transportation/regional-rail-alternate/,2026-01-28 17:34:21,2026-01-28T223421UTC
Broad Street Subway / Broad Ridge Spur,North Philadelphia,Southbound,No access to/from southbound platform ,<ul><li>No access to/from southbound platform</li></ul> ,https://www5.septa.org/about/accessibility/alternative-transportation/bsl-alternate/,2026-01-28 17:34:21,2026-01-28T223421UTC
Broad Street Subway / Broad Ridge Spur,Broad-Girard,Northbound Platform,No access to/from northbound platform,<ul><li>No access to/from northbound platform</li></ul>,https://www5.septa.org/about/accessibility/alternative-transportation/bsl-alternate/,2026-01-28 17:34:21,2026-01-28T223421UTC
Regional Rail,Wayne Junction,Outbound,No access to/from outbound platform (From Center City),<ul><li>No access to/from outbound platform (From Center City)</li></ul>,https://www5.septa.org/about/accessibility/alternative-transportation/regional-rail-alternate/,2026-01-28 17:34:21,2026-01-28T223421UTC
Regional Rail,Chester Transit Center,Inbound,No access to/from inbound platform (To Center City),<ul><li>No access to/from inbound platform (To Center City)</li></ul>,https://www5.septa.org/about/accessibility/alternative-transportation/regional-rail-alternate/,2026-01-28 17:34:21,2026-01-28T223421UTC
Market Frankford Line,15th St/City Hall,"Dilworth Park - South End (Street to Concourse)
","No access to/from the concourse on the south end
","<ul><li>No access to/from the concourse on the south end</li></ul>
",https://www5.septa.org/about/accessibility/alternative-transportation/mfl-alternate/,2026-01-28 17:34:21,2026-01-28T223421UTC
Regional Rail,Lansdale,Lansdale Garage #1,"No access to garage parking floors if both elevators out
","<ul><li>No access to garage parking floors if both elevators out</li></ul>
",https://www5.septa.org/about/accessibility/alternative-transportation/regional-rail-alternate/,2026-01-28 17:34:21,2026-01-28T223421UTC
Broad Street Subway / Broad Ridge Spur,Fern Rock Transit Center,Street Level,No access to/from station,<ul><li>No access to/from station</li></ul>,https://www5.septa.org/about/accessibility/alternative-transportation/bsl-alternate/,2026-01-28 21:36:26,2026-01-29T023627UTC
Broad Street Subway / Broad Ridge Spur,Olney Transit Center,Street to Mezzanine,No access to/from station,<ul><li>No access to/from station</li></ul>,https://www5.septa.org/about/accessibility/alternative-transportation/bsl-alternate/,2026-01-28 21:36:26,2026-01-29T023627UTC
Broad Street Subway / Broad Ridge Spur,Walnut-Locust,Southbound,No access to/from southbound platform,<ul><li>No access to/from southbound platform</li></ul>,https://www5.septa.org/about/accessibility/alternative-transportation/bsl-alternate/,2026-01-28 21:36:26,2026-01-29T023627UTC
Broad Street Subway / Broad Ridge Spur,8th-Market,Street Level,No access to/from station,<ul><li>No access to/from station</li></ul>,https://www5.septa.org/about/accessibility/alternative-transportation/bsl-alternate/,2026-01-28 21:36:26,2026-01-29T023627UTC
Market Frankford Line,Frankford Transit Center,Main Terminal Pratt Street,Use Bridge Street for access to/from platforms,<ul><li>Use Bridge Street for access to/from platforms</li></ul>,https://www5.septa.org/about/accessibility/alternative-transportation/mfl-alternate/,2026-01-28 21:36:26,2026-01-29T023627UTC
Market Frankford Line,York-Dauphin,Westbound ,No access to/from station,<ul><li>No access to/from station</li></ul>,https://www5.septa.org/about/accessibility/alternative-transportation/mfl-alternate/,2026-01-28 21:36:26,2026-01-29T023627UTC
Market Frankford Line,8th-Market,Westbound,No access to/from station,<ul><li>No access to/from station</li></ul>,https://www5.septa.org/about/accessibility/alternative-transportation/mfl-alternate/,2026-01-28 21:36:26,2026-01-29T023627UTC
Market Frankford Line,13th St,Westbound,No access to/from stationNo access to/from Trolley Lines,<ul><li>No access to/from station</li><li>No access to/from Trolley Lines</li></ul>,https://www5.septa.org/about/accessibility/alternative-transportation/mfl-alternate/,2026-01-28 21:36:26,2026-01-29T023627UTC
Market Frankford Line,13th St,Eastbound,No access to/from station,<ul><li>No access to/from station</li></ul>,https://www5.septa.org/about/accessibility/alternative-transportation/mfl-alternate/,2026-01-28 21:36:26,2026-01-29T023627UTC
Market Frankford Line,Millbourne,Eastbound,No access to/from station,<ul><li>No access to/from station</li></ul>,https://www5.septa.org/about/accessibility/alternative-transportation/mfl-alternate/,2026-01-28 21:36:26,2026-01-29T023627UTC
Regional Rail,Gray 30th Street,"""A"" Platform",No access to/from Tracks 1 and 2,<ul><li>No access to/from Tracks 1 and 2</li></ul>,https://www5.septa.org/about/accessibility/alternative-transportation/regional-rail-alternate/,2026-01-28 21:36:26,2026-01-29T023627UTC
Broad Street Subway / Broad Ridge Spur,North Philadelphia,Southbound,No access to/from southbound platform ,<ul><li>No access to/from southbound platform</li></ul> ,https://www5.septa.org/about/accessibility/alternative-transportation/bsl-alternate/,2026-01-28 21:36:26,2026-01-29T023627UTC
Broad Street Subway / Broad Ridge Spur,Broad-Girard,Northbound Platform,No access to/from northbound platform,<ul><li>No access to/from northbound platform</li></ul>,https://www5.septa.org/about/accessibility/alternative-transportation/bsl-alternate/,2026-01-28 21:36:26,2026-01-29T023627UTC
Regional Rail,Wayne Junction,Outbound,No access to/from outbound platform (From Center City),<ul><li>No access to/from outbound platform (From Center City)</li></ul>,https://www5.septa.org/about/accessibility/alternative-transportation/regional-rail-alternate/,2026-01-28 21:36:26,2026-01-29T023627UTC
Regional Rail,Chester Transit Center,Inbound,No access to/from inbound platform (To Center City),<ul><li>No access to/from inbound platform (To Center City)</li></ul>,https://www5.septa.org/about/accessibility/alternative-transportation/regional-rail-alternate/,2026-01-28 21:36:26,2026-01-29T023627UTC
Market Frankford Line,15th St/City Hall,"Dilworth Park - South End (Street to Concourse)
","No access to/from the concourse on the south end
","<ul><li>No access to/from the concourse on the south end</li></ul>
",https://www5.septa.org/about/accessibility/alternative-transportation/mfl-alternate/,2026-01-28 21:36:26,2026-01-29T023627UTC
Regional Rail,Lansdale,Lansdale Garage #1,"No access to garage parking floors if both elevators out
","<ul><li>No access to garage parking floors if both elevators out</li></ul>
",https://www5.septa.org/about/accessibility/alternative-transportation/regional-rail-alternate/,2026-01-28 21:36:26,2026-01-29T023627UTC
Broad Street Subway / Broad Ridge Spur,Fern Rock Transit Center,Street Level,No access to/from station,<ul><li>No access to/from station</li></ul>,https://www5.septa.org/about/accessibility/alternative-transportation/bsl-alternate/,2026-01-29 00:09:10,2026-01-29T050910UTC
Broad Street Subway / Broad Ridge Spur,Olney Transit Center,Street to Mezzanine,No access to/from station,<ul><li>No access to/from station</li></ul>,https://www5.septa.org/about/accessibility/alternative-transportation/bsl-alternate/,2026-01-29 00:09:10,2026-01-29T050910UTC
Broad Street Subway / Broad Ridge Spur,8th-Market,Street Level,No access to/from station,<ul><li>No access to/from station</li></ul>,https://www5.septa.org/about/accessibility/alternative-transportation/bsl-alternate/,2026-01-29 00:09:10,2026-01-29T050910UTC
Market Frankford Line,Frankford Transit Center,Main Terminal Pratt Street,Use Bridge Street for access to/from platforms,<ul><li>Use Bridge Street for access to/from platforms</li></ul>,https://www5.septa.org/about/accessibility/alternative-transportation/mfl-alternate/,2026-01-29 00:09:10,2026-01-29T050910UTC
Market Frankford Line,8th-Market,Westbound,No access to/from station,<ul><li>No access to/from station</li></ul>,https://www5.septa.org/about/accessibility/alternative-transportation/mfl-alternate/,2026-01-29 00:09:10,2026-01-29T050910UTC
Regional Rail,Gray 30th Street,"""A"" Platform",No access to/from Tracks 1 and 2,<ul><li>No access to/from Tracks 1 and 2</li></ul>,https://www5.septa.org/about/accessibility/alternative-transportation/regional-rail-alternate/,2026-01-29 00:09:10,2026-01-29T050910UTC
Broad Street Subway / Broad Ridge Spur,North Philadelphia,Southbound,No access to/from southbound platform ,<ul><li>No access to/from southbound platform</li></ul> ,https://www5.septa.org/about/accessibility/alternative-transportation/bsl-alternate/,2026-01-29 00:09:10,2026-01-29T050910UTC
Regional Rail,Wayne Junction,Outbound,No access to/from outbound platform (From Center City),<ul><li>No access to/from outbound platform (From Center City)</li></ul>,https://www5.septa.org/about/accessibility/alternative-transportation/regional-rail-alternate/,2026-01-29 00:09:10,2026-01-29T050910UTC
Regional Rail,Chester Transit Center,Inbound,No access to/from inbound platform (To Center City),<ul><li>No access to/from inbound platform (To Center City)</li></ul>,https://www5.septa.org/about/accessibility/alternative-transportation/regional-rail-alternate/,2026-01-29 00:09:10,2026-01-29T050910UTC
Market Frankford Line,15th St/City Hall,"Dilworth Park - South End (Street to Concourse)
","No access to/from the concourse on the south end
","<ul><li>No access to/from the concourse on the south end</li></ul>
",https://www5.septa.org/about/accessibility/alternative-transportation/mfl-alternate/,2026-01-29 00:09:10,2026-01-29T050910UTC
Regional Rail,Lansdale,Lansdale Garage #1,"No access to garage parking floors if both elevators out
","<ul><li>No access to garage parking floors if both elevators out</li></ul>
",https://www5.septa.org/about/accessibility/alternative-transportation/regional-rail-alternate/,2026-01-29 00:09:10,2026-01-29T050910UTC
Broad Street Subway / Broad Ridge Spur,Fern Rock Transit Center,Street Level,No access to/from station,<ul><li>No access to/from station</li></ul>,https://www5.septa.org/about/accessibility/alternative-transportation/bsl-alternate/,2026-01-29 01:57:41,2026-01-29T065741UTC
Broad Street Subway / Broad Ridge Spur,Olney Transit Center,Street to Mezzanine,No access to/from station,<ul><li>No access to/from station</li></ul>,https://www5.septa.org/about/accessibility/alternative-transportation/bsl-alternate/,2026-01-29 01:57:41,2026-01-29T065741UTC
Broad Street Subway / Broad Ridge Spur,8th-Market,Street Level,No access to/from station,<ul><li>No access to/from station</li></ul>,https://www5.septa.org/about/accessibility/alternative-transportation/bsl-alternate/,2026-01-29 01:57:41,2026-01-29T065741UTC
Market Frankford Line,Frankford Transit Center,Main Terminal Pratt Street,Use Bridge Street for access to/from platforms,<ul><li>Use Bridge Street for access to/from platforms</li></ul>,https://www5.septa.org/about/accessibility/alternative-transportation/mfl-alternate/,2026-01-29 01:57:41,2026-01-29T065741UTC
Market Frankford Line,8th-Market,Westbound,No access to/from station,<ul><li>No access to/from station</li></ul>,https://www5.septa.org/about/accessibility/alternative-transportation/mfl-alternate/,2026-01-29 01:57:41,2026-01-29T065741UTC
Regional Rail,Gray 30th Street,"""A"" Platform",No access to/from Tracks 1 and 2,<ul><li>No access to/from Tracks 1 and 2</li></ul>,https://www5.septa.org/about/accessibility/alternative-transportation/regional-rail-alternate/,2026-01-29 01:57:41,2026-01-29T065741UTC
Broad Street Subway / Broad Ridge Spur,North Philadelphia,Southbound,No access to/from southbound platform ,<ul><li>No access to/from southbound platform</li></ul> ,https://www5.septa.org/about/accessibility/alternative-transportation/bsl-alternate/,2026-01-29 01:57:41,2026-01-29T065741UTC
Regional Rail,Wayne Junction,Outbound,No access to/from outbound platform (From Center City),<ul><li>No access to/from outbound platform (From Center City)</li></ul>,https://www5.septa.org/about/accessibility/alternative-transportation/regional-rail-alternate/,2026-01-29 01:57:41,2026-01-29T065741UTC
Regional Rail,Chester Transit Center,Inbound,No access to/from inbound platform (To Center City),<ul><li>No access to/from inbound platform (To Center City)</li></ul>,https://www5.septa.org/about/accessibility/alternative-transportation/regional-rail-alternate/,2026-01-29 01:57:41,2026-01-29T065741UTC
Market Frankford Line,15th St/City Hall,"Dilworth Park - South End (Street to Concourse)
","No access to/from the concourse on the south end
","<ul><li>No access to/from the concourse on the south end</li></ul>
",https://www5.septa.org/about/accessibility/alternative-transportation/mfl-alternate/,2026-01-29 01:57:41,2026-01-29T065741UTC
Regional Rail,Lansdale,Lansdale Garage #1,"No access to garage parking floors if both elevators out
","<ul><li>No access to garage parking floors if both elevators out</li></ul>
",https://www5.septa.org/about/accessibility/alternative-transportation/regional-rail-alternate/,2026-01-29 01:57:41,2026-01-29T065741UTC
Broad Street Subway / Broad Ridge Spur,Fern Rock Transit Center,Street Level,No access to/from station,<ul><li>No access to/from station</li></ul>,https://www5.septa.org/about/accessibility/alternative-transportation/bsl-alternate/,2026-01-29 03:51:09,2026-01-29T085109UTC
Broad Street Subway / Broad Ridge Spur,Olney Transit Center,Street to Mezzanine,No access to/from station,<ul><li>No access to/from station</li></ul>,https://www5.septa.org/about/accessibility/alternative-transportation/bsl-alternate/,2026-01-29 03:51:09,2026-01-29T085109UTC
Broad Street Subway / Broad Ridge Spur,8th-Market,Street Level,No access to/from station,<ul><li>No access to/from station</li></ul>,https://www5.septa.org/about/accessibility/alternative-transportation/bsl-alternate/,2026-01-29 03:51:09,2026-01-29T085109UTC
Market Frankford Line,Frankford Transit Center,Main Terminal Pratt Street,Use Bridge Street for access to/from platforms,<ul><li>Use Bridge Street for access to/from platforms</li></ul>,https://www5.septa.org/about/accessibility/alternative-transportation/mfl-alternate/,2026-01-29 03:51:09,2026-01-29T085109UTC
Market Frankford Line,8th-Market,Westbound,No access to/from station,<ul><li>No access to/from station</li></ul>,https://www5.septa.org/about/accessibility/alternative-transportation/mfl-alternate/,2026-01-29 03:51:09,2026-01-29T085109UTC
Regional Rail,Gray 30th Street,"""A"" Platform",No access to/from Tracks 1 and 2,<ul><li>No access to/from Tracks 1 and 2</li></ul>,https://www5.septa.org/about/accessibility/alternative-transportation/regional-rail-alternate/,2026-01-29 03:51:09,2026-01-29T085109UTC
Broad Street Subway / Broad Ridge Spur,North Philadelphia,Southbound,No access to/from southbound platform ,<ul><li>No access to/from southbound platform</li></ul> ,https://www5.septa.org/about/accessibility/alternative-transportation/bsl-alternate/,2026-01-29 03:51:09,2026-01-29T085109UTC
Regional Rail,Wayne Junction,Outbound,No access to/from outbound platform (From Center City),<ul><li>No access to/from outbound platform (From Center City)</li></ul>,https://www5.septa.org/about/accessibility/alternative-transportation/regional-rail-alternate/,2026-01-29 03:51:09,2026-01-29T085109UTC
Regional Rail,Chester Transit Center,Inbound,No access to/from inbound platform (To Center City),<ul><li>No access to/from inbound platform (To Center City)</li></ul>,https://www5.septa.org/about/accessibility/alternative-transportation/regional-rail-alternate/,2026-01-29 03:51:09,2026-01-29T085109UTC
Market Frankford Line,15th St/City Hall,"Dilworth Park - South End (Street to Concourse)
","No access to/from the concourse on the south end
","<ul><li>No access to/from the concourse on the south end</li></ul>
",https://www5.septa.org/about/accessibility/alternative-transportation/mfl-alternate/,2026-01-29 03:51:09,2026-01-29T085109UTC
Regional Rail,Lansdale,Lansdale Garage #1,"No access to garage parking floors if both elevators out
","<ul><li>No access to garage parking floors if both elevators out</li></ul>
",https://www5.septa.org/about/accessibility/alternative-transportation/regional-rail-alternate/,2026-01-29 03:51:09,2026-01-29T085109UTC
Broad Street Subway / Broad Ridge Spur,Fern Rock Transit Center,Street Level,No access to/from station,<ul><li>No access to/from station</li></ul>,https://www5.septa.org/about/accessibility/alternative-transportation/bsl-alternate/,2026-01-29 05:44:53,2026-01-29T104453UTC
Broad Street Subway / Broad Ridge Spur,Olney Transit Center,Street to Mezzanine,No access to/from station,<ul><li>No access to/from station</li></ul>,https://www5.septa.org/about/accessibility/alternative-transportation/bsl-alternate/,2026-01-29 05:44:53,2026-01-29T104453UTC
Broad Street Subway / Broad Ridge Spur,8th-Market,Street Level,No access to/from station,<ul><li>No access to/from station</li></ul>,https://www5.septa.org/about/accessibility/alternative-transportation/bsl-alternate/,2026-01-29 05:44:53,2026-01-29T104453UTC
Market Frankford Line,Frankford Transit Center,Main Terminal Pratt Street,Use Bridge Street for access to/from platforms,<ul><li>Use Bridge Street for access to/from platforms</li></ul>,https://www5.septa.org/about/accessibility/alternative-transportation/mfl-alternate/,2026-01-29 05:44:53,2026-01-29T104453UTC
Market Frankford Line,8th-Market,Westbound,No access to/from station,<ul><li>No access to/from station</li></ul>,https://www5.septa.org/about/accessibility/alternative-transportation/mfl-alternate/,2026-01-29 05:44:53,2026-01-29T104453UTC
Regional Rail,Gray 30th Street,"""A"" Platform",No access to/from Tracks 1 and 2,<ul><li>No access to/from Tracks 1 and 2</li></ul>,https://www5.septa.org/about/accessibility/alternative-transportation/regional-rail-alternate/,2026-01-29 05:44:53,2026-01-29T104453UTC
Broad Street Subway / Broad Ridge Spur,North Philadelphia,Southbound,No access to/from southbound platform ,<ul><li>No access to/from southbound platform</li></ul> ,https://www5.septa.org/about/accessibility/alternative-transportation/bsl-alternate/,2026-01-29 05:44:53,2026-01-29T104453UTC
Regional Rail,Wayne Junction,Outbound,No access to/from outbound platform (From Center City),<ul><li>No access to/from outbound platform (From Center City)</li></ul>,https://www5.septa.org/about/accessibility/alternative-transportation/regional-rail-alternate/,2026-01-29 05:44:53,2026-01-29T104453UTC
Regional Rail,Chester Transit Center,Inbound,No access to/from inbound platform (To Center City),<ul><li>No access to/from inbound platform (To Center City)</li></ul>,https://www5.septa.org/about/accessibility/alternative-transportation/regional-rail-alternate/,2026-01-29 05:44:53,2026-01-29T104453UTC
Market Frankford Line,15th St/City Hall,"Dilworth Park - South End (Street to Concourse)
","No access to/from the concourse on the south end
","<ul><li>No access to/from the concourse on the south end</li></ul>
",https://www5.septa.org/about/accessibility/alternative-transportation/mfl-alternate/,2026-01-29 05:44:53,2026-01-29T104453UTC
Regional Rail,Lansdale,Lansdale Garage #1,"No access to garage parking floors if both elevators out
","<ul><li>No access to garage parking floors if both elevators out</li></ul>
",https://www5.septa.org/about/accessibility/alternative-transportation/regional-rail-alternate/,2026-01-29 05:44:53,2026-01-29T104453UTC
Broad Street Subway / Broad Ridge Spur,Fern Rock Transit Center,Street Level,No access to/from station,<ul><li>No access to/from station</li></ul>,https://www5.septa.org/about/accessibility/alternative-transportation/bsl-alternate/,2026-01-29 08:12:03,2026-01-29T131203UTC
Broad Street Subway / Broad Ridge Spur,Olney Transit Center,Street to Mezzanine,No access to/from station,<ul><li>No access to/from station</li></ul>,https://www5.septa.org/about/accessibility/alternative-transportation/bsl-alternate/,2026-01-29 08:12:03,2026-01-29T131203UTC
Broad Street Subway / Broad Ridge Spur,8th-Market,Street Level,No access to/from station,<ul><li>No access to/from station</li></ul>,https://www5.septa.org/about/accessibility/alternative-transportation/bsl-alternate/,2026-01-29 08:12:03,2026-01-29T131203UTC
Market Frankford Line,Frankford Transit Center,Main Terminal Pratt Street,Use Bridge Street for access to/from platforms,<ul><li>Use Bridge Street for access to/from platforms</li></ul>,https://www5.septa.org/about/accessibility/alternative-transportation/mfl-alternate/,2026-01-29 08:12:03,2026-01-29T131203UTC
Market Frankford Line,8th-Market,Westbound,No access to/from station,<ul><li>No access to/from station</li></ul>,https://www5.septa.org/about/accessibility/alternative-transportation/mfl-alternate/,2026-01-29 08:12:03,2026-01-29T131203UTC
Market Frankford Line,60th St,Eastbound,No access to/from eastbound platform,<ul><li>No access to/from eastbound platform</li></ul>,https://www5.septa.org/about/accessibility/alternative-transportation/mfl-alternate/,2026-01-29 08:12:03,2026-01-29T131203UTC
Regional Rail,Gray 30th Street,"""A"" Platform",No access to/from Tracks 1 and 2,<ul><li>No access to/from Tracks 1 and 2</li></ul>,https://www5.septa.org/about/accessibility/alternative-transportation/regional-rail-alternate/,2026-01-29 08:12:03,2026-01-29T131203UTC
Broad Street Subway / Broad Ridge Spur,North Philadelphia,Southbound,No access to/from southbound platform ,<ul><li>No access to/from southbound platform</li></ul> ,https://www5.septa.org/about/accessibility/alternative-transportation/bsl-alternate/,2026-01-29 08:12:03,2026-01-29T131203UTC
Regional Rail,Wayne Junction,Outbound,No access to/from outbound platform (From Center City),<ul><li>No access to/from outbound platform (From Center City)</li></ul>,https://www5.septa.org/about/accessibility/alternative-transportation/regional-rail-alternate/,2026-01-29 08:12:03,2026-01-29T131203UTC
Regional Rail,Chester Transit Center,Inbound,No access to/from inbound platform (To Center City),<ul><li>No access to/from inbound platform (To Center City)</li></ul>,https://www5.septa.org/about/accessibility/alternative-transportation/regional-rail-alternate/,2026-01-29 08:12:03,2026-01-29T131203UTC
Market Frankford Line,15th St/City Hall,"Dilworth Park - South End (Street to Concourse)
","No access to/from the concourse on the south end
","<ul><li>No access to/from the concourse on the south end</li></ul>
",https://www5.septa.org/about/accessibility/alternative-transportation/mfl-alternate/,2026-01-29 08:12:03,2026-01-29T131203UTC
Regional Rail,Lansdale,Lansdale Garage #1,"No access to garage parking floors if both elevators out
","<ul><li>No access to garage parking floors if both elevators out</li></ul>
",https://www5.septa.org/about/accessibility/alternative-transportation/regional-rail-alternate/,2026-01-29 08:12:03,2026-01-29T131203UTC
Broad Street Subway / Broad Ridge Spur,Fern Rock Transit Center,Street Level,No access to/from station,<ul><li>No access to/from station</li></ul>,https://www5.septa.org/about/accessibility/alternative-transportation/bsl-alternate/,2026-01-29 09:43:33,2026-01-29T144333UTC
Broad Street Subway / Broad Ridge Spur,Olney Transit Center,Street to Mezzanine,No access to/from station,<ul><li>No access to/from station</li></ul>,https://www5.septa.org/about/accessibility/alternative-transportation/bsl-alternate/,2026-01-29 09:43:33,2026-01-29T144333UTC
Broad Street Subway / Broad Ridge Spur,8th-Market,Street Level,No access to/from station,<ul><li>No access to/from station</li></ul>,https://www5.septa.org/about/accessibility/alternative-transportation/bsl-alternate/,2026-01-29 09:43:33,2026-01-29T144333UTC
Market Frankford Line,Frankford Transit Center,Main Terminal Pratt Street,Use Bridge Street for access to/from platforms,<ul><li>Use Bridge Street for access to/from platforms</li></ul>,https://www5.septa.org/about/accessibility/alternative-transportation/mfl-alternate/,2026-01-29 09:43:33,2026-01-29T144333UTC
Market Frankford Line,8th-Market,Westbound,No access to/from station,<ul><li>No access to/from station</li></ul>,https://www5.septa.org/about/accessibility/alternative-transportation/mfl-alternate/,2026-01-29 09:43:33,2026-01-29T144333UTC
Market Frankford Line,60th St,Eastbound,No access to/from eastbound platform,<ul><li>No access to/from eastbound platform</li></ul>,https://www5.septa.org/about/accessibility/alternative-transportation/mfl-alternate/,2026-01-29 09:43:33,2026-01-29T144333UTC
Regional Rail,Gray 30th Street,"""A"" Platform",No access to/from Tracks 1 and 2,<ul><li>No access to/from Tracks 1 and 2</li></ul>,https://www5.septa.org/about/accessibility/alternative-transportation/regional-rail-alternate/,2026-01-29 09:43:33,2026-01-29T144333UTC
Broad Street Subway / Broad Ridge Spur,North Philadelphia,Southbound,No access to/from southbound platform ,<ul><li>No access to/from southbound platform</li></ul> ,https://www5.septa.org/about/accessibility/alternative-transportation/bsl-alternate/,2026-01-29 09:43:33,2026-01-29T144333UTC
Regional Rail,Wayne Junction,Outbound,No access to/from outbound platform (From Center City),<ul><li>No access to/from outbound platform (From Center City)</li></ul>,https://www5.septa.org/about/accessibility/alternative-transportation/regional-rail-alternate/,2026-01-29 09:43:33,2026-01-29T144333UTC
Regional Rail,Chester Transit Center,Inbound,No access to/from inbound platform (To Center City),<ul><li>No access to/from inbound platform (To Center City)</li></ul>,https://www5.septa.org/about/accessibility/alternative-transportation/regional-rail-alternate/,2026-01-29 09:43:33,2026-01-29T144333UTC
Market Frankford Line,15th St/City Hall,"Dilworth Park - South End (Street to Concourse)
","No access to/from the concourse on the south end
","<ul><li>No access to/from the concourse on the south end</li></ul>
",https://www5.septa.org/about/accessibility/alternative-transportation/mfl-alternate/,2026-01-29 09:43:33,2026-01-29T144333UTC
Regional Rail,Lansdale,Lansdale Garage #1,"No access to garage parking floors if both elevators out
","<ul><li>No access to garage parking floors if both elevators out</li></ul>
",https://www5.septa.org/about/accessibility/alternative-transportation/regional-rail-alternate/,2026-01-29 09:43:33,2026-01-29T144333UTC
Broad Street Subway / Broad Ridge Spur,Fern Rock Transit Center,Street Level,No access to/from station,<ul><li>No access to/from station</li></ul>,https://www5.septa.org/about/accessibility/alternative-transportation/bsl-alternate/,2026-01-29 11:55:23,2026-01-29T165523UTC
Broad Street Subway / Broad Ridge Spur,Olney Transit Center,Street to Mezzanine,No access to/from station,<ul><li>No access to/from station</li></ul>,https://www5.septa.org/about/accessibility/alternative-transportation/bsl-alternate/,2026-01-29 11:55:23,2026-01-29T165523UTC
Broad Street Subway / Broad Ridge Spur,8th-Market,Street Level,No access to/from station,<ul><li>No access to/from station</li></ul>,https://www5.septa.org/about/accessibility/alternative-transportation/bsl-alternate/,2026-01-29 11:55:23,2026-01-29T165523UTC
Market Frankford Line,Frankford Transit Center,Main Terminal Pratt Street,Use Bridge Street for access to/from platforms,<ul><li>Use Bridge Street for access to/from platforms</li></ul>,https://www5.septa.org/about/accessibility/alternative-transportation/mfl-alternate/,2026-01-29 11:55:23,2026-01-29T165523UTC
Market Frankford Line,Huntingdon,Westbound ,No access to/from station,<ul><li>No access to/from station</li></ul>,https://www5.septa.org/about/accessibility/alternative-transportation/mfl-alternate/,2026-01-29 11:55:23,2026-01-29T165523UTC
Market Frankford Line,8th-Market,Westbound,No access to/from station,<ul><li>No access to/from station</li></ul>,https://www5.septa.org/about/accessibility/alternative-transportation/mfl-alternate/,2026-01-29 11:55:23,2026-01-29T165523UTC
Market Frankford Line,60th St,Eastbound,No access to/from eastbound platform,<ul><li>No access to/from eastbound platform</li></ul>,https://www5.septa.org/about/accessibility/alternative-transportation/mfl-alternate/,2026-01-29 11:55:23,2026-01-29T165523UTC
Regional Rail,Gray 30th Street,"""A"" Platform",No access to/from Tracks 1 and 2,<ul><li>No access to/from Tracks 1 and 2</li></ul>,https://www5.septa.org/about/accessibility/alternative-transportation/regional-rail-alternate/,2026-01-29 11:55:23,2026-01-29T165523UTC
Broad Street Subway / Broad Ridge Spur,North Philadelphia,Southbound,No access to/from southbound platform ,<ul><li>No access to/from southbound platform</li></ul> ,https://www5.septa.org/about/accessibility/alternative-transportation/bsl-alternate/,2026-01-29 11:55:23,2026-01-29T165523UTC
Regional Rail,Wayne Junction,Outbound,No access to/from outbound platform (From Center City),<ul><li>No access to/from outbound platform (From Center City)</li></ul>,https://www5.septa.org/about/accessibility/alternative-transportation/regional-rail-alternate/,2026-01-29 11:55:23,2026-01-29T165523UTC
Regional Rail,Chester Transit Center,Inbound,No access to/from inbound platform (To Center City),<ul><li>No access to/from inbound platform (To Center City)</li></ul>,https://www5.septa.org/about/accessibility/alternative-transportation/regional-rail-alternate/,2026-01-29 11:55:23,2026-01-29T165523UTC
Market Frankford Line,15th St/City Hall,"Dilworth Park - South End (Street to Concourse)
","No access to/from the concourse on the south end
","<ul><li>No access to/from the concourse on the south end</li></ul>
",https://www5.septa.org/about/accessibility/alternative-transportation/mfl-alternate/,2026-01-29 11:55:23,2026-01-29T165523UTC
Regional Rail,Lansdale,Lansdale Garage #1,"No access to garage parking floors if both elevators out
","<ul><li>No access to garage parking floors if both elevators out</li></ul>
",https://www5.septa.org/about/accessibility/alternative-transportation/regional-rail-alternate/,2026-01-29 11:55:23,2026-01-29T165523UTC
Broad Street Subway / Broad Ridge Spur,Fern Rock Transit Center,Street Level,No access to/from station,<ul><li>No access to/from station</li></ul>,https://www5.septa.org/about/accessibility/alternative-transportation/bsl-alternate/,2026-01-29 13:57:18,2026-01-29T185718UTC
Broad Street Subway / Broad Ridge Spur,Olney Transit Center,Street to Mezzanine,No access to/from station,<ul><li>No access to/from station</li></ul>,https://www5.septa.org/about/accessibility/alternative-transportation/bsl-alternate/,2026-01-29 13:57:18,2026-01-29T185718UTC
Broad Street Subway / Broad Ridge Spur,8th-Market,Street Level,No access to/from station,<ul><li>No access to/from station</li></ul>,https://www5.septa.org/about/accessibility/alternative-transportation/bsl-alternate/,2026-01-29 13:57:18,2026-01-29T185718UTC
Market Frankford Line,Frankford Transit Center,Main Terminal Pratt Street,Use Bridge Street for access to/from platforms,<ul><li>Use Bridge Street for access to/from platforms</li></ul>,https://www5.septa.org/about/accessibility/alternative-transportation/mfl-alternate/,2026-01-29 13:57:18,2026-01-29T185718UTC
Market Frankford Line,Huntingdon,Westbound ,No access to/from station,<ul><li>No access to/from station</li></ul>,https://www5.septa.org/about/accessibility/alternative-transportation/mfl-alternate/,2026-01-29 13:57:18,2026-01-29T185718UTC
Market Frankford Line,8th-Market,Westbound,No access to/from station,<ul><li>No access to/from station</li></ul>,https://www5.septa.org/about/accessibility/alternative-transportation/mfl-alternate/,2026-01-29 13:57:18,2026-01-29T185718UTC
Market Frankford Line,60th St,Eastbound,No access to/from eastbound platform,<ul><li>No access to/from eastbound platform</li></ul>,https://www5.septa.org/about/accessibility/alternative-transportation/mfl-alternate/,2026-01-29 13:57:18,2026-01-29T185718UTC
Regional Rail,Gray 30th Street,"""A"" Platform",No access to/from Tracks 1 and 2,<ul><li>No access to/from Tracks 1 and 2</li></ul>,https://www5.septa.org/about/accessibility/alternative-transportation/regional-rail-alternate/,2026-01-29 13:57:18,2026-01-29T185718UTC
Broad Street Subway / Broad Ridge Spur,North Philadelphia,Southbound,No access to/from southbound platform ,<ul><li>No access to/from southbound platform</li></ul> ,https://www5.septa.org/about/accessibility/alternative-transportation/bsl-alternate/,2026-01-29 13:57:18,2026-01-29T185718UTC
Regional Rail,Wayne Junction,Outbound,No access to/from outbound platform (From Center City),<ul><li>No access to/from outbound platform (From Center City)</li></ul>,https://www5.septa.org/about/accessibility/alternative-transportation/regional-rail-alternate/,2026-01-29 13:57:18,2026-01-29T185718UTC
Regional Rail,Chester Transit Center,Inbound,No access to/from inbound platform (To Center City),<ul><li>No access to/from inbound platform (To Center City)</li></ul>,https://www5.septa.org/about/accessibility/alternative-transportation/regional-rail-alternate/,2026-01-29 13:57:18,2026-01-29T185718UTC
Market Frankford Line,15th St/City Hall,"Dilworth Park - South End (Street to Concourse)
","No access to/from the concourse on the south end
","<ul><li>No access to/from the concourse on the south end</li></ul>
",https://www5.septa.org/about/accessibility/alternative-transportation/mfl-alternate/,2026-01-29 13:57:18,2026-01-29T185718UTC
Regional Rail,Lansdale,Lansdale Garage #1,"No access to garage parking floors if both elevators out
","<ul><li>No access to garage parking floors if both elevators out</li></ul>
",https://www5.septa.org/about/accessibility/alternative-transportation/regional-rail-alternate/,2026-01-29 13:57:18,2026-01-29T185718UTC
Broad Street Subway / Broad Ridge Spur,Fern Rock Transit Center,Street Level,No access to/from station,<ul><li>No access to/from station</li></ul>,https://www5.septa.org/about/accessibility/alternative-transportation/bsl-alternate/,2026-01-29 15:38:14,2026-01-29T203814UTC
Broad Street Subway / Broad Ridge Spur,Olney Transit Center,Street to Mezzanine,No access to/from station,<ul><li>No access to/from station</li></ul>,https://www5.septa.org/about/accessibility/alternative-transportation/bsl-alternate/,2026-01-29 15:38:14,2026-01-29T203814UTC
Broad Street Subway / Broad Ridge Spur,8th-Market,Street Level,No access to/from station,<ul><li>No access to/from station</li></ul>,https://www5.septa.org/about/accessibility/alternative-transportation/bsl-alternate/,2026-01-29 15:38:14,2026-01-29T203814UTC
Market Frankford Line,Frankford Transit Center,Main Terminal Pratt Street,Use Bridge Street for access to/from platforms,<ul><li>Use Bridge Street for access to/from platforms</li></ul>,https://www5.septa.org/about/accessibility/alternative-transportation/mfl-alternate/,2026-01-29 15:38:14,2026-01-29T203814UTC
Market Frankford Line,Huntingdon,Westbound ,No access to/from station,<ul><li>No access to/from station</li></ul>,https://www5.septa.org/about/accessibility/alternative-transportation/mfl-alternate/,2026-01-29 15:38:14,2026-01-29T203814UTC
Market Frankford Line,8th-Market,Westbound,No access to/from station,<ul><li>No access to/from station</li></ul>,https://www5.septa.org/about/accessibility/alternative-transportation/mfl-alternate/,2026-01-29 15:38:14,2026-01-29T203814UTC
Market Frankford Line,60th St,Eastbound,No access to/from eastbound platform,<ul><li>No access to/from eastbound platform</li></ul>,https://www5.septa.org/about/accessibility/alternative-transportation/mfl-alternate/,2026-01-29 15:38:14,2026-01-29T203814UTC
Regional Rail,Gray 30th Street,"""A"" Platform",No access to/from Tracks 1 and 2,<ul><li>No access to/from Tracks 1 and 2</li></ul>,https://www5.septa.org/about/accessibility/alternative-transportation/regional-rail-alternate/,2026-01-29 15:38:14,2026-01-29T203814UTC
Broad Street Subway / Broad Ridge Spur,North Philadelphia,Southbound,No access to/from southbound platform ,<ul><li>No access to/from southbound platform</li></ul> ,https://www5.septa.org/about/accessibility/alternative-transportation/bsl-alternate/,2026-01-29 15:38:14,2026-01-29T203814UTC
Regional Rail,Wayne Junction,Outbound,No access to/from outbound platform (From Center City),<ul><li>No access to/from outbound platform (From Center City)</li></ul>,https://www5.septa.org/about/accessibility/alternative-transportation/regional-rail-alternate/,2026-01-29 15:38:14,2026-01-29T203814UTC
Regional Rail,Chester Transit Center,Inbound,No access to/from inbound platform (To Center City),<ul><li>No access to/from inbound platform (To Center City)</li></ul>,https://www5.septa.org/about/accessibility/alternative-transportation/regional-rail-alternate/,2026-01-29 15:38:14,2026-01-29T203814UTC
Market Frankford Line,15th St/City Hall,"Dilworth Park - South End (Street to Concourse)
","No access to/from the concourse on the south end
","<ul><li>No access to/from the concourse on the south end</li></ul>
",https://www5.septa.org/about/accessibility/alternative-transportation/mfl-alternate/,2026-01-29 15:38:14,2026-01-29T203814UTC
Regional Rail,Lansdale,Lansdale Garage #1,"No access to garage parking floors if both elevators out
","<ul><li>No access to garage parking floors if both elevators out</li></ul>
",https://www5.septa.org/about/accessibility/alternative-transportation/regional-rail-alternate/,2026-01-29 15:38:14,2026-01-29T203814UTC
Broad Street Subway / Broad Ridge Spur,Fern Rock Transit Center,Street Level,No access to/from station,<ul><li>No access to/from station</li></ul>,https://www5.septa.org/about/accessibility/alternative-transportation/bsl-alternate/,2026-01-29 17:34:56,2026-01-29T223456UTC
Broad Street Subway / Broad Ridge Spur,Olney Transit Center,Street to Mezzanine,No access to/from station,<ul><li>No access to/from station</li></ul>,https://www5.septa.org/about/accessibility/alternative-transportation/bsl-alternate/,2026-01-29 17:34:56,2026-01-29T223456UTC
Broad Street Subway / Broad Ridge Spur,8th-Market,Street Level,No access to/from station,<ul><li>No access to/from station</li></ul>,https://www5.septa.org/about/accessibility/alternative-transportation/bsl-alternate/,2026-01-29 17:34:56,2026-01-29T223456UTC
Market Frankford Line,Frankford Transit Center,Main Terminal Pratt Street,Use Bridge Street for access to/from platforms,<ul><li>Use Bridge Street for access to/from platforms</li></ul>,https://www5.septa.org/about/accessibility/alternative-transportation/mfl-alternate/,2026-01-29 17:34:56,2026-01-29T223456UTC
Market Frankford Line,Tioga,Westbound,No access to/from station,<ul><li>No access to/from station</li></ul>,https://www5.septa.org/about/accessibility/alternative-transportation/mfl-alternate/,2026-01-29 17:34:56,2026-01-29T223456UTC
Market Frankford Line,Huntingdon,Westbound ,No access to/from station,<ul><li>No access to/from station</li></ul>,https://www5.septa.org/about/accessibility/alternative-transportation/mfl-alternate/,2026-01-29 17:34:56,2026-01-29T223456UTC
Market Frankford Line,8th-Market,Westbound,No access to/from station,<ul><li>No access to/from station</li></ul>,https://www5.septa.org/about/accessibility/alternative-transportation/mfl-alternate/,2026-01-29 17:34:56,2026-01-29T223456UTC
Market Frankford Line,13th St,Westbound,No access to/from stationNo access to/from Trolley Lines,<ul><li>No access to/from station</li><li>No access to/from Trolley Lines</li></ul>,https://www5.septa.org/about/accessibility/alternative-transportation/mfl-alternate/,2026-01-29 17:34:56,2026-01-29T223456UTC
Market Frankford Line,60th St,Eastbound,No access to/from eastbound platform,<ul><li>No access to/from eastbound platform</li></ul>,https://www5.septa.org/about/accessibility/alternative-transportation/mfl-alternate/,2026-01-29 17:34:56,2026-01-29T223456UTC
Regional Rail,Gray 30th Street,"""A"" Platform",No access to/from Tracks 1 and 2,<ul><li>No access to/from Tracks 1 and 2</li></ul>,https://www5.septa.org/about/accessibility/alternative-transportation/regional-rail-alternate/,2026-01-29 17:34:56,2026-01-29T223456UTC
Broad Street Subway / Broad Ridge Spur,North Philadelphia,Southbound,No access to/from southbound platform ,<ul><li>No access to/from southbound platform</li></ul> ,https://www5.septa.org/about/accessibility/alternative-transportation/bsl-alternate/,2026-01-29 17:34:56,2026-01-29T223456UTC
Regional Rail,Wayne Junction,Outbound,No access to/from outbound platform (From Center City),<ul><li>No access to/from outbound platform (From Center City)</li></ul>,https://www5.septa.org/about/accessibility/alternative-transportation/regional-rail-alternate/,2026-01-29 17:34:56,2026-01-29T223456UTC
Regional Rail,Chester Transit Center,Inbound,No access to/from inbound platform (To Center City),<ul><li>No access to/from inbound platform (To Center City)</li></ul>,https://www5.septa.org/about/accessibility/alternative-transportation/regional-rail-alternate/,2026-01-29 17:34:56,2026-01-29T223456UTC
Market Frankford Line,15th St/City Hall,"Dilworth Park - South End (Street to Concourse)
","No access to/from the concourse on the south end
","<ul><li>No access to/from the concourse on the south end</li></ul>
",https://www5.septa.org/about/accessibility/alternative-transportation/mfl-alternate/,2026-01-29 17:34:56,2026-01-29T223456UTC
Regional Rail,Lansdale,Lansdale Garage #1,"No access to garage parking floors if both elevators out
","<ul><li>No access to garage parking floors if both elevators out</li></ul>
",https://www5.septa.org/about/accessibility/alternative-transportation/regional-rail-alternate/,2026-01-29 17:34:56,2026-01-29T223456UTC
Broad Street Subway / Broad Ridge Spur,Fern Rock Transit Center,Street Level,No access to/from station,<ul><li>No access to/from station</li></ul>,https://www5.septa.org/about/accessibility/alternative-transportation/bsl-alternate/,2026-01-29 21:36:13,2026-01-30T023613UTC
Broad Street Subway / Broad Ridge Spur,Olney Transit Center,Street to Mezzanine,No access to/from station,<ul><li>No access to/from station</li></ul>,https://www5.septa.org/about/accessibility/alternative-transportation/bsl-alternate/,2026-01-29 21:36:13,2026-01-30T023613UTC
Broad Street Subway / Broad Ridge Spur,8th-Market,Street Level,No access to/from station,<ul><li>No access to/from station</li></ul>,https://www5.septa.org/about/accessibility/alternative-transportation/bsl-alternate/,2026-01-29 21:36:13,2026-01-30T023613UTC
Market Frankford Line,Frankford Transit Center,Main Terminal Pratt Street,Use Bridge Street for access to/from platforms,<ul><li>Use Bridge Street for access to/from platforms</li></ul>,https://www5.septa.org/about/accessibility/alternative-transportation/mfl-alternate/,2026-01-29 21:36:13,2026-01-30T023613UTC
Market Frankford Line,Tioga,Westbound,No access to/from station,<ul><li>No access to/from station</li></ul>,https://www5.septa.org/about/accessibility/alternative-transportation/mfl-alternate/,2026-01-29 21:36:13,2026-01-30T023613UTC
Market Frankford Line,8th-Market,Westbound,No access to/from station,<ul><li>No access to/from station</li></ul>,https://www5.septa.org/about/accessibility/alternative-transportation/mfl-alternate/,2026-01-29 21:36:13,2026-01-30T023613UTC
Regional Rail,Gray 30th Street,"""A"" Platform",No access to/from Tracks 1 and 2,<ul><li>No access to/from Tracks 1 and 2</li></ul>,https://www5.septa.org/about/accessibility/alternative-transportation/regional-rail-alternate/,2026-01-29 21:36:13,2026-01-30T023613UTC
Broad Street Subway / Broad Ridge Spur,North Philadelphia,Southbound,No access to/from southbound platform ,<ul><li>No access to/from southbound platform</li></ul> ,https://www5.septa.org/about/accessibility/alternative-transportation/bsl-alternate/,2026-01-29 21:36:13,2026-01-30T023613UTC
Regional Rail,Wayne Junction,Outbound,No access to/from outbound platform (From Center City),<ul><li>No access to/from outbound platform (From Center City)</li></ul>,https://www5.septa.org/about/accessibility/alternative-transportation/regional-rail-alternate/,2026-01-29 21:36:13,2026-01-30T023613UTC
Regional Rail,Chester Transit Center,Inbound,No access to/from inbound platform (To Center City),<ul><li>No access to/from inbound platform (To Center City)</li></ul>,https://www5.septa.org/about/accessibility/alternative-transportation/regional-rail-alternate/,2026-01-29 21:36:13,2026-01-30T023613UTC
Market Frankford Line,15th St/City Hall,"Dilworth Park - South End (Street to Concourse)
","No access to/from the concourse on the south end
","<ul><li>No access to/from the concourse on the south end</li></ul>
",https://www5.septa.org/about/accessibility/alternative-transportation/mfl-alternate/,2026-01-29 21:36:13,2026-01-30T023613UTC
Regional Rail,Lansdale,Lansdale Garage #1,"No access to garage parking floors if both elevators out
","<ul><li>No access to garage parking floors if both elevators out</li></ul>
",https://www5.septa.org/about/accessibility/alternative-transportation/regional-rail-alternate/,2026-01-29 21:36:13,2026-01-30T023613UTC
Broad Street Subway / Broad Ridge Spur,Fern Rock Transit Center,Street Level,No access to/from station,<ul><li>No access to/from station</li></ul>,https://www5.septa.org/about/accessibility/alternative-transportation/bsl-alternate/,2026-01-30 00:11:54,2026-01-30T051154UTC
Broad Street Subway / Broad Ridge Spur,Olney Transit Center,Street to Mezzanine,No access to/from station,<ul><li>No access to/from station</li></ul>,https://www5.septa.org/about/accessibility/alternative-transportation/bsl-alternate/,2026-01-30 00:11:54,2026-01-30T051154UTC
Broad Street Subway / Broad Ridge Spur,8th-Market,Street Level,No access to/from station,<ul><li>No access to/from station</li></ul>,https://www5.septa.org/about/accessibility/alternative-transportation/bsl-alternate/,2026-01-30 00:11:54,2026-01-30T051154UTC
Market Frankford Line,Frankford Transit Center,Main Terminal Pratt Street,Use Bridge Street for access to/from platforms,<ul><li>Use Bridge Street for access to/from platforms</li></ul>,https://www5.septa.org/about/accessibility/alternative-transportation/mfl-alternate/,2026-01-30 00:11:54,2026-01-30T051154UTC
Market Frankford Line,Tioga,Westbound,No access to/from station,<ul><li>No access to/from station</li></ul>,https://www5.septa.org/about/accessibility/alternative-transportation/mfl-alternate/,2026-01-30 00:11:54,2026-01-30T051154UTC
Market Frankford Line,8th-Market,Westbound,No access to/from station,<ul><li>No access to/from station</li></ul>,https://www5.septa.org/about/accessibility/alternative-transportation/mfl-alternate/,2026-01-30 00:11:54,2026-01-30T051154UTC
Regional Rail,Gray 30th Street,"""A"" Platform",No access to/from Tracks 1 and 2,<ul><li>No access to/from Tracks 1 and 2</li></ul>,https://www5.septa.org/about/accessibility/alternative-transportation/regional-rail-alternate/,2026-01-30 00:11:54,2026-01-30T051154UTC
Broad Street Subway / Broad Ridge Spur,North Philadelphia,Southbound,No access to/from southbound platform ,<ul><li>No access to/from southbound platform</li></ul> ,https://www5.septa.org/about/accessibility/alternative-transportation/bsl-alternate/,2026-01-30 00:11:54,2026-01-30T051154UTC
Regional Rail,Wayne Junction,Outbound,No access to/from outbound platform (From Center City),<ul><li>No access to/from outbound platform (From Center City)</li></ul>,https://www5.septa.org/about/accessibility/alternative-transportation/regional-rail-alternate/,2026-01-30 00:11:54,2026-01-30T051154UTC
Regional Rail,Chester Transit Center,Inbound,No access to/from inbound platform (To Center City),<ul><li>No access to/from inbound platform (To Center City)</li></ul>,https://www5.septa.org/about/accessibility/alternative-transportation/regional-rail-alternate/,2026-01-30 00:11:54,2026-01-30T051154UTC
Market Frankford Line,15th St/City Hall,"Dilworth Park - South End (Street to Concourse)
","No access to/from the concourse on the south end
","<ul><li>No access to/from the concourse on the south end</li></ul>
",https://www5.septa.org/about/accessibility/alternative-transportation/mfl-alternate/,2026-01-30 00:11:54,2026-01-30T051154UTC
Regional Rail,Lansdale,Lansdale Garage #1,"No access to garage parking floors if both elevators out
","<ul><li>No access to garage parking floors if both elevators out</li></ul>
",https://www5.septa.org/about/accessibility/alternative-transportation/regional-rail-alternate/,2026-01-30 00:11:54,2026-01-30T051154UTC
Broad Street Subway / Broad Ridge Spur,Fern Rock Transit Center,Street Level,No access to/from station,<ul><li>No access to/from station</li></ul>,https://www5.septa.org/about/accessibility/alternative-transportation/bsl-alternate/,2026-01-30 01:59:10,2026-01-30T065910UTC
Broad Street Subway / Broad Ridge Spur,Olney Transit Center,Street to Mezzanine,No access to/from station,<ul><li>No access to/from station</li></ul>,https://www5.septa.org/about/accessibility/alternative-transportation/bsl-alternate/,2026-01-30 01:59:10,2026-01-30T065910UTC
Broad Street Subway / Broad Ridge Spur,8th-Market,Street Level,No access to/from station,<ul><li>No access to/from station</li></ul>,https://www5.septa.org/about/accessibility/alternative-transportation/bsl-alternate/,2026-01-30 01:59:10,2026-01-30T065910UTC
Market Frankford Line,Frankford Transit Center,Main Terminal Pratt Street,Use Bridge Street for access to/from platforms,<ul><li>Use Bridge Street for access to/from platforms</li></ul>,https://www5.septa.org/about/accessibility/alternative-transportation/mfl-alternate/,2026-01-30 01:59:10,2026-01-30T065910UTC
Market Frankford Line,Tioga,Westbound,No access to/from station,<ul><li>No access to/from station</li></ul>,https://www5.septa.org/about/accessibility/alternative-transportation/mfl-alternate/,2026-01-30 01:59:10,2026-01-30T065910UTC
Market Frankford Line,8th-Market,Westbound,No access to/from station,<ul><li>No access to/from station</li></ul>,https://www5.septa.org/about/accessibility/alternative-transportation/mfl-alternate/,2026-01-30 01:59:10,2026-01-30T065910UTC
Regional Rail,Gray 30th Street,"""A"" Platform",No access to/from Tracks 1 and 2,<ul><li>No access to/from Tracks 1 and 2</li></ul>,https://www5.septa.org/about/accessibility/alternative-transportation/regional-rail-alternate/,2026-01-30 01:59:10,2026-01-30T065910UTC
Broad Street Subway / Broad Ridge Spur,North Philadelphia,Southbound,No access to/from southbound platform ,<ul><li>No access to/from southbound platform</li></ul> ,https://www5.septa.org/about/accessibility/alternative-transportation/bsl-alternate/,2026-01-30 01:59:10,2026-01-30T065910UTC
Regional Rail,Wayne Junction,Outbound,No access to/from outbound platform (From Center City),<ul><li>No access to/from outbound platform (From Center City)</li></ul>,https://www5.septa.org/about/accessibility/alternative-transportation/regional-rail-alternate/,2026-01-30 01:59:10,2026-01-30T065910UTC
Regional Rail,Chester Transit Center,Inbound,No access to/from inbound platform (To Center City),<ul><li>No access to/from inbound platform (To Center City)</li></ul>,https://www5.septa.org/about/accessibility/alternative-transportation/regional-rail-alternate/,2026-01-30 01:59:10,2026-01-30T065910UTC
Market Frankford Line,15th St/City Hall,"Dilworth Park - South End (Street to Concourse)
","No access to/from the concourse on the south end
","<ul><li>No access to/from the concourse on the south end</li></ul>
",https://www5.septa.org/about/accessibility/alternative-transportation/mfl-alternate/,2026-01-30 01:59:10,2026-01-30T065910UTC
Regional Rail,Lansdale,Lansdale Garage #1,"No access to garage parking floors if both elevators out
","<ul><li>No access to garage parking floors if both elevators out</li></ul>
",https://www5.septa.org/about/accessibility/alternative-transportation/regional-rail-alternate/,2026-01-30 01:59:10,2026-01-30T065910UTC
Broad Street Subway / Broad Ridge Spur,Fern Rock Transit Center,Street Level,No access to/from station,<ul><li>No access to/from station</li></ul>,https://www5.septa.org/about/accessibility/alternative-transportation/bsl-alternate/,2026-01-30 03:50:15,2026-01-30T085015UTC
Broad Street Subway / Broad Ridge Spur,Olney Transit Center,Street to Mezzanine,No access to/from station,<ul><li>No access to/from station</li></ul>,https://www5.septa.org/about/accessibility/alternative-transportation/bsl-alternate/,2026-01-30 03:50:15,2026-01-30T085015UTC
Broad Street Subway / Broad Ridge Spur,8th-Market,Street Level,No access to/from station,<ul><li>No access to/from station</li></ul>,https://www5.septa.org/about/accessibility/alternative-transportation/bsl-alternate/,2026-01-30 03:50:15,2026-01-30T085015UTC
Market Frankford Line,Frankford Transit Center,Main Terminal Pratt Street,Use Bridge Street for access to/from platforms,<ul><li>Use Bridge Street for access to/from platforms</li></ul>,https://www5.septa.org/about/accessibility/alternative-transportation/mfl-alternate/,2026-01-30 03:50:15,2026-01-30T085015UTC
Market Frankford Line,Tioga,Westbound,No access to/from station,<ul><li>No access to/from station</li></ul>,https://www5.septa.org/about/accessibility/alternative-transportation/mfl-alternate/,2026-01-30 03:50:15,2026-01-30T085015UTC
Market Frankford Line,8th-Market,Westbound,No access to/from station,<ul><li>No access to/from station</li></ul>,https://www5.septa.org/about/accessibility/alternative-transportation/mfl-alternate/,2026-01-30 03:50:15,2026-01-30T085015UTC
Regional Rail,Gray 30th Street,"""A"" Platform",No access to/from Tracks 1 and 2,<ul><li>No access to/from Tracks 1 and 2</li></ul>,https://www5.septa.org/about/accessibility/alternative-transportation/regional-rail-alternate/,2026-01-30 03:50:15,2026-01-30T085015UTC
Broad Street Subway / Broad Ridge Spur,North Philadelphia,Southbound,No access to/from southbound platform ,<ul><li>No access to/from southbound platform</li></ul> ,https://www5.septa.org/about/accessibility/alternative-transportation/bsl-alternate/,2026-01-30 03:50:15,2026-01-30T085015UTC
Regional Rail,Wayne Junction,Outbound,No access to/from outbound platform (From Center City),<ul><li>No access to/from outbound platform (From Center City)</li></ul>,https://www5.septa.org/about/accessibility/alternative-transportation/regional-rail-alternate/,2026-01-30 03:50:15,2026-01-30T085015UTC
Regional Rail,Chester Transit Center,Inbound,No access to/from inbound platform (To Center City),<ul><li>No access to/from inbound platform (To Center City)</li></ul>,https://www5.septa.org/about/accessibility/alternative-transportation/regional-rail-alternate/,2026-01-30 03:50:15,2026-01-30T085015UTC
Market Frankford Line,15th St/City Hall,"Dilworth Park - South End (Street to Concourse)
","No access to/from the concourse on the south end
","<ul><li>No access to/from the concourse on the south end</li></ul>
",https://www5.septa.org/about/accessibility/alternative-transportation/mfl-alternate/,2026-01-30 03:50:15,2026-01-30T085015UTC
Regional Rail,Lansdale,Lansdale Garage #1,"No access to garage parking floors if both elevators out
","<ul><li>No access to garage parking floors if both elevators out</li></ul>
",https://www5.septa.org/about/accessibility/alternative-transportation/regional-rail-alternate/,2026-01-30 03:50:15,2026-01-30T085015UTC
Broad Street Subway / Broad Ridge Spur,Fern Rock Transit Center,Street Level,No access to/from station,<ul><li>No access to/from station</li></ul>,https://www5.septa.org/about/accessibility/alternative-transportation/bsl-alternate/,2026-01-30 05:42:25,2026-01-30T104225UTC
Broad Street Subway / Broad Ridge Spur,Olney Transit Center,Street to Mezzanine,No access to/from station,<ul><li>No access to/from station</li></ul>,https://www5.septa.org/about/accessibility/alternative-transportation/bsl-alternate/,2026-01-30 05:42:25,2026-01-30T104225UTC
Broad Street Subway / Broad Ridge Spur,8th-Market,Street Level,No access to/from station,<ul><li>No access to/from station</li></ul>,https://www5.septa.org/about/accessibility/alternative-transportation/bsl-alternate/,2026-01-30 05:42:25,2026-01-30T104225UTC
Market Frankford Line,Frankford Transit Center,Main Terminal Pratt Street,Use Bridge Street for access to/from platforms,<ul><li>Use Bridge Street for access to/from platforms</li></ul>,https://www5.septa.org/about/accessibility/alternative-transportation/mfl-alternate/,2026-01-30 05:42:25,2026-01-30T104225UTC
Market Frankford Line,Tioga,Westbound,No access to/from station,<ul><li>No access to/from station</li></ul>,https://www5.septa.org/about/accessibility/alternative-transportation/mfl-alternate/,2026-01-30 05:42:25,2026-01-30T104225UTC
Market Frankford Line,8th-Market,Westbound,No access to/from station,<ul><li>No access to/from station</li></ul>,https://www5.septa.org/about/accessibility/alternative-transportation/mfl-alternate/,2026-01-30 05:42:25,2026-01-30T104225UTC
Regional Rail,Gray 30th Street,"""A"" Platform",No access to/from Tracks 1 and 2,<ul><li>No access to/from Tracks 1 and 2</li></ul>,https://www5.septa.org/about/accessibility/alternative-transportation/regional-rail-alternate/,2026-01-30 05:42:25,2026-01-30T104225UTC
Broad Street Subway / Broad Ridge Spur,North Philadelphia,Southbound,No access to/from southbound platform ,<ul><li>No access to/from southbound platform</li></ul> ,https://www5.septa.org/about/accessibility/alternative-transportation/bsl-alternate/,2026-01-30 05:42:25,2026-01-30T104225UTC
Regional Rail,Wayne Junction,Outbound,No access to/from outbound platform (From Center City),<ul><li>No access to/from outbound platform (From Center City)</li></ul>,https://www5.septa.org/about/accessibility/alternative-transportation/regional-rail-alternate/,2026-01-30 05:42:25,2026-01-30T104225UTC
Regional Rail,Chester Transit Center,Inbound,No access to/from inbound platform (To Center City),<ul><li>No access to/from inbound platform (To Center City)</li></ul>,https://www5.septa.org/about/accessibility/alternative-transportation/regional-rail-alternate/,2026-01-30 05:42:25,2026-01-30T104225UTC
Market Frankford Line,15th St/City Hall,"Dilworth Park - South End (Street to Concourse)
","No access to/from the concourse on the south end
","<ul><li>No access to/from the concourse on the south end</li></ul>
",https://www5.septa.org/about/accessibility/alternative-transportation/mfl-alternate/,2026-01-30 05:42:25,2026-01-30T104225UTC
Regional Rail,Lansdale,Lansdale Garage #1,"No access to garage parking floors if both elevators out
","<ul><li>No access to garage parking floors if both elevators out</li></ul>
",https://www5.septa.org/about/accessibility/alternative-transportation/regional-rail-alternate/,2026-01-30 05:42:25,2026-01-30T104225UTC
Broad Street Subway / Broad Ridge Spur,Fern Rock Transit Center,Street Level,No access to/from station,<ul><li>No access to/from station</li></ul>,https://www5.septa.org/about/accessibility/alternative-transportation/bsl-alternate/,2026-01-30 08:10:30,2026-01-30T131030UTC
Broad Street Subway / Broad Ridge Spur,Olney Transit Center,Street to Mezzanine,No access to/from station,<ul><li>No access to/from station</li></ul>,https://www5.septa.org/about/accessibility/alternative-transportation/bsl-alternate/,2026-01-30 08:10:30,2026-01-30T131030UTC
Broad Street Subway / Broad Ridge Spur,8th-Market,Street Level,No access to/from station,<ul><li>No access to/from station</li></ul>,https://www5.septa.org/about/accessibility/alternative-transportation/bsl-alternate/,2026-01-30 08:10:30,2026-01-30T131030UTC
Market Frankford Line,Frankford Transit Center,Main Terminal Pratt Street,Use Bridge Street for access to/from platforms,<ul><li>Use Bridge Street for access to/from platforms</li></ul>,https://www5.septa.org/about/accessibility/alternative-transportation/mfl-alternate/,2026-01-30 08:10:30,2026-01-30T131030UTC
Market Frankford Line,Tioga,Westbound,No access to/from station,<ul><li>No access to/from station</li></ul>,https://www5.septa.org/about/accessibility/alternative-transportation/mfl-alternate/,2026-01-30 08:10:30,2026-01-30T131030UTC
Market Frankford Line,8th-Market,Westbound,No access to/from station,<ul><li>No access to/from station</li></ul>,https://www5.septa.org/about/accessibility/alternative-transportation/mfl-alternate/,2026-01-30 08:10:30,2026-01-30T131030UTC
Regional Rail,Gray 30th Street,"""A"" Platform",No access to/from Tracks 1 and 2,<ul><li>No access to/from Tracks 1 and 2</li></ul>,https://www5.septa.org/about/accessibility/alternative-transportation/regional-rail-alternate/,2026-01-30 08:10:30,2026-01-30T131030UTC
Broad Street Subway / Broad Ridge Spur,North Philadelphia,Southbound,No access to/from southbound platform ,<ul><li>No access to/from southbound platform</li></ul> ,https://www5.septa.org/about/accessibility/alternative-transportation/bsl-alternate/,2026-01-30 08:10:30,2026-01-30T131030UTC
Regional Rail,Wayne Junction,Outbound,No access to/from outbound platform (From Center City),<ul><li>No access to/from outbound platform (From Center City)</li></ul>,https://www5.septa.org/about/accessibility/alternative-transportation/regional-rail-alternate/,2026-01-30 08:10:30,2026-01-30T131030UTC
Regional Rail,Chester Transit Center,Inbound,No access to/from inbound platform (To Center City),<ul><li>No access to/from inbound platform (To Center City)</li></ul>,https://www5.septa.org/about/accessibility/alternative-transportation/regional-rail-alternate/,2026-01-30 08:10:30,2026-01-30T131030UTC
Market Frankford Line,15th St/City Hall,"Dilworth Park - South End (Street to Concourse)
","No access to/from the concourse on the south end
","<ul><li>No access to/from the concourse on the south end</li></ul>
",https://www5.septa.org/about/accessibility/alternative-transportation/mfl-alternate/,2026-01-30 08:10:30,2026-01-30T131030UTC
Regional Rail,Lansdale,Lansdale Garage #1,"No access to garage parking floors if both elevators out
","<ul><li>No access to garage parking floors if both elevators out</li></ul>
",https://www5.septa.org/about/accessibility/alternative-transportation/regional-rail-alternate/,2026-01-30 08:10:30,2026-01-30T131030UTC
Broad Street Subway / Broad Ridge Spur,Fern Rock Transit Center,Street Level,No access to/from station,<ul><li>No access to/from station</li></ul>,https://www5.septa.org/about/accessibility/alternative-transportation/bsl-alternate/,2026-01-30 09:40:48,2026-01-30T144048UTC
Broad Street Subway / Broad Ridge Spur,Olney Transit Center,Street to Mezzanine,No access to/from station,<ul><li>No access to/from station</li></ul>,https://www5.septa.org/about/accessibility/alternative-transportation/bsl-alternate/,2026-01-30 09:40:48,2026-01-30T144048UTC
Broad Street Subway / Broad Ridge Spur,8th-Market,Street Level,No access to/from station,<ul><li>No access to/from station</li></ul>,https://www5.septa.org/about/accessibility/alternative-transportation/bsl-alternate/,2026-01-30 09:40:48,2026-01-30T144048UTC
Market Frankford Line,Frankford Transit Center,Main Terminal Pratt Street,Use Bridge Street for access to/from platforms,<ul><li>Use Bridge Street for access to/from platforms</li></ul>,https://www5.septa.org/about/accessibility/alternative-transportation/mfl-alternate/,2026-01-30 09:40:48,2026-01-30T144048UTC
Market Frankford Line,Tioga,Westbound,No access to/from station,<ul><li>No access to/from station</li></ul>,https://www5.septa.org/about/accessibility/alternative-transportation/mfl-alternate/,2026-01-30 09:40:48,2026-01-30T144048UTC
Market Frankford Line,York-Dauphin,Westbound ,No access to/from station,<ul><li>No access to/from station</li></ul>,https://www5.septa.org/about/accessibility/alternative-transportation/mfl-alternate/,2026-01-30 09:40:48,2026-01-30T144048UTC
Market Frankford Line,8th-Market,Westbound,No access to/from station,<ul><li>No access to/from station</li></ul>,https://www5.septa.org/about/accessibility/alternative-transportation/mfl-alternate/,2026-01-30 09:40:48,2026-01-30T144048UTC
Regional Rail,Gray 30th Street,"""A"" Platform",No access to/from Tracks 1 and 2,<ul><li>No access to/from Tracks 1 and 2</li></ul>,https://www5.septa.org/about/accessibility/alternative-transportation/regional-rail-alternate/,2026-01-30 09:40:48,2026-01-30T144048UTC
Broad Street Subway / Broad Ridge Spur,North Philadelphia,Southbound,No access to/from southbound platform ,<ul><li>No access to/from southbound platform</li></ul> ,https://www5.septa.org/about/accessibility/alternative-transportation/bsl-alternate/,2026-01-30 09:40:48,2026-01-30T144048UTC
Regional Rail,Wayne Junction,Outbound,No access to/from outbound platform (From Center City),<ul><li>No access to/from outbound platform (From Center City)</li></ul>,https://www5.septa.org/about/accessibility/alternative-transportation/regional-rail-alternate/,2026-01-30 09:40:48,2026-01-30T144048UTC
Regional Rail,Chester Transit Center,Inbound,No access to/from inbound platform (To Center City),<ul><li>No access to/from inbound platform (To Center City)</li></ul>,https://www5.septa.org/about/accessibility/alternative-transportation/regional-rail-alternate/,2026-01-30 09:40:48,2026-01-30T144048UTC
Market Frankford Line,15th St/City Hall,"Dilworth Park - South End (Street to Concourse)
","No access to/from the concourse on the south end
","<ul><li>No access to/from the concourse on the south end</li></ul>
",https://www5.septa.org/about/accessibility/alternative-transportation/mfl-alternate/,2026-01-30 09:40:48,2026-01-30T144048UTC
Regional Rail,Lansdale,Lansdale Garage #1,"No access to garage parking floors if both elevators out
","<ul><li>No access to garage parking floors if both elevators out</li></ul>
",https://www5.septa.org/about/accessibility/alternative-transportation/regional-rail-alternate/,2026-01-30 09:40:48,2026-01-30T144048UTC
Broad Street Subway / Broad Ridge Spur,Fern Rock Transit Center,Street Level,No access to/from station,<ul><li>No access to/from station</li></ul>,https://www5.septa.org/about/accessibility/alternative-transportation/bsl-alternate/,2026-01-30 11:49:51,2026-01-30T164951UTC
Broad Street Subway / Broad Ridge Spur,Olney Transit Center,Street to Mezzanine,No access to/from station,<ul><li>No access to/from station</li></ul>,https://www5.septa.org/about/accessibility/alternative-transportation/bsl-alternate/,2026-01-30 11:49:51,2026-01-30T164951UTC
Broad Street Subway / Broad Ridge Spur,8th-Market,Street Level,No access to/from station,<ul><li>No access to/from station</li></ul>,https://www5.septa.org/about/accessibility/alternative-transportation/bsl-alternate/,2026-01-30 11:49:51,2026-01-30T164951UTC
Market Frankford Line,Frankford Transit Center,Main Terminal Pratt Street,Use Bridge Street for access to/from platforms,<ul><li>Use Bridge Street for access to/from platforms</li></ul>,https://www5.septa.org/about/accessibility/alternative-transportation/mfl-alternate/,2026-01-30 11:49:51,2026-01-30T164951UTC
Market Frankford Line,Tioga,Westbound,No access to/from station,<ul><li>No access to/from station</li></ul>,https://www5.septa.org/about/accessibility/alternative-transportation/mfl-alternate/,2026-01-30 11:49:51,2026-01-30T164951UTC
Market Frankford Line,York-Dauphin,Westbound ,No access to/from station,<ul><li>No access to/from station</li></ul>,https://www5.septa.org/about/accessibility/alternative-transportation/mfl-alternate/,2026-01-30 11:49:51,2026-01-30T164951UTC
Market Frankford Line,8th-Market,Westbound,No access to/from station,<ul><li>No access to/from station</li></ul>,https://www5.septa.org/about/accessibility/alternative-transportation/mfl-alternate/,2026-01-30 11:49:51,2026-01-30T164951UTC
Regional Rail,Gray 30th Street,"""A"" Platform",No access to/from Tracks 1 and 2,<ul><li>No access to/from Tracks 1 and 2</li></ul>,https://www5.septa.org/about/accessibility/alternative-transportation/regional-rail-alternate/,2026-01-30 11:49:51,2026-01-30T164951UTC
Broad Street Subway / Broad Ridge Spur,North Philadelphia,Southbound,No access to/from southbound platform ,<ul><li>No access to/from southbound platform</li></ul> ,https://www5.septa.org/about/accessibility/alternative-transportation/bsl-alternate/,2026-01-30 11:49:51,2026-01-30T164951UTC
Regional Rail,Wayne Junction,Outbound,No access to/from outbound platform (From Center City),<ul><li>No access to/from outbound platform (From Center City)</li></ul>,https://www5.septa.org/about/accessibility/alternative-transportation/regional-rail-alternate/,2026-01-30 11:49:51,2026-01-30T164951UTC
Regional Rail,Chester Transit Center,Inbound,No access to/from inbound platform (To Center City),<ul><li>No access to/from inbound platform (To Center City)</li></ul>,https://www5.septa.org/about/accessibility/alternative-transportation/regional-rail-alternate/,2026-01-30 11:49:51,2026-01-30T164951UTC
Market Frankford Line,15th St/City Hall,"Dilworth Park - South End (Street to Concourse)
","No access to/from the concourse on the south end
","<ul><li>No access to/from the concourse on the south end</li></ul>
",https://www5.septa.org/about/accessibility/alternative-transportation/mfl-alternate/,2026-01-30 11:49:51,2026-01-30T164951UTC
Regional Rail,Lansdale,Lansdale Garage #1,"No access to garage parking floors if both elevators out
","<ul><li>No access to garage parking floors if both elevators out</li></ul>
",https://www5.septa.org/about/accessibility/alternative-transportation/regional-rail-alternate/,2026-01-30 11:49:51,2026-01-30T164951UTC
Broad Street Subway / Broad Ridge Spur,Fern Rock Transit Center,Street Level,No access to/from station,<ul><li>No access to/from station</li></ul>,https://www5.septa.org/about/accessibility/alternative-transportation/bsl-alternate/,2026-01-30 13:54:11,2026-01-30T185411UTC
Broad Street Subway / Broad Ridge Spur,Olney Transit Center,Street to Mezzanine,No access to/from station,<ul><li>No access to/from station</li></ul>,https://www5.septa.org/about/accessibility/alternative-transportation/bsl-alternate/,2026-01-30 13:54:11,2026-01-30T185411UTC
Broad Street Subway / Broad Ridge Spur,8th-Market,Street Level,No access to/from station,<ul><li>No access to/from station</li></ul>,https://www5.septa.org/about/accessibility/alternative-transportation/bsl-alternate/,2026-01-30 13:54:11,2026-01-30T185411UTC
Market Frankford Line,Frankford Transit Center,Main Terminal Pratt Street,Use Bridge Street for access to/from platforms,<ul><li>Use Bridge Street for access to/from platforms</li></ul>,https://www5.septa.org/about/accessibility/alternative-transportation/mfl-alternate/,2026-01-30 13:54:11,2026-01-30T185411UTC
Market Frankford Line,Tioga,Westbound,No access to/from station,<ul><li>No access to/from station</li></ul>,https://www5.septa.org/about/accessibility/alternative-transportation/mfl-alternate/,2026-01-30 13:54:11,2026-01-30T185411UTC
Market Frankford Line,York-Dauphin,Westbound ,No access to/from station,<ul><li>No access to/from station</li></ul>,https://www5.septa.org/about/accessibility/alternative-transportation/mfl-alternate/,2026-01-30 13:54:11,2026-01-30T185411UTC
Market Frankford Line,8th-Market,Westbound,No access to/from station,<ul><li>No access to/from station</li></ul>,https://www5.septa.org/about/accessibility/alternative-transportation/mfl-alternate/,2026-01-30 13:54:11,2026-01-30T185411UTC
Regional Rail,Gray 30th Street,"""A"" Platform",No access to/from Tracks 1 and 2,<ul><li>No access to/from Tracks 1 and 2</li></ul>,https://www5.septa.org/about/accessibility/alternative-transportation/regional-rail-alternate/,2026-01-30 13:54:11,2026-01-30T185411UTC
Broad Street Subway / Broad Ridge Spur,North Philadelphia,Southbound,No access to/from southbound platform ,<ul><li>No access to/from southbound platform</li></ul> ,https://www5.septa.org/about/accessibility/alternative-transportation/bsl-alternate/,2026-01-30 13:54:11,2026-01-30T185411UTC
Regional Rail,Wayne Junction,Outbound,No access to/from outbound platform (From Center City),<ul><li>No access to/from outbound platform (From Center City)</li></ul>,https://www5.septa.org/about/accessibility/alternative-transportation/regional-rail-alternate/,2026-01-30 13:54:11,2026-01-30T185411UTC
Regional Rail,Chester Transit Center,Inbound,No access to/from inbound platform (To Center City),<ul><li>No access to/from inbound platform (To Center City)</li></ul>,https://www5.septa.org/about/accessibility/alternative-transportation/regional-rail-alternate/,2026-01-30 13:54:11,2026-01-30T185411UTC
Market Frankford Line,15th St/City Hall,"Dilworth Park - South End (Street to Concourse)
","No access to/from the concourse on the south end
","<ul><li>No access to/from the concourse on the south end</li></ul>
",https://www5.septa.org/about/accessibility/alternative-transportation/mfl-alternate/,2026-01-30 13:54:11,2026-01-30T185411UTC
Regional Rail,Lansdale,Lansdale Garage #1,"No access to garage parking floors if both elevators out
","<ul><li>No access to garage parking floors if both elevators out</li></ul>
",https://www5.septa.org/about/accessibility/alternative-transportation/regional-rail-alternate/,2026-01-30 13:54:11,2026-01-30T185411UTC
Broad Street Subway / Broad Ridge Spur,Fern Rock Transit Center,Street Level,No access to/from station,<ul><li>No access to/from station</li></ul>,https://www5.septa.org/about/accessibility/alternative-transportation/bsl-alternate/,2026-01-30 15:38:35,2026-01-30T203835UTC
Broad Street Subway / Broad Ridge Spur,Olney Transit Center,Street to Mezzanine,No access to/from station,<ul><li>No access to/from station</li></ul>,https://www5.septa.org/about/accessibility/alternative-transportation/bsl-alternate/,2026-01-30 15:38:35,2026-01-30T203835UTC
Broad Street Subway / Broad Ridge Spur,8th-Market,Street Level,No access to/from station,<ul><li>No access to/from station</li></ul>,https://www5.septa.org/about/accessibility/alternative-transportation/bsl-alternate/,2026-01-30 15:38:35,2026-01-30T203835UTC
Market Frankford Line,Frankford Transit Center,Main Terminal Pratt Street,Use Bridge Street for access to/from platforms,<ul><li>Use Bridge Street for access to/from platforms</li></ul>,https://www5.septa.org/about/accessibility/alternative-transportation/mfl-alternate/,2026-01-30 15:38:35,2026-01-30T203835UTC
Market Frankford Line,Tioga,Westbound,No access to/from station,<ul><li>No access to/from station</li></ul>,https://www5.septa.org/about/accessibility/alternative-transportation/mfl-alternate/,2026-01-30 15:38:35,2026-01-30T203835UTC
Market Frankford Line,York-Dauphin,Westbound ,No access to/from station,<ul><li>No access to/from station</li></ul>,https://www5.septa.org/about/accessibility/alternative-transportation/mfl-alternate/,2026-01-30 15:38:35,2026-01-30T203835UTC
Market Frankford Line,8th-Market,Westbound,No access to/from station,<ul><li>No access to/from station</li></ul>,https://www5.septa.org/about/accessibility/alternative-transportation/mfl-alternate/,2026-01-30 15:38:35,2026-01-30T203835UTC
Regional Rail,Gray 30th Street,"""A"" Platform",No access to/from Tracks 1 and 2,<ul><li>No access to/from Tracks 1 and 2</li></ul>,https://www5.septa.org/about/accessibility/alternative-transportation/regional-rail-alternate/,2026-01-30 15:38:35,2026-01-30T203835UTC
Broad Street Subway / Broad Ridge Spur,North Philadelphia,Southbound,No access to/from southbound platform ,<ul><li>No access to/from southbound platform</li></ul> ,https://www5.septa.org/about/accessibility/alternative-transportation/bsl-alternate/,2026-01-30 15:38:35,2026-01-30T203835UTC
Regional Rail,Wayne Junction,Outbound,No access to/from outbound platform (From Center City),<ul><li>No access to/from outbound platform (From Center City)</li></ul>,https://www5.septa.org/about/accessibility/alternative-transportation/regional-rail-alternate/,2026-01-30 15:38:35,2026-01-30T203835UTC
Regional Rail,Chester Transit Center,Inbound,No access to/from inbound platform (To Center City),<ul><li>No access to/from inbound platform (To Center City)</li></ul>,https://www5.septa.org/about/accessibility/alternative-transportation/regional-rail-alternate/,2026-01-30 15:38:35,2026-01-30T203835UTC
Market Frankford Line,15th St/City Hall,"Dilworth Park - South End (Street to Concourse)
","No access to/from the concourse on the south end
","<ul><li>No access to/from the concourse on the south end</li></ul>
",https://www5.septa.org/about/accessibility/alternative-transportation/mfl-alternate/,2026-01-30 15:38:35,2026-01-30T203835UTC
Regional Rail,Lansdale,Lansdale Garage #1,"No access to garage parking floors if both elevators out
","<ul><li>No access to garage parking floors if both elevators out</li></ul>
",https://www5.septa.org/about/accessibility/alternative-transportation/regional-rail-alternate/,2026-01-30 15:38:35,2026-01-30T203835UTC
Broad Street Subway / Broad Ridge Spur,Fern Rock Transit Center,Street Level,No access to/from station,<ul><li>No access to/from station</li></ul>,https://www5.septa.org/about/accessibility/alternative-transportation/bsl-alternate/,2026-01-30 17:33:14,2026-01-30T223314UTC
Broad Street Subway / Broad Ridge Spur,Olney Transit Center,Street to Mezzanine,No access to/from station,<ul><li>No access to/from station</li></ul>,https://www5.septa.org/about/accessibility/alternative-transportation/bsl-alternate/,2026-01-30 17:33:14,2026-01-30T223314UTC
Broad Street Subway / Broad Ridge Spur,8th-Market,Street Level,No access to/from station,<ul><li>No access to/from station</li></ul>,https://www5.septa.org/about/accessibility/alternative-transportation/bsl-alternate/,2026-01-30 17:33:14,2026-01-30T223314UTC
Market Frankford Line,Frankford Transit Center,Main Terminal Pratt Street,Use Bridge Street for access to/from platforms,<ul><li>Use Bridge Street for access to/from platforms</li></ul>,https://www5.septa.org/about/accessibility/alternative-transportation/mfl-alternate/,2026-01-30 17:33:14,2026-01-30T223314UTC
Market Frankford Line,Tioga,Westbound,No access to/from station,<ul><li>No access to/from station</li></ul>,https://www5.septa.org/about/accessibility/alternative-transportation/mfl-alternate/,2026-01-30 17:33:14,2026-01-30T223314UTC
Market Frankford Line,York-Dauphin,Westbound ,No access to/from station,<ul><li>No access to/from station</li></ul>,https://www5.septa.org/about/accessibility/alternative-transportation/mfl-alternate/,2026-01-30 17:33:14,2026-01-30T223314UTC
Market Frankford Line,8th-Market,Westbound,No access to/from station,<ul><li>No access to/from station</li></ul>,https://www5.septa.org/about/accessibility/alternative-transportation/mfl-alternate/,2026-01-30 17:33:14,2026-01-30T223314UTC
Regional Rail,Gray 30th Street,"""A"" Platform",No access to/from Tracks 1 and 2,<ul><li>No access to/from Tracks 1 and 2</li></ul>,https://www5.septa.org/about/accessibility/alternative-transportation/regional-rail-alternate/,2026-01-30 17:33:14,2026-01-30T223314UTC
Broad Street Subway / Broad Ridge Spur,North Philadelphia,Southbound,No access to/from southbound platform ,<ul><li>No access to/from southbound platform</li></ul> ,https://www5.septa.org/about/accessibility/alternative-transportation/bsl-alternate/,2026-01-30 17:33:14,2026-01-30T223314UTC
Regional Rail,Wayne Junction,Outbound,No access to/from outbound platform (From Center City),<ul><li>No access to/from outbound platform (From Center City)</li></ul>,https://www5.septa.org/about/accessibility/alternative-transportation/regional-rail-alternate/,2026-01-30 17:33:14,2026-01-30T223314UTC
Regional Rail,Chester Transit Center,Inbound,No access to/from inbound platform (To Center City),<ul><li>No access to/from inbound platform (To Center City)</li></ul>,https://www5.septa.org/about/accessibility/alternative-transportation/regional-rail-alternate/,2026-01-30 17:33:14,2026-01-30T223314UTC
Market Frankford Line,15th St/City Hall,"Dilworth Park - South End (Street to Concourse)
","No access to/from the concourse on the south end
","<ul><li>No access to/from the concourse on the south end</li></ul>
",https://www5.septa.org/about/accessibility/alternative-transportation/mfl-alternate/,2026-01-30 17:33:14,2026-01-30T223314UTC
Regional Rail,Lansdale,Lansdale Garage #1,"No access to garage parking floors if both elevators out
","<ul><li>No access to garage parking floors if both elevators out</li></ul>
",https://www5.septa.org/about/accessibility/alternative-transportation/regional-rail-alternate/,2026-01-30 17:33:14,2026-01-30T223314UTC
Broad Street Subway / Broad Ridge Spur,Fern Rock Transit Center,Street Level,No access to/from station,<ul><li>No access to/from station</li></ul>,https://www5.septa.org/about/accessibility/alternative-transportation/bsl-alternate/,2026-01-30 21:31:54,2026-01-31T023154UTC
Broad Street Subway / Broad Ridge Spur,Olney Transit Center,Street to Mezzanine,No access to/from station,<ul><li>No access to/from station</li></ul>,https://www5.septa.org/about/accessibility/alternative-transportation/bsl-alternate/,2026-01-30 21:31:54,2026-01-31T023154UTC
Broad Street Subway / Broad Ridge Spur,8th-Market,Street Level,No access to/from station,<ul><li>No access to/from station</li></ul>,https://www5.septa.org/about/accessibility/alternative-transportation/bsl-alternate/,2026-01-30 21:31:54,2026-01-31T023154UTC
Market Frankford Line,Frankford Transit Center,Main Terminal Pratt Street,Use Bridge Street for access to/from platforms,<ul><li>Use Bridge Street for access to/from platforms</li></ul>,https://www5.septa.org/about/accessibility/alternative-transportation/mfl-alternate/,2026-01-30 21:31:54,2026-01-31T023154UTC
Market Frankford Line,Tioga,Westbound,No access to/from station,<ul><li>No access to/from station</li></ul>,https://www5.septa.org/about/accessibility/alternative-transportation/mfl-alternate/,2026-01-30 21:31:54,2026-01-31T023154UTC
Market Frankford Line,York-Dauphin,Westbound ,No access to/from station,<ul><li>No access to/from station</li></ul>,https://www5.septa.org/about/accessibility/alternative-transportation/mfl-alternate/,2026-01-30 21:31:54,2026-01-31T023154UTC
Market Frankford Line,8th-Market,Westbound,No access to/from station,<ul><li>No access to/from station</li></ul>,https://www5.septa.org/about/accessibility/alternative-transportation/mfl-alternate/,2026-01-30 21:31:54,2026-01-31T023154UTC
Regional Rail,Gray 30th Street,"""A"" Platform",No access to/from Tracks 1 and 2,<ul><li>No access to/from Tracks 1 and 2</li></ul>,https://www5.septa.org/about/accessibility/alternative-transportation/regional-rail-alternate/,2026-01-30 21:31:54,2026-01-31T023154UTC
Broad Street Subway / Broad Ridge Spur,North Philadelphia,Southbound,No access to/from southbound platform ,<ul><li>No access to/from southbound platform</li></ul> ,https://www5.septa.org/about/accessibility/alternative-transportation/bsl-alternate/,2026-01-30 21:31:54,2026-01-31T023154UTC
Regional Rail,Wayne Junction,Outbound,No access to/from outbound platform (From Center City),<ul><li>No access to/from outbound platform (From Center City)</li></ul>,https://www5.septa.org/about/accessibility/alternative-transportation/regional-rail-alternate/,2026-01-30 21:31:54,2026-01-31T023154UTC
Regional Rail,Chester Transit Center,Inbound,No access to/from inbound platform (To Center City),<ul><li>No access to/from inbound platform (To Center City)</li></ul>,https://www5.septa.org/about/accessibility/alternative-transportation/regional-rail-alternate/,2026-01-30 21:31:54,2026-01-31T023154UTC
Market Frankford Line,15th St/City Hall,"Dilworth Park - South End (Street to Concourse)
","No access to/from the concourse on the south end
","<ul><li>No access to/from the concourse on the south end</li></ul>
",https://www5.septa.org/about/accessibility/alternative-transportation/mfl-alternate/,2026-01-30 21:31:54,2026-01-31T023154UTC
Regional Rail,Lansdale,Lansdale Garage #1,"No access to garage parking floors if both elevators out
","<ul><li>No access to garage parking floors if both elevators out</li></ul>
",https://www5.septa.org/about/accessibility/alternative-transportation/regional-rail-alternate/,2026-01-30 21:31:54,2026-01-31T023154UTC
Broad Street Subway / Broad Ridge Spur,Fern Rock Transit Center,Street Level,No access to/from station,<ul><li>No access to/from station</li></ul>,https://www5.septa.org/about/accessibility/alternative-transportation/bsl-alternate/,2026-01-31 00:04:57,2026-01-31T050457UTC
Broad Street Subway / Broad Ridge Spur,Olney Transit Center,Street to Mezzanine,No access to/from station,<ul><li>No access to/from station</li></ul>,https://www5.septa.org/about/accessibility/alternative-transportation/bsl-alternate/,2026-01-31 00:04:57,2026-01-31T050457UTC
Broad Street Subway / Broad Ridge Spur,8th-Market,Street Level,No access to/from station,<ul><li>No access to/from station</li></ul>,https://www5.septa.org/about/accessibility/alternative-transportation/bsl-alternate/,2026-01-31 00:04:57,2026-01-31T050457UTC
Market Frankford Line,Frankford Transit Center,Main Terminal Pratt Street,Use Bridge Street for access to/from platforms,<ul><li>Use Bridge Street for access to/from platforms</li></ul>,https://www5.septa.org/about/accessibility/alternative-transportation/mfl-alternate/,2026-01-31 00:04:57,2026-01-31T050457UTC
Market Frankford Line,Tioga,Westbound,No access to/from station,<ul><li>No access to/from station</li></ul>,https://www5.septa.org/about/accessibility/alternative-transportation/mfl-alternate/,2026-01-31 00:04:57,2026-01-31T050457UTC
Market Frankford Line,York-Dauphin,Westbound ,No access to/from station,<ul><li>No access to/from station</li></ul>,https://www5.septa.org/about/accessibility/alternative-transportation/mfl-alternate/,2026-01-31 00:04:57,2026-01-31T050457UTC
Market Frankford Line,8th-Market,Westbound,No access to/from station,<ul><li>No access to/from station</li></ul>,https://www5.septa.org/about/accessibility/alternative-transportation/mfl-alternate/,2026-01-31 00:04:57,2026-01-31T050457UTC
Regional Rail,Gray 30th Street,"""A"" Platform",No access to/from Tracks 1 and 2,<ul><li>No access to/from Tracks 1 and 2</li></ul>,https://www5.septa.org/about/accessibility/alternative-transportation/regional-rail-alternate/,2026-01-31 00:04:57,2026-01-31T050457UTC
Broad Street Subway / Broad Ridge Spur,North Philadelphia,Southbound,No access to/from southbound platform ,<ul><li>No access to/from southbound platform</li></ul> ,https://www5.septa.org/about/accessibility/alternative-transportation/bsl-alternate/,2026-01-31 00:04:57,2026-01-31T050457UTC
Regional Rail,Wayne Junction,Outbound,No access to/from outbound platform (From Center City),<ul><li>No access to/from outbound platform (From Center City)</li></ul>,https://www5.septa.org/about/accessibility/alternative-transportation/regional-rail-alternate/,2026-01-31 00:04:57,2026-01-31T050457UTC
Regional Rail,Chester Transit Center,Inbound,No access to/from inbound platform (To Center City),<ul><li>No access to/from inbound platform (To Center City)</li></ul>,https://www5.septa.org/about/accessibility/alternative-transportation/regional-rail-alternate/,2026-01-31 00:04:57,2026-01-31T050457UTC
Market Frankford Line,15th St/City Hall,"Dilworth Park - South End (Street to Concourse)
","No access to/from the concourse on the south end
","<ul><li>No access to/from the concourse on the south end</li></ul>
",https://www5.septa.org/about/accessibility/alternative-transportation/mfl-alternate/,2026-01-31 00:04:57,2026-01-31T050457UTC
Regional Rail,Lansdale,Lansdale Garage #1,"No access to garage parking floors if both elevators out
","<ul><li>No access to garage parking floors if both elevators out</li></ul>
",https://www5.septa.org/about/accessibility/alternative-transportation/regional-rail-alternate/,2026-01-31 00:04:57,2026-01-31T050457UTC
Broad Street Subway / Broad Ridge Spur,Fern Rock Transit Center,Street Level,No access to/from station,<ul><li>No access to/from station</li></ul>,https://www5.septa.org/about/accessibility/alternative-transportation/bsl-alternate/,2026-01-31 01:50:14,2026-01-31T065014UTC
Broad Street Subway / Broad Ridge Spur,Olney Transit Center,Street to Mezzanine,No access to/from station,<ul><li>No access to/from station</li></ul>,https://www5.septa.org/about/accessibility/alternative-transportation/bsl-alternate/,2026-01-31 01:50:14,2026-01-31T065014UTC
Broad Street Subway / Broad Ridge Spur,8th-Market,Street Level,No access to/from station,<ul><li>No access to/from station</li></ul>,https://www5.septa.org/about/accessibility/alternative-transportation/bsl-alternate/,2026-01-31 01:50:14,2026-01-31T065014UTC
Market Frankford Line,Frankford Transit Center,Main Terminal Pratt Street,Use Bridge Street for access to/from platforms,<ul><li>Use Bridge Street for access to/from platforms</li></ul>,https://www5.septa.org/about/accessibility/alternative-transportation/mfl-alternate/,2026-01-31 01:50:14,2026-01-31T065014UTC
Market Frankford Line,Tioga,Westbound,No access to/from station,<ul><li>No access to/from station</li></ul>,https://www5.septa.org/about/accessibility/alternative-transportation/mfl-alternate/,2026-01-31 01:50:14,2026-01-31T065014UTC
Market Frankford Line,York-Dauphin,Westbound ,No access to/from station,<ul><li>No access to/from station</li></ul>,https://www5.septa.org/about/accessibility/alternative-transportation/mfl-alternate/,2026-01-31 01:50:14,2026-01-31T065014UTC
Market Frankford Line,8th-Market,Westbound,No access to/from station,<ul><li>No access to/from station</li></ul>,https://www5.septa.org/about/accessibility/alternative-transportation/mfl-alternate/,2026-01-31 01:50:14,2026-01-31T065014UTC
Regional Rail,Gray 30th Street,"""A"" Platform",No access to/from Tracks 1 and 2,<ul><li>No access to/from Tracks 1 and 2</li></ul>,https://www5.septa.org/about/accessibility/alternative-transportation/regional-rail-alternate/,2026-01-31 01:50:14,2026-01-31T065014UTC
Broad Street Subway / Broad Ridge Spur,North Philadelphia,Southbound,No access to/from southbound platform ,<ul><li>No access to/from southbound platform</li></ul> ,https://www5.septa.org/about/accessibility/alternative-transportation/bsl-alternate/,2026-01-31 01:50:14,2026-01-31T065014UTC
Regional Rail,Wayne Junction,Outbound,No access to/from outbound platform (From Center City),<ul><li>No access to/from outbound platform (From Center City)</li></ul>,https://www5.septa.org/about/accessibility/alternative-transportation/regional-rail-alternate/,2026-01-31 01:50:14,2026-01-31T065014UTC
Regional Rail,Chester Transit Center,Inbound,No access to/from inbound platform (To Center City),<ul><li>No access to/from inbound platform (To Center City)</li></ul>,https://www5.septa.org/about/accessibility/alternative-transportation/regional-rail-alternate/,2026-01-31 01:50:14,2026-01-31T065014UTC
Market Frankford Line,15th St/City Hall,"Dilworth Park - South End (Street to Concourse)
","No access to/from the concourse on the south end
","<ul><li>No access to/from the concourse on the south end</li></ul>
",https://www5.septa.org/about/accessibility/alternative-transportation/mfl-alternate/,2026-01-31 01:50:14,2026-01-31T065014UTC
Regional Rail,Lansdale,Lansdale Garage #1,"No access to garage parking floors if both elevators out
","<ul><li>No access to garage parking floors if both elevators out</li></ul>
",https://www5.septa.org/about/accessibility/alternative-transportation/regional-rail-alternate/,2026-01-31 01:50:14,2026-01-31T065014UTC
Broad Street Subway / Broad Ridge Spur,Fern Rock Transit Center,Street Level,No access to/from station,<ul><li>No access to/from station</li></ul>,https://www5.septa.org/about/accessibility/alternative-transportation/bsl-alternate/,2026-01-31 03:38:24,2026-01-31T083824UTC
Broad Street Subway / Broad Ridge Spur,Olney Transit Center,Street to Mezzanine,No access to/from station,<ul><li>No access to/from station</li></ul>,https://www5.septa.org/about/accessibility/alternative-transportation/bsl-alternate/,2026-01-31 03:38:24,2026-01-31T083824UTC
Broad Street Subway / Broad Ridge Spur,8th-Market,Street Level,No access to/from station,<ul><li>No access to/from station</li></ul>,https://www5.septa.org/about/accessibility/alternative-transportation/bsl-alternate/,2026-01-31 03:38:24,2026-01-31T083824UTC
Market Frankford Line,Frankford Transit Center,Main Terminal Pratt Street,Use Bridge Street for access to/from platforms,<ul><li>Use Bridge Street for access to/from platforms</li></ul>,https://www5.septa.org/about/accessibility/alternative-transportation/mfl-alternate/,2026-01-31 03:38:24,2026-01-31T083824UTC
Market Frankford Line,Tioga,Westbound,No access to/from station,<ul><li>No access to/from station</li></ul>,https://www5.septa.org/about/accessibility/alternative-transportation/mfl-alternate/,2026-01-31 03:38:24,2026-01-31T083824UTC
Market Frankford Line,York-Dauphin,Westbound ,No access to/from station,<ul><li>No access to/from station</li></ul>,https://www5.septa.org/about/accessibility/alternative-transportation/mfl-alternate/,2026-01-31 03:38:24,2026-01-31T083824UTC
Market Frankford Line,8th-Market,Westbound,No access to/from station,<ul><li>No access to/from station</li></ul>,https://www5.septa.org/about/accessibility/alternative-transportation/mfl-alternate/,2026-01-31 03:38:24,2026-01-31T083824UTC
Regional Rail,Gray 30th Street,"""A"" Platform",No access to/from Tracks 1 and 2,<ul><li>No access to/from Tracks 1 and 2</li></ul>,https://www5.septa.org/about/accessibility/alternative-transportation/regional-rail-alternate/,2026-01-31 03:38:24,2026-01-31T083824UTC
Broad Street Subway / Broad Ridge Spur,North Philadelphia,Southbound,No access to/from southbound platform ,<ul><li>No access to/from southbound platform</li></ul> ,https://www5.septa.org/about/accessibility/alternative-transportation/bsl-alternate/,2026-01-31 03:38:24,2026-01-31T083824UTC
Regional Rail,Wayne Junction,Outbound,No access to/from outbound platform (From Center City),<ul><li>No access to/from outbound platform (From Center City)</li></ul>,https://www5.septa.org/about/accessibility/alternative-transportation/regional-rail-alternate/,2026-01-31 03:38:24,2026-01-31T083824UTC
Regional Rail,Chester Transit Center,Inbound,No access to/from inbound platform (To Center City),<ul><li>No access to/from inbound platform (To Center City)</li></ul>,https://www5.septa.org/about/accessibility/alternative-transportation/regional-rail-alternate/,2026-01-31 03:38:24,2026-01-31T083824UTC
Market Frankford Line,15th St/City Hall,"Dilworth Park - South End (Street to Concourse)
","No access to/from the concourse on the south end
","<ul><li>No access to/from the concourse on the south end</li></ul>
",https://www5.septa.org/about/accessibility/alternative-transportation/mfl-alternate/,2026-01-31 03:38:24,2026-01-31T083824UTC
Regional Rail,Lansdale,Lansdale Garage #1,"No access to garage parking floors if both elevators out
","<ul><li>No access to garage parking floors if both elevators out</li></ul>
",https://www5.septa.org/about/accessibility/alternative-transportation/regional-rail-alternate/,2026-01-31 03:38:24,2026-01-31T083824UTC
Broad Street Subway / Broad Ridge Spur,Fern Rock Transit Center,Street Level,No access to/from station,<ul><li>No access to/from station</li></ul>,https://www5.septa.org/about/accessibility/alternative-transportation/bsl-alternate/,2026-01-31 05:32:05,2026-01-31T103205UTC
Broad Street Subway / Broad Ridge Spur,Olney Transit Center,Street to Mezzanine,No access to/from station,<ul><li>No access to/from station</li></ul>,https://www5.septa.org/about/accessibility/alternative-transportation/bsl-alternate/,2026-01-31 05:32:05,2026-01-31T103205UTC
Broad Street Subway / Broad Ridge Spur,8th-Market,Street Level,No access to/from station,<ul><li>No access to/from station</li></ul>,https://www5.septa.org/about/accessibility/alternative-transportation/bsl-alternate/,2026-01-31 05:32:05,2026-01-31T103205UTC
Market Frankford Line,Frankford Transit Center,Main Terminal Pratt Street,Use Bridge Street for access to/from platforms,<ul><li>Use Bridge Street for access to/from platforms</li></ul>,https://www5.septa.org/about/accessibility/alternative-transportation/mfl-alternate/,2026-01-31 05:32:05,2026-01-31T103205UTC
Market Frankford Line,Tioga,Westbound,No access to/from station,<ul><li>No access to/from station</li></ul>,https://www5.septa.org/about/accessibility/alternative-transportation/mfl-alternate/,2026-01-31 05:32:05,2026-01-31T103205UTC
Market Frankford Line,York-Dauphin,Westbound ,No access to/from station,<ul><li>No access to/from station</li></ul>,https://www5.septa.org/about/accessibility/alternative-transportation/mfl-alternate/,2026-01-31 05:32:05,2026-01-31T103205UTC
Market Frankford Line,8th-Market,Westbound,No access to/from station,<ul><li>No access to/from station</li></ul>,https://www5.septa.org/about/accessibility/alternative-transportation/mfl-alternate/,2026-01-31 05:32:05,2026-01-31T103205UTC
Regional Rail,Gray 30th Street,"""A"" Platform",No access to/from Tracks 1 and 2,<ul><li>No access to/from Tracks 1 and 2</li></ul>,https://www5.septa.org/about/accessibility/alternative-transportation/regional-rail-alternate/,2026-01-31 05:32:05,2026-01-31T103205UTC
Broad Street Subway / Broad Ridge Spur,North Philadelphia,Southbound,No access to/from southbound platform ,<ul><li>No access to/from southbound platform</li></ul> ,https://www5.septa.org/about/accessibility/alternative-transportation/bsl-alternate/,2026-01-31 05:32:05,2026-01-31T103205UTC
Regional Rail,Wayne Junction,Outbound,No access to/from outbound platform (From Center City),<ul><li>No access to/from outbound platform (From Center City)</li></ul>,https://www5.septa.org/about/accessibility/alternative-transportation/regional-rail-alternate/,2026-01-31 05:32:05,2026-01-31T103205UTC
Regional Rail,Chester Transit Center,Inbound,No access to/from inbound platform (To Center City),<ul><li>No access to/from inbound platform (To Center City)</li></ul>,https://www5.septa.org/about/accessibility/alternative-transportation/regional-rail-alternate/,2026-01-31 05:32:05,2026-01-31T103205UTC
Market Frankford Line,15th St/City Hall,"Dilworth Park - South End (Street to Concourse)
","No access to/from the concourse on the south end
","<ul><li>No access to/from the concourse on the south end</li></ul>
",https://www5.septa.org/about/accessibility/alternative-transportation/mfl-alternate/,2026-01-31 05:32:05,2026-01-31T103205UTC
Regional Rail,Lansdale,Lansdale Garage #1,"No access to garage parking floors if both elevators out
","<ul><li>No access to garage parking floors if both elevators out</li></ul>
",https://www5.septa.org/about/accessibility/alternative-transportation/regional-rail-alternate/,2026-01-31 05:32:05,2026-01-31T103205UTC
Broad Street Subway / Broad Ridge Spur,Fern Rock Transit Center,Street Level,No access to/from station,<ul><li>No access to/from station</li></ul>,https://www5.septa.org/about/accessibility/alternative-transportation/bsl-alternate/,2026-01-31 08:01:40,2026-01-31T130140UTC
Broad Street Subway / Broad Ridge Spur,Olney Transit Center,Street to Mezzanine,No access to/from station,<ul><li>No access to/from station</li></ul>,https://www5.septa.org/about/accessibility/alternative-transportation/bsl-alternate/,2026-01-31 08:01:40,2026-01-31T130140UTC
Broad Street Subway / Broad Ridge Spur,8th-Market,Street Level,No access to/from station,<ul><li>No access to/from station</li></ul>,https://www5.septa.org/about/accessibility/alternative-transportation/bsl-alternate/,2026-01-31 08:01:40,2026-01-31T130140UTC
Market Frankford Line,Frankford Transit Center,Main Terminal Pratt Street,Use Bridge Street for access to/from platforms,<ul><li>Use Bridge Street for access to/from platforms</li></ul>,https://www5.septa.org/about/accessibility/alternative-transportation/mfl-alternate/,2026-01-31 08:01:40,2026-01-31T130140UTC
Market Frankford Line,Tioga,Westbound,No access to/from station,<ul><li>No access to/from station</li></ul>,https://www5.septa.org/about/accessibility/alternative-transportation/mfl-alternate/,2026-01-31 08:01:40,2026-01-31T130140UTC
Market Frankford Line,York-Dauphin,Westbound ,No access to/from station,<ul><li>No access to/from station</li></ul>,https://www5.septa.org/about/accessibility/alternative-transportation/mfl-alternate/,2026-01-31 08:01:40,2026-01-31T130140UTC
Market Frankford Line,8th-Market,Westbound,No access to/from station,<ul><li>No access to/from station</li></ul>,https://www5.septa.org/about/accessibility/alternative-transportation/mfl-alternate/,2026-01-31 08:01:40,2026-01-31T130140UTC
Regional Rail,Gray 30th Street,"""A"" Platform",No access to/from Tracks 1 and 2,<ul><li>No access to/from Tracks 1 and 2</li></ul>,https://www5.septa.org/about/accessibility/alternative-transportation/regional-rail-alternate/,2026-01-31 08:01:40,2026-01-31T130140UTC
Broad Street Subway / Broad Ridge Spur,North Philadelphia,Southbound,No access to/from southbound platform ,<ul><li>No access to/from southbound platform</li></ul> ,https://www5.septa.org/about/accessibility/alternative-transportation/bsl-alternate/,2026-01-31 08:01:40,2026-01-31T130140UTC
Regional Rail,Wayne Junction,Outbound,No access to/from outbound platform (From Center City),<ul><li>No access to/from outbound platform (From Center City)</li></ul>,https://www5.septa.org/about/accessibility/alternative-transportation/regional-rail-alternate/,2026-01-31 08:01:40,2026-01-31T130140UTC
Regional Rail,Chester Transit Center,Inbound,No access to/from inbound platform (To Center City),<ul><li>No access to/from inbound platform (To Center City)</li></ul>,https://www5.septa.org/about/accessibility/alternative-transportation/regional-rail-alternate/,2026-01-31 08:01:40,2026-01-31T130140UTC
Market Frankford Line,15th St/City Hall,"Dilworth Park - South End (Street to Concourse)
","No access to/from the concourse on the south end
","<ul><li>No access to/from the concourse on the south end</li></ul>
",https://www5.septa.org/about/accessibility/alternative-transportation/mfl-alternate/,2026-01-31 08:01:40,2026-01-31T130140UTC
Regional Rail,Lansdale,Lansdale Garage #1,"No access to garage parking floors if both elevators out
","<ul><li>No access to garage parking floors if both elevators out</li></ul>
",https://www5.septa.org/about/accessibility/alternative-transportation/regional-rail-alternate/,2026-01-31 08:01:40,2026-01-31T130140UTC
Broad Street Subway / Broad Ridge Spur,Fern Rock Transit Center,Street Level,No access to/from station,<ul><li>No access to/from station</li></ul>,https://www5.septa.org/about/accessibility/alternative-transportation/bsl-alternate/,2026-01-31 09:30:52,2026-01-31T143052UTC
Broad Street Subway / Broad Ridge Spur,Olney Transit Center,Street to Mezzanine,No access to/from station,<ul><li>No access to/from station</li></ul>,https://www5.septa.org/about/accessibility/alternative-transportation/bsl-alternate/,2026-01-31 09:30:52,2026-01-31T143052UTC
Broad Street Subway / Broad Ridge Spur,8th-Market,Street Level,No access to/from station,<ul><li>No access to/from station</li></ul>,https://www5.septa.org/about/accessibility/alternative-transportation/bsl-alternate/,2026-01-31 09:30:52,2026-01-31T143052UTC
Market Frankford Line,Frankford Transit Center,Main Terminal Pratt Street,Use Bridge Street for access to/from platforms,<ul><li>Use Bridge Street for access to/from platforms</li></ul>,https://www5.septa.org/about/accessibility/alternative-transportation/mfl-alternate/,2026-01-31 09:30:52,2026-01-31T143052UTC
Market Frankford Line,Tioga,Westbound,No access to/from station,<ul><li>No access to/from station</li></ul>,https://www5.septa.org/about/accessibility/alternative-transportation/mfl-alternate/,2026-01-31 09:30:52,2026-01-31T143052UTC
Market Frankford Line,York-Dauphin,Westbound ,No access to/from station,<ul><li>No access to/from station</li></ul>,https://www5.septa.org/about/accessibility/alternative-transportation/mfl-alternate/,2026-01-31 09:30:52,2026-01-31T143052UTC
Market Frankford Line,8th-Market,Westbound,No access to/from station,<ul><li>No access to/from station</li></ul>,https://www5.septa.org/about/accessibility/alternative-transportation/mfl-alternate/,2026-01-31 09:30:52,2026-01-31T143052UTC
Regional Rail,Gray 30th Street,"""A"" Platform",No access to/from Tracks 1 and 2,<ul><li>No access to/from Tracks 1 and 2</li></ul>,https://www5.septa.org/about/accessibility/alternative-transportation/regional-rail-alternate/,2026-01-31 09:30:52,2026-01-31T143052UTC
Broad Street Subway / Broad Ridge Spur,North Philadelphia,Southbound,No access to/from southbound platform ,<ul><li>No access to/from southbound platform</li></ul> ,https://www5.septa.org/about/accessibility/alternative-transportation/bsl-alternate/,2026-01-31 09:30:52,2026-01-31T143052UTC
Regional Rail,Wayne Junction,Outbound,No access to/from outbound platform (From Center City),<ul><li>No access to/from outbound platform (From Center City)</li></ul>,https://www5.septa.org/about/accessibility/alternative-transportation/regional-rail-alternate/,2026-01-31 09:30:52,2026-01-31T143052UTC
Regional Rail,Chester Transit Center,Inbound,No access to/from inbound platform (To Center City),<ul><li>No access to/from inbound platform (To Center City)</li></ul>,https://www5.septa.org/about/accessibility/alternative-transportation/regional-rail-alternate/,2026-01-31 09:30:52,2026-01-31T143052UTC
Market Frankford Line,15th St/City Hall,"Dilworth Park - South End (Street to Concourse)
","No access to/from the concourse on the south end
","<ul><li>No access to/from the concourse on the south end</li></ul>
",https://www5.septa.org/about/accessibility/alternative-transportation/mfl-alternate/,2026-01-31 09:30:52,2026-01-31T143052UTC
Regional Rail,Lansdale,Lansdale Garage #1,"No access to garage parking floors if both elevators out
","<ul><li>No access to garage parking floors if both elevators out</li></ul>
",https://www5.septa.org/about/accessibility/alternative-transportation/regional-rail-alternate/,2026-01-31 09:30:52,2026-01-31T143052UTC
Broad Street Subway / Broad Ridge Spur,Fern Rock Transit Center,Street Level,No access to/from station,<ul><li>No access to/from station</li></ul>,https://www5.septa.org/about/accessibility/alternative-transportation/bsl-alternate/,2026-01-31 11:37:19,2026-01-31T163719UTC
Broad Street Subway / Broad Ridge Spur,Olney Transit Center,Street to Mezzanine,No access to/from station,<ul><li>No access to/from station</li></ul>,https://www5.septa.org/about/accessibility/alternative-transportation/bsl-alternate/,2026-01-31 11:37:19,2026-01-31T163719UTC
Broad Street Subway / Broad Ridge Spur,8th-Market,Street Level,No access to/from station,<ul><li>No access to/from station</li></ul>,https://www5.septa.org/about/accessibility/alternative-transportation/bsl-alternate/,2026-01-31 11:37:19,2026-01-31T163719UTC
Market Frankford Line,Frankford Transit Center,Main Terminal Pratt Street,Use Bridge Street for access to/from platforms,<ul><li>Use Bridge Street for access to/from platforms</li></ul>,https://www5.septa.org/about/accessibility/alternative-transportation/mfl-alternate/,2026-01-31 11:37:19,2026-01-31T163719UTC
Market Frankford Line,Tioga,Westbound,No access to/from station,<ul><li>No access to/from station</li></ul>,https://www5.septa.org/about/accessibility/alternative-transportation/mfl-alternate/,2026-01-31 11:37:19,2026-01-31T163719UTC
Market Frankford Line,York-Dauphin,Westbound ,No access to/from station,<ul><li>No access to/from station</li></ul>,https://www5.septa.org/about/accessibility/alternative-transportation/mfl-alternate/,2026-01-31 11:37:19,2026-01-31T163719UTC
Market Frankford Line,8th-Market,Westbound,No access to/from station,<ul><li>No access to/from station</li></ul>,https://www5.septa.org/about/accessibility/alternative-transportation/mfl-alternate/,2026-01-31 11:37:19,2026-01-31T163719UTC
Regional Rail,Gray 30th Street,"""A"" Platform",No access to/from Tracks 1 and 2,<ul><li>No access to/from Tracks 1 and 2</li></ul>,https://www5.septa.org/about/accessibility/alternative-transportation/regional-rail-alternate/,2026-01-31 11:37:19,2026-01-31T163719UTC
Broad Street Subway / Broad Ridge Spur,North Philadelphia,Southbound,No access to/from southbound platform ,<ul><li>No access to/from southbound platform</li></ul> ,https://www5.septa.org/about/accessibility/alternative-transportation/bsl-alternate/,2026-01-31 11:37:19,2026-01-31T163719UTC
Regional Rail,Wayne Junction,Outbound,No access to/from outbound platform (From Center City),<ul><li>No access to/from outbound platform (From Center City)</li></ul>,https://www5.septa.org/about/accessibility/alternative-transportation/regional-rail-alternate/,2026-01-31 11:37:19,2026-01-31T163719UTC
Regional Rail,Chester Transit Center,Inbound,No access to/from inbound platform (To Center City),<ul><li>No access to/from inbound platform (To Center City)</li></ul>,https://www5.septa.org/about/accessibility/alternative-transportation/regional-rail-alternate/,2026-01-31 11:37:19,2026-01-31T163719UTC
Market Frankford Line,15th St/City Hall,"Dilworth Park - South End (Street to Concourse)
","No access to/from the concourse on the south end
","<ul><li>No access to/from the concourse on the south end</li></ul>
",https://www5.septa.org/about/accessibility/alternative-transportation/mfl-alternate/,2026-01-31 11:37:19,2026-01-31T163719UTC
Regional Rail,Lansdale,Lansdale Garage #1,"No access to garage parking floors if both elevators out
","<ul><li>No access to garage parking floors if both elevators out</li></ul>
",https://www5.septa.org/about/accessibility/alternative-transportation/regional-rail-alternate/,2026-01-31 11:37:19,2026-01-31T163719UTC
Broad Street Subway / Broad Ridge Spur,Fern Rock Transit Center,Street Level,No access to/from station,<ul><li>No access to/from station</li></ul>,https://www5.septa.org/about/accessibility/alternative-transportation/bsl-alternate/,2026-01-31 13:41:21,2026-01-31T184121UTC
Broad Street Subway / Broad Ridge Spur,Olney Transit Center,Street to Mezzanine,No access to/from station,<ul><li>No access to/from station</li></ul>,https://www5.septa.org/about/accessibility/alternative-transportation/bsl-alternate/,2026-01-31 13:41:21,2026-01-31T184121UTC
Broad Street Subway / Broad Ridge Spur,8th-Market,Street Level,No access to/from station,<ul><li>No access to/from station</li></ul>,https://www5.septa.org/about/accessibility/alternative-transportation/bsl-alternate/,2026-01-31 13:41:21,2026-01-31T184121UTC
Market Frankford Line,Frankford Transit Center,Main Terminal Pratt Street,Use Bridge Street for access to/from platforms,<ul><li>Use Bridge Street for access to/from platforms</li></ul>,https://www5.septa.org/about/accessibility/alternative-transportation/mfl-alternate/,2026-01-31 13:41:21,2026-01-31T184121UTC
Market Frankford Line,Tioga,Westbound,No access to/from station,<ul><li>No access to/from station</li></ul>,https://www5.septa.org/about/accessibility/alternative-transportation/mfl-alternate/,2026-01-31 13:41:21,2026-01-31T184121UTC
Market Frankford Line,York-Dauphin,Westbound ,No access to/from station,<ul><li>No access to/from station</li></ul>,https://www5.septa.org/about/accessibility/alternative-transportation/mfl-alternate/,2026-01-31 13:41:21,2026-01-31T184121UTC
Market Frankford Line,Berks,Westbound,No access to/from station,<ul><li>No access to/from station</li></ul>,https://www5.septa.org/about/accessibility/alternative-transportation/mfl-alternate/,2026-01-31 13:41:21,2026-01-31T184121UTC
Market Frankford Line,8th-Market,Westbound,No access to/from station,<ul><li>No access to/from station</li></ul>,https://www5.septa.org/about/accessibility/alternative-transportation/mfl-alternate/,2026-01-31 13:41:21,2026-01-31T184121UTC
Regional Rail,Gray 30th Street,"""A"" Platform",No access to/from Tracks 1 and 2,<ul><li>No access to/from Tracks 1 and 2</li></ul>,https://www5.septa.org/about/accessibility/alternative-transportation/regional-rail-alternate/,2026-01-31 13:41:21,2026-01-31T184121UTC
Broad Street Subway / Broad Ridge Spur,North Philadelphia,Southbound,No access to/from southbound platform ,<ul><li>No access to/from southbound platform</li></ul> ,https://www5.septa.org/about/accessibility/alternative-transportation/bsl-alternate/,2026-01-31 13:41:21,2026-01-31T184121UTC
Regional Rail,Wayne Junction,Outbound,No access to/from outbound platform (From Center City),<ul><li>No access to/from outbound platform (From Center City)</li></ul>,https://www5.septa.org/about/accessibility/alternative-transportation/regional-rail-alternate/,2026-01-31 13:41:21,2026-01-31T184121UTC
Regional Rail,Chester Transit Center,Inbound,No access to/from inbound platform (To Center City),<ul><li>No access to/from inbound platform (To Center City)</li></ul>,https://www5.septa.org/about/accessibility/alternative-transportation/regional-rail-alternate/,2026-01-31 13:41:21,2026-01-31T184121UTC
Market Frankford Line,15th St/City Hall,"Dilworth Park - South End (Street to Concourse)
","No access to/from the concourse on the south end
","<ul><li>No access to/from the concourse on the south end</li></ul>
",https://www5.septa.org/about/accessibility/alternative-transportation/mfl-alternate/,2026-01-31 13:41:21,2026-01-31T184121UTC
Regional Rail,Lansdale,Lansdale Garage #1,"No access to garage parking floors if both elevators out
","<ul><li>No access to garage parking floors if both elevators out</li></ul>
",https://www5.septa.org/about/accessibility/alternative-transportation/regional-rail-alternate/,2026-01-31 13:41:21,2026-01-31T184121UTC
Broad Street Subway / Broad Ridge Spur,Fern Rock Transit Center,Street Level,No access to/from station,<ul><li>No access to/from station</li></ul>,https://www5.septa.org/about/accessibility/alternative-transportation/bsl-alternate/,2026-01-31 15:33:13,2026-01-31T203313UTC
Broad Street Subway / Broad Ridge Spur,Olney Transit Center,Street to Mezzanine,No access to/from station,<ul><li>No access to/from station</li></ul>,https://www5.septa.org/about/accessibility/alternative-transportation/bsl-alternate/,2026-01-31 15:33:13,2026-01-31T203313UTC
Broad Street Subway / Broad Ridge Spur,8th-Market,Street Level,No access to/from station,<ul><li>No access to/from station</li></ul>,https://www5.septa.org/about/accessibility/alternative-transportation/bsl-alternate/,2026-01-31 15:33:13,2026-01-31T203313UTC
Market Frankford Line,Frankford Transit Center,Main Terminal Pratt Street,Use Bridge Street for access to/from platforms,<ul><li>Use Bridge Street for access to/from platforms</li></ul>,https://www5.septa.org/about/accessibility/alternative-transportation/mfl-alternate/,2026-01-31 15:33:13,2026-01-31T203313UTC
Market Frankford Line,Tioga,Westbound,No access to/from station,<ul><li>No access to/from station</li></ul>,https://www5.septa.org/about/accessibility/alternative-transportation/mfl-alternate/,2026-01-31 15:33:13,2026-01-31T203313UTC
Market Frankford Line,York-Dauphin,Westbound ,No access to/from station,<ul><li>No access to/from station</li></ul>,https://www5.septa.org/about/accessibility/alternative-transportation/mfl-alternate/,2026-01-31 15:33:13,2026-01-31T203313UTC
Market Frankford Line,Berks,Westbound,No access to/from station,<ul><li>No access to/from station</li></ul>,https://www5.septa.org/about/accessibility/alternative-transportation/mfl-alternate/,2026-01-31 15:33:13,2026-01-31T203313UTC
Market Frankford Line,8th-Market,Westbound,No access to/from station,<ul><li>No access to/from station</li></ul>,https://www5.septa.org/about/accessibility/alternative-transportation/mfl-alternate/,2026-01-31 15:33:13,2026-01-31T203313UTC
Regional Rail,Gray 30th Street,"""A"" Platform",No access to/from Tracks 1 and 2,<ul><li>No access to/from Tracks 1 and 2</li></ul>,https://www5.septa.org/about/accessibility/alternative-transportation/regional-rail-alternate/,2026-01-31 15:33:13,2026-01-31T203313UTC
Broad Street Subway / Broad Ridge Spur,North Philadelphia,Southbound,No access to/from southbound platform ,<ul><li>No access to/from southbound platform</li></ul> ,https://www5.septa.org/about/accessibility/alternative-transportation/bsl-alternate/,2026-01-31 15:33:13,2026-01-31T203313UTC
Regional Rail,Wayne Junction,Outbound,No access to/from outbound platform (From Center City),<ul><li>No access to/from outbound platform (From Center City)</li></ul>,https://www5.septa.org/about/accessibility/alternative-transportation/regional-rail-alternate/,2026-01-31 15:33:13,2026-01-31T203313UTC
Regional Rail,Chester Transit Center,Inbound,No access to/from inbound platform (To Center City),<ul><li>No access to/from inbound platform (To Center City)</li></ul>,https://www5.septa.org/about/accessibility/alternative-transportation/regional-rail-alternate/,2026-01-31 15:33:13,2026-01-31T203313UTC
Market Frankford Line,15th St/City Hall,"Dilworth Park - South End (Street to Concourse)
","No access to/from the concourse on the south end
","<ul><li>No access to/from the concourse on the south end</li></ul>
",https://www5.septa.org/about/accessibility/alternative-transportation/mfl-alternate/,2026-01-31 15:33:13,2026-01-31T203313UTC
Regional Rail,Lansdale,Lansdale Garage #1,"No access to garage parking floors if both elevators out
","<ul><li>No access to garage parking floors if both elevators out</li></ul>
",https://www5.septa.org/about/accessibility/alternative-transportation/regional-rail-alternate/,2026-01-31 15:33:13,2026-01-31T203313UTC
Broad Street Subway / Broad Ridge Spur,Fern Rock Transit Center,Street Level,No access to/from station,<ul><li>No access to/from station</li></ul>,https://www5.septa.org/about/accessibility/alternative-transportation/bsl-alternate/,2026-01-31 17:30:12,2026-01-31T223012UTC
Broad Street Subway / Broad Ridge Spur,Olney Transit Center,Street to Mezzanine,No access to/from station,<ul><li>No access to/from station</li></ul>,https://www5.septa.org/about/accessibility/alternative-transportation/bsl-alternate/,2026-01-31 17:30:12,2026-01-31T223012UTC
Broad Street Subway / Broad Ridge Spur,8th-Market,Street Level,No access to/from station,<ul><li>No access to/from station</li></ul>,https://www5.septa.org/about/accessibility/alternative-transportation/bsl-alternate/,2026-01-31 17:30:12,2026-01-31T223012UTC
Market Frankford Line,Frankford Transit Center,Main Terminal Pratt Street,Use Bridge Street for access to/from platforms,<ul><li>Use Bridge Street for access to/from platforms</li></ul>,https://www5.septa.org/about/accessibility/alternative-transportation/mfl-alternate/,2026-01-31 17:30:12,2026-01-31T223012UTC
Market Frankford Line,Tioga,Westbound,No access to/from station,<ul><li>No access to/from station</li></ul>,https://www5.septa.org/about/accessibility/alternative-transportation/mfl-alternate/,2026-01-31 17:30:12,2026-01-31T223012UTC
Market Frankford Line,York-Dauphin,Westbound ,No access to/from station,<ul><li>No access to/from station</li></ul>,https://www5.septa.org/about/accessibility/alternative-transportation/mfl-alternate/,2026-01-31 17:30:12,2026-01-31T223012UTC
Market Frankford Line,Berks,Westbound,No access to/from station,<ul><li>No access to/from station</li></ul>,https://www5.septa.org/about/accessibility/alternative-transportation/mfl-alternate/,2026-01-31 17:30:12,2026-01-31T223012UTC
Market Frankford Line,8th-Market,Westbound,No access to/from station,<ul><li>No access to/from station</li></ul>,https://www5.septa.org/about/accessibility/alternative-transportation/mfl-alternate/,2026-01-31 17:30:12,2026-01-31T223012UTC
Regional Rail,Gray 30th Street,"""A"" Platform",No access to/from Tracks 1 and 2,<ul><li>No access to/from Tracks 1 and 2</li></ul>,https://www5.septa.org/about/accessibility/alternative-transportation/regional-rail-alternate/,2026-01-31 17:30:12,2026-01-31T223012UTC
Broad Street Subway / Broad Ridge Spur,North Philadelphia,Southbound,No access to/from southbound platform ,<ul><li>No access to/from southbound platform</li></ul> ,https://www5.septa.org/about/accessibility/alternative-transportation/bsl-alternate/,2026-01-31 17:30:12,2026-01-31T223012UTC
Regional Rail,Wayne Junction,Outbound,No access to/from outbound platform (From Center City),<ul><li>No access to/from outbound platform (From Center City)</li></ul>,https://www5.septa.org/about/accessibility/alternative-transportation/regional-rail-alternate/,2026-01-31 17:30:12,2026-01-31T223012UTC
Regional Rail,Chester Transit Center,Inbound,No access to/from inbound platform (To Center City),<ul><li>No access to/from inbound platform (To Center City)</li></ul>,https://www5.septa.org/about/accessibility/alternative-transportation/regional-rail-alternate/,2026-01-31 17:30:12,2026-01-31T223012UTC
Market Frankford Line,15th St/City Hall,"Dilworth Park - South End (Street to Concourse)
","No access to/from the concourse on the south end
","<ul><li>No access to/from the concourse on the south end</li></ul>
",https://www5.septa.org/about/accessibility/alternative-transportation/mfl-alternate/,2026-01-31 17:30:12,2026-01-31T223012UTC
Regional Rail,Lansdale,Lansdale Garage #1,"No access to garage parking floors if both elevators out
","<ul><li>No access to garage parking floors if both elevators out</li></ul>
",https://www5.septa.org/about/accessibility/alternative-transportation/regional-rail-alternate/,2026-01-31 17:30:12,2026-01-31T223012UTC
Broad Street Subway / Broad Ridge Spur,Fern Rock Transit Center,Street Level,No access to/from station,<ul><li>No access to/from station</li></ul>,https://www5.septa.org/about/accessibility/alternative-transportation/bsl-alternate/,2026-01-31 21:57:34,2026-02-01T025734UTC
Broad Street Subway / Broad Ridge Spur,Olney Transit Center,Street to Mezzanine,No access to/from station,<ul><li>No access to/from station</li></ul>,https://www5.septa.org/about/accessibility/alternative-transportation/bsl-alternate/,2026-01-31 21:57:34,2026-02-01T025734UTC
Broad Street Subway / Broad Ridge Spur,8th-Market,Street Level,No access to/from station,<ul><li>No access to/from station</li></ul>,https://www5.septa.org/about/accessibility/alternative-transportation/bsl-alternate/,2026-01-31 21:57:34,2026-02-01T025734UTC
Market Frankford Line,Frankford Transit Center,Main Terminal Pratt Street,Use Bridge Street for access to/from platforms,<ul><li>Use Bridge Street for access to/from platforms</li></ul>,https://www5.septa.org/about/accessibility/alternative-transportation/mfl-alternate/,2026-01-31 21:57:34,2026-02-01T025734UTC
Market Frankford Line,Tioga,Westbound,No access to/from station,<ul><li>No access to/from station</li></ul>,https://www5.septa.org/about/accessibility/alternative-transportation/mfl-alternate/,2026-01-31 21:57:34,2026-02-01T025734UTC
Market Frankford Line,York-Dauphin,Westbound ,No access to/from station,<ul><li>No access to/from station</li></ul>,https://www5.septa.org/about/accessibility/alternative-transportation/mfl-alternate/,2026-01-31 21:57:34,2026-02-01T025734UTC
Market Frankford Line,Berks,Westbound,No access to/from station,<ul><li>No access to/from station</li></ul>,https://www5.septa.org/about/accessibility/alternative-transportation/mfl-alternate/,2026-01-31 21:57:34,2026-02-01T025734UTC
Market Frankford Line,8th-Market,Westbound,No access to/from station,<ul><li>No access to/from station</li></ul>,https://www5.septa.org/about/accessibility/alternative-transportation/mfl-alternate/,2026-01-31 21:57:34,2026-02-01T025734UTC
Regional Rail,Gray 30th Street,"""A"" Platform",No access to/from Tracks 1 and 2,<ul><li>No access to/from Tracks 1 and 2</li></ul>,https://www5.septa.org/about/accessibility/alternative-transportation/regional-rail-alternate/,2026-01-31 21:57:34,2026-02-01T025734UTC
Broad Street Subway / Broad Ridge Spur,North Philadelphia,Southbound,No access to/from southbound platform ,<ul><li>No access to/from southbound platform</li></ul> ,https://www5.septa.org/about/accessibility/alternative-transportation/bsl-alternate/,2026-01-31 21:57:34,2026-02-01T025734UTC
Regional Rail,Wayne Junction,Outbound,No access to/from outbound platform (From Center City),<ul><li>No access to/from outbound platform (From Center City)</li></ul>,https://www5.septa.org/about/accessibility/alternative-transportation/regional-rail-alternate/,2026-01-31 21:57:34,2026-02-01T025734UTC
Regional Rail,Chester Transit Center,Inbound,No access to/from inbound platform (To Center City),<ul><li>No access to/from inbound platform (To Center City)</li></ul>,https://www5.septa.org/about/accessibility/alternative-transportation/regional-rail-alternate/,2026-01-31 21:57:34,2026-02-01T025734UTC
Market Frankford Line,15th St/City Hall,"Dilworth Park - South End (Street to Concourse)
","No access to/from the concourse on the south end
","<ul><li>No access to/from the concourse on the south end</li></ul>
",https://www5.septa.org/about/accessibility/alternative-transportation/mfl-alternate/,2026-01-31 21:57:34,2026-02-01T025734UTC
Regional Rail,Lansdale,Lansdale Garage #1,"No access to garage parking floors if both elevators out
","<ul><li>No access to garage parking floors if both elevators out</li></ul>
",https://www5.septa.org/about/accessibility/alternative-transportation/regional-rail-alternate/,2026-01-31 21:57:34,2026-02-01T025734UTC
Broad Street Subway / Broad Ridge Spur,Fern Rock Transit Center,Street Level,No access to/from station,<ul><li>No access to/from station</li></ul>,https://www5.septa.org/about/accessibility/alternative-transportation/bsl-alternate/,2026-02-01 00:24:10,2026-02-01T052410UTC
Broad Street Subway / Broad Ridge Spur,Olney Transit Center,Street to Mezzanine,No access to/from station,<ul><li>No access to/from station</li></ul>,https://www5.septa.org/about/accessibility/alternative-transportation/bsl-alternate/,2026-02-01 00:24:10,2026-02-01T052410UTC
Broad Street Subway / Broad Ridge Spur,8th-Market,Street Level,No access to/from station,<ul><li>No access to/from station</li></ul>,https://www5.septa.org/about/accessibility/alternative-transportation/bsl-alternate/,2026-02-01 00:24:10,2026-02-01T052410UTC
Market Frankford Line,Frankford Transit Center,Main Terminal Pratt Street,Use Bridge Street for access to/from platforms,<ul><li>Use Bridge Street for access to/from platforms</li></ul>,https://www5.septa.org/about/accessibility/alternative-transportation/mfl-alternate/,2026-02-01 00:24:10,2026-02-01T052410UTC
Market Frankford Line,Tioga,Westbound,No access to/from station,<ul><li>No access to/from station</li></ul>,https://www5.septa.org/about/accessibility/alternative-transportation/mfl-alternate/,2026-02-01 00:24:10,2026-02-01T052410UTC
Market Frankford Line,York-Dauphin,Westbound ,No access to/from station,<ul><li>No access to/from station</li></ul>,https://www5.septa.org/about/accessibility/alternative-transportation/mfl-alternate/,2026-02-01 00:24:10,2026-02-01T052410UTC
Market Frankford Line,Berks,Westbound,No access to/from station,<ul><li>No access to/from station</li></ul>,https://www5.septa.org/about/accessibility/alternative-transportation/mfl-alternate/,2026-02-01 00:24:10,2026-02-01T052410UTC
Market Frankford Line,8th-Market,Westbound,No access to/from station,<ul><li>No access to/from station</li></ul>,https://www5.septa.org/about/accessibility/alternative-transportation/mfl-alternate/,2026-02-01 00:24:10,2026-02-01T052410UTC
Regional Rail,Gray 30th Street,"""A"" Platform",No access to/from Tracks 1 and 2,<ul><li>No access to/from Tracks 1 and 2</li></ul>,https://www5.septa.org/about/accessibility/alternative-transportation/regional-rail-alternate/,2026-02-01 00:24:10,2026-02-01T052410UTC
Broad Street Subway / Broad Ridge Spur,North Philadelphia,Southbound,No access to/from southbound platform ,<ul><li>No access to/from southbound platform</li></ul> ,https://www5.septa.org/about/accessibility/alternative-transportation/bsl-alternate/,2026-02-01 00:24:10,2026-02-01T052410UTC
Regional Rail,Wayne Junction,Outbound,No access to/from outbound platform (From Center City),<ul><li>No access to/from outbound platform (From Center City)</li></ul>,https://www5.septa.org/about/accessibility/alternative-transportation/regional-rail-alternate/,2026-02-01 00:24:10,2026-02-01T052410UTC
Regional Rail,Chester Transit Center,Inbound,No access to/from inbound platform (To Center City),<ul><li>No access to/from inbound platform (To Center City)</li></ul>,https://www5.septa.org/about/accessibility/alternative-transportation/regional-rail-alternate/,2026-02-01 00:24:10,2026-02-01T052410UTC
Market Frankford Line,15th St/City Hall,"Dilworth Park - South End (Street to Concourse)
","No access to/from the concourse on the south end
","<ul><li>No access to/from the concourse on the south end</li></ul>
",https://www5.septa.org/about/accessibility/alternative-transportation/mfl-alternate/,2026-02-01 00:24:10,2026-02-01T052410UTC
Regional Rail,Lansdale,Lansdale Garage #1,"No access to garage parking floors if both elevators out
","<ul><li>No access to garage parking floors if both elevators out</li></ul>
",https://www5.septa.org/about/accessibility/alternative-transportation/regional-rail-alternate/,2026-02-01 00:24:10,2026-02-01T052410UTC
Broad Street Subway / Broad Ridge Spur,Fern Rock Transit Center,Street Level,No access to/from station,<ul><li>No access to/from station</li></ul>,https://www5.septa.org/about/accessibility/alternative-transportation/bsl-alternate/,2026-02-01 01:58:50,2026-02-01T065850UTC
Broad Street Subway / Broad Ridge Spur,Olney Transit Center,Street to Mezzanine,No access to/from station,<ul><li>No access to/from station</li></ul>,https://www5.septa.org/about/accessibility/alternative-transportation/bsl-alternate/,2026-02-01 01:58:50,2026-02-01T065850UTC
Broad Street Subway / Broad Ridge Spur,8th-Market,Street Level,No access to/from station,<ul><li>No access to/from station</li></ul>,https://www5.septa.org/about/accessibility/alternative-transportation/bsl-alternate/,2026-02-01 01:58:50,2026-02-01T065850UTC
Market Frankford Line,Frankford Transit Center,Main Terminal Pratt Street,Use Bridge Street for access to/from platforms,<ul><li>Use Bridge Street for access to/from platforms</li></ul>,https://www5.septa.org/about/accessibility/alternative-transportation/mfl-alternate/,2026-02-01 01:58:50,2026-02-01T065850UTC
Market Frankford Line,Tioga,Westbound,No access to/from station,<ul><li>No access to/from station</li></ul>,https://www5.septa.org/about/accessibility/alternative-transportation/mfl-alternate/,2026-02-01 01:58:50,2026-02-01T065850UTC
Market Frankford Line,York-Dauphin,Westbound ,No access to/from station,<ul><li>No access to/from station</li></ul>,https://www5.septa.org/about/accessibility/alternative-transportation/mfl-alternate/,2026-02-01 01:58:50,2026-02-01T065850UTC
Market Frankford Line,Berks,Westbound,No access to/from station,<ul><li>No access to/from station</li></ul>,https://www5.septa.org/about/accessibility/alternative-transportation/mfl-alternate/,2026-02-01 01:58:50,2026-02-01T065850UTC
Market Frankford Line,8th-Market,Westbound,No access to/from station,<ul><li>No access to/from station</li></ul>,https://www5.septa.org/about/accessibility/alternative-transportation/mfl-alternate/,2026-02-01 01:58:50,2026-02-01T065850UTC
Regional Rail,Gray 30th Street,"""A"" Platform",No access to/from Tracks 1 and 2,<ul><li>No access to/from Tracks 1 and 2</li></ul>,https://www5.septa.org/about/accessibility/alternative-transportation/regional-rail-alternate/,2026-02-01 01:58:50,2026-02-01T065850UTC
Broad Street Subway / Broad Ridge Spur,North Philadelphia,Southbound,No access to/from southbound platform ,<ul><li>No access to/from southbound platform</li></ul> ,https://www5.septa.org/about/accessibility/alternative-transportation/bsl-alternate/,2026-02-01 01:58:50,2026-02-01T065850UTC
Regional Rail,Wayne Junction,Outbound,No access to/from outbound platform (From Center City),<ul><li>No access to/from outbound platform (From Center City)</li></ul>,https://www5.septa.org/about/accessibility/alternative-transportation/regional-rail-alternate/,2026-02-01 01:58:50,2026-02-01T065850UTC
Regional Rail,Chester Transit Center,Inbound,No access to/from inbound platform (To Center City),<ul><li>No access to/from inbound platform (To Center City)</li></ul>,https://www5.septa.org/about/accessibility/alternative-transportation/regional-rail-alternate/,2026-02-01 01:58:50,2026-02-01T065850UTC
Market Frankford Line,15th St/City Hall,"Dilworth Park - South End (Street to Concourse)
","No access to/from the concourse on the south end
","<ul><li>No access to/from the concourse on the south end</li></ul>
",https://www5.septa.org/about/accessibility/alternative-transportation/mfl-alternate/,2026-02-01 01:58:50,2026-02-01T065850UTC
Regional Rail,Lansdale,Lansdale Garage #1,"No access to garage parking floors if both elevators out
","<ul><li>No access to garage parking floors if both elevators out</li></ul>
",https://www5.septa.org/about/accessibility/alternative-transportation/regional-rail-alternate/,2026-02-01 01:58:50,2026-02-01T065850UTC
Broad Street Subway / Broad Ridge Spur,Fern Rock Transit Center,Street Level,No access to/from station,<ul><li>No access to/from station</li></ul>,https://www5.septa.org/about/accessibility/alternative-transportation/bsl-alternate/,2026-02-01 03:40:18,2026-02-01T084018UTC
Broad Street Subway / Broad Ridge Spur,Olney Transit Center,Street to Mezzanine,No access to/from station,<ul><li>No access to/from station</li></ul>,https://www5.septa.org/about/accessibility/alternative-transportation/bsl-alternate/,2026-02-01 03:40:18,2026-02-01T084018UTC
Broad Street Subway / Broad Ridge Spur,8th-Market,Street Level,No access to/from station,<ul><li>No access to/from station</li></ul>,https://www5.septa.org/about/accessibility/alternative-transportation/bsl-alternate/,2026-02-01 03:40:18,2026-02-01T084018UTC
Market Frankford Line,Frankford Transit Center,Main Terminal Pratt Street,Use Bridge Street for access to/from platforms,<ul><li>Use Bridge Street for access to/from platforms</li></ul>,https://www5.septa.org/about/accessibility/alternative-transportation/mfl-alternate/,2026-02-01 03:40:18,2026-02-01T084018UTC
Market Frankford Line,Tioga,Westbound,No access to/from station,<ul><li>No access to/from station</li></ul>,https://www5.septa.org/about/accessibility/alternative-transportation/mfl-alternate/,2026-02-01 03:40:18,2026-02-01T084018UTC
Market Frankford Line,York-Dauphin,Westbound ,No access to/from station,<ul><li>No access to/from station</li></ul>,https://www5.septa.org/about/accessibility/alternative-transportation/mfl-alternate/,2026-02-01 03:40:18,2026-02-01T084018UTC
Market Frankford Line,Berks,Westbound,No access to/from station,<ul><li>No access to/from station</li></ul>,https://www5.septa.org/about/accessibility/alternative-transportation/mfl-alternate/,2026-02-01 03:40:18,2026-02-01T084018UTC
Market Frankford Line,8th-Market,Westbound,No access to/from station,<ul><li>No access to/from station</li></ul>,https://www5.septa.org/about/accessibility/alternative-transportation/mfl-alternate/,2026-02-01 03:40:18,2026-02-01T084018UTC
Regional Rail,Gray 30th Street,"""A"" Platform",No access to/from Tracks 1 and 2,<ul><li>No access to/from Tracks 1 and 2</li></ul>,https://www5.septa.org/about/accessibility/alternative-transportation/regional-rail-alternate/,2026-02-01 03:40:18,2026-02-01T084018UTC
Broad Street Subway / Broad Ridge Spur,North Philadelphia,Southbound,No access to/from southbound platform ,<ul><li>No access to/from southbound platform</li></ul> ,https://www5.septa.org/about/accessibility/alternative-transportation/bsl-alternate/,2026-02-01 03:40:18,2026-02-01T084018UTC
Regional Rail,Wayne Junction,Outbound,No access to/from outbound platform (From Center City),<ul><li>No access to/from outbound platform (From Center City)</li></ul>,https://www5.septa.org/about/accessibility/alternative-transportation/regional-rail-alternate/,2026-02-01 03:40:18,2026-02-01T084018UTC
Regional Rail,Chester Transit Center,Inbound,No access to/from inbound platform (To Center City),<ul><li>No access to/from inbound platform (To Center City)</li></ul>,https://www5.septa.org/about/accessibility/alternative-transportation/regional-rail-alternate/,2026-02-01 03:40:18,2026-02-01T084018UTC
Market Frankford Line,15th St/City Hall,"Dilworth Park - South End (Street to Concourse)
","No access to/from the concourse on the south end
","<ul><li>No access to/from the concourse on the south end</li></ul>
",https://www5.septa.org/about/accessibility/alternative-transportation/mfl-alternate/,2026-02-01 03:40:18,2026-02-01T084018UTC
Regional Rail,Lansdale,Lansdale Garage #1,"No access to garage parking floors if both elevators out
","<ul><li>No access to garage parking floors if both elevators out</li></ul>
",https://www5.septa.org/about/accessibility/alternative-transportation/regional-rail-alternate/,2026-02-01 03:40:18,2026-02-01T084018UTC
Broad Street Subway / Broad Ridge Spur,Fern Rock Transit Center,Street Level,No access to/from station,<ul><li>No access to/from station</li></ul>,https://www5.septa.org/about/accessibility/alternative-transportation/bsl-alternate/,2026-02-01 05:33:57,2026-02-01T103357UTC
Broad Street Subway / Broad Ridge Spur,Olney Transit Center,Street to Mezzanine,No access to/from station,<ul><li>No access to/from station</li></ul>,https://www5.septa.org/about/accessibility/alternative-transportation/bsl-alternate/,2026-02-01 05:33:57,2026-02-01T103357UTC
Broad Street Subway / Broad Ridge Spur,8th-Market,Street Level,No access to/from station,<ul><li>No access to/from station</li></ul>,https://www5.septa.org/about/accessibility/alternative-transportation/bsl-alternate/,2026-02-01 05:33:57,2026-02-01T103357UTC
Market Frankford Line,Frankford Transit Center,Main Terminal Pratt Street,Use Bridge Street for access to/from platforms,<ul><li>Use Bridge Street for access to/from platforms</li></ul>,https://www5.septa.org/about/accessibility/alternative-transportation/mfl-alternate/,2026-02-01 05:33:57,2026-02-01T103357UTC
Market Frankford Line,Tioga,Westbound,No access to/from station,<ul><li>No access to/from station</li></ul>,https://www5.septa.org/about/accessibility/alternative-transportation/mfl-alternate/,2026-02-01 05:33:57,2026-02-01T103357UTC
Market Frankford Line,York-Dauphin,Westbound ,No access to/from station,<ul><li>No access to/from station</li></ul>,https://www5.septa.org/about/accessibility/alternative-transportation/mfl-alternate/,2026-02-01 05:33:57,2026-02-01T103357UTC
Market Frankford Line,Berks,Westbound,No access to/from station,<ul><li>No access to/from station</li></ul>,https://www5.septa.org/about/accessibility/alternative-transportation/mfl-alternate/,2026-02-01 05:33:57,2026-02-01T103357UTC
Market Frankford Line,8th-Market,Westbound,No access to/from station,<ul><li>No access to/from station</li></ul>,https://www5.septa.org/about/accessibility/alternative-transportation/mfl-alternate/,2026-02-01 05:33:57,2026-02-01T103357UTC
Regional Rail,Gray 30th Street,"""A"" Platform",No access to/from Tracks 1 and 2,<ul><li>No access to/from Tracks 1 and 2</li></ul>,https://www5.septa.org/about/accessibility/alternative-transportation/regional-rail-alternate/,2026-02-01 05:33:57,2026-02-01T103357UTC
Broad Street Subway / Broad Ridge Spur,North Philadelphia,Southbound,No access to/from southbound platform ,<ul><li>No access to/from southbound platform</li></ul> ,https://www5.septa.org/about/accessibility/alternative-transportation/bsl-alternate/,2026-02-01 05:33:57,2026-02-01T103357UTC
Regional Rail,Wayne Junction,Outbound,No access to/from outbound platform (From Center City),<ul><li>No access to/from outbound platform (From Center City)</li></ul>,https://www5.septa.org/about/accessibility/alternative-transportation/regional-rail-alternate/,2026-02-01 05:33:57,2026-02-01T103357UTC
Regional Rail,Chester Transit Center,Inbound,No access to/from inbound platform (To Center City),<ul><li>No access to/from inbound platform (To Center City)</li></ul>,https://www5.septa.org/about/accessibility/alternative-transportation/regional-rail-alternate/,2026-02-01 05:33:57,2026-02-01T103357UTC
Market Frankford Line,15th St/City Hall,"Dilworth Park - South End (Street to Concourse)
","No access to/from the concourse on the south end
","<ul><li>No access to/from the concourse on the south end</li></ul>
",https://www5.septa.org/about/accessibility/alternative-transportation/mfl-alternate/,2026-02-01 05:33:57,2026-02-01T103357UTC
Regional Rail,Lansdale,Lansdale Garage #1,"No access to garage parking floors if both elevators out
","<ul><li>No access to garage parking floors if both elevators out</li></ul>
",https://www5.septa.org/about/accessibility/alternative-transportation/regional-rail-alternate/,2026-02-01 05:33:57,2026-02-01T103357UTC
Broad Street Subway / Broad Ridge Spur,Fern Rock Transit Center,Street Level,No access to/from station,<ul><li>No access to/from station</li></ul>,https://www5.septa.org/about/accessibility/alternative-transportation/bsl-alternate/,2026-02-01 08:04:08,2026-02-01T130408UTC
Broad Street Subway / Broad Ridge Spur,Olney Transit Center,Street to Mezzanine,No access to/from station,<ul><li>No access to/from station</li></ul>,https://www5.septa.org/about/accessibility/alternative-transportation/bsl-alternate/,2026-02-01 08:04:08,2026-02-01T130408UTC
Broad Street Subway / Broad Ridge Spur,8th-Market,Street Level,No access to/from station,<ul><li>No access to/from station</li></ul>,https://www5.septa.org/about/accessibility/alternative-transportation/bsl-alternate/,2026-02-01 08:04:08,2026-02-01T130408UTC
Market Frankford Line,Frankford Transit Center,Main Terminal Pratt Street,Use Bridge Street for access to/from platforms,<ul><li>Use Bridge Street for access to/from platforms</li></ul>,https://www5.septa.org/about/accessibility/alternative-transportation/mfl-alternate/,2026-02-01 08:04:08,2026-02-01T130408UTC
Market Frankford Line,Tioga,Westbound,No access to/from station,<ul><li>No access to/from station</li></ul>,https://www5.septa.org/about/accessibility/alternative-transportation/mfl-alternate/,2026-02-01 08:04:08,2026-02-01T130408UTC
Market Frankford Line,York-Dauphin,Westbound ,No access to/from station,<ul><li>No access to/from station</li></ul>,https://www5.septa.org/about/accessibility/alternative-transportation/mfl-alternate/,2026-02-01 08:04:08,2026-02-01T130408UTC
Market Frankford Line,Berks,Westbound,No access to/from station,<ul><li>No access to/from station</li></ul>,https://www5.septa.org/about/accessibility/alternative-transportation/mfl-alternate/,2026-02-01 08:04:08,2026-02-01T130408UTC
Market Frankford Line,8th-Market,Westbound,No access to/from station,<ul><li>No access to/from station</li></ul>,https://www5.septa.org/about/accessibility/alternative-transportation/mfl-alternate/,2026-02-01 08:04:08,2026-02-01T130408UTC
Regional Rail,Gray 30th Street,"""A"" Platform",No access to/from Tracks 1 and 2,<ul><li>No access to/from Tracks 1 and 2</li></ul>,https://www5.septa.org/about/accessibility/alternative-transportation/regional-rail-alternate/,2026-02-01 08:04:08,2026-02-01T130408UTC
Broad Street Subway / Broad Ridge Spur,North Philadelphia,Southbound,No access to/from southbound platform ,<ul><li>No access to/from southbound platform</li></ul> ,https://www5.septa.org/about/accessibility/alternative-transportation/bsl-alternate/,2026-02-01 08:04:08,2026-02-01T130408UTC
Regional Rail,Wayne Junction,Outbound,No access to/from outbound platform (From Center City),<ul><li>No access to/from outbound platform (From Center City)</li></ul>,https://www5.septa.org/about/accessibility/alternative-transportation/regional-rail-alternate/,2026-02-01 08:04:08,2026-02-01T130408UTC
Regional Rail,Chester Transit Center,Inbound,No access to/from inbound platform (To Center City),<ul><li>No access to/from inbound platform (To Center City)</li></ul>,https://www5.septa.org/about/accessibility/alternative-transportation/regional-rail-alternate/,2026-02-01 08:04:08,2026-02-01T130408UTC
Market Frankford Line,15th St/City Hall,"Dilworth Park - South End (Street to Concourse)
","No access to/from the concourse on the south end
","<ul><li>No access to/from the concourse on the south end</li></ul>
",https://www5.septa.org/about/accessibility/alternative-transportation/mfl-alternate/,2026-02-01 08:04:08,2026-02-01T130408UTC
Regional Rail,Lansdale,Lansdale Garage #1,"No access to garage parking floors if both elevators out
","<ul><li>No access to garage parking floors if both elevators out</li></ul>
",https://www5.septa.org/about/accessibility/alternative-transportation/regional-rail-alternate/,2026-02-01 08:04:08,2026-02-01T130408UTC
Broad Street Subway / Broad Ridge Spur,Fern Rock Transit Center,Street Level,No access to/from station,<ul><li>No access to/from station</li></ul>,https://www5.septa.org/about/accessibility/alternative-transportation/bsl-alternate/,2026-02-01 09:32:47,2026-02-01T143247UTC
Broad Street Subway / Broad Ridge Spur,Olney Transit Center,Street to Mezzanine,No access to/from station,<ul><li>No access to/from station</li></ul>,https://www5.septa.org/about/accessibility/alternative-transportation/bsl-alternate/,2026-02-01 09:32:47,2026-02-01T143247UTC
Broad Street Subway / Broad Ridge Spur,8th-Market,Street Level,No access to/from station,<ul><li>No access to/from station</li></ul>,https://www5.septa.org/about/accessibility/alternative-transportation/bsl-alternate/,2026-02-01 09:32:47,2026-02-01T143247UTC
Market Frankford Line,Frankford Transit Center,Main Terminal Pratt Street,Use Bridge Street for access to/from platforms,<ul><li>Use Bridge Street for access to/from platforms</li></ul>,https://www5.septa.org/about/accessibility/alternative-transportation/mfl-alternate/,2026-02-01 09:32:47,2026-02-01T143247UTC
Market Frankford Line,Tioga,Westbound,No access to/from station,<ul><li>No access to/from station</li></ul>,https://www5.septa.org/about/accessibility/alternative-transportation/mfl-alternate/,2026-02-01 09:32:47,2026-02-01T143247UTC
Market Frankford Line,York-Dauphin,Westbound ,No access to/from station,<ul><li>No access to/from station</li></ul>,https://www5.septa.org/about/accessibility/alternative-transportation/mfl-alternate/,2026-02-01 09:32:47,2026-02-01T143247UTC
Market Frankford Line,Berks,Westbound,No access to/from station,<ul><li>No access to/from station</li></ul>,https://www5.septa.org/about/accessibility/alternative-transportation/mfl-alternate/,2026-02-01 09:32:47,2026-02-01T143247UTC
Market Frankford Line,8th-Market,Westbound,No access to/from station,<ul><li>No access to/from station</li></ul>,https://www5.septa.org/about/accessibility/alternative-transportation/mfl-alternate/,2026-02-01 09:32:47,2026-02-01T143247UTC
Regional Rail,Gray 30th Street,"""A"" Platform",No access to/from Tracks 1 and 2,<ul><li>No access to/from Tracks 1 and 2</li></ul>,https://www5.septa.org/about/accessibility/alternative-transportation/regional-rail-alternate/,2026-02-01 09:32:47,2026-02-01T143247UTC
Broad Street Subway / Broad Ridge Spur,North Philadelphia,Southbound,No access to/from southbound platform ,<ul><li>No access to/from southbound platform</li></ul> ,https://www5.septa.org/about/accessibility/alternative-transportation/bsl-alternate/,2026-02-01 09:32:47,2026-02-01T143247UTC
Regional Rail,Wayne Junction,Outbound,No access to/from outbound platform (From Center City),<ul><li>No access to/from outbound platform (From Center City)</li></ul>,https://www5.septa.org/about/accessibility/alternative-transportation/regional-rail-alternate/,2026-02-01 09:32:47,2026-02-01T143247UTC
Regional Rail,Chester Transit Center,Inbound,No access to/from inbound platform (To Center City),<ul><li>No access to/from inbound platform (To Center City)</li></ul>,https://www5.septa.org/about/accessibility/alternative-transportation/regional-rail-alternate/,2026-02-01 09:32:47,2026-02-01T143247UTC
Market Frankford Line,15th St/City Hall,"Dilworth Park - South End (Street to Concourse)
","No access to/from the concourse on the south end
","<ul><li>No access to/from the concourse on the south end</li></ul>
",https://www5.septa.org/about/accessibility/alternative-transportation/mfl-alternate/,2026-02-01 09:32:47,2026-02-01T143247UTC
Regional Rail,Lansdale,Lansdale Garage #1,"No access to garage parking floors if both elevators out
","<ul><li>No access to garage parking floors if both elevators out</li></ul>
",https://www5.septa.org/about/accessibility/alternative-transportation/regional-rail-alternate/,2026-02-01 09:32:47,2026-02-01T143247UTC
Broad Street Subway / Broad Ridge Spur,Fern Rock Transit Center,Street Level,No access to/from station,<ul><li>No access to/from station</li></ul>,https://www5.septa.org/about/accessibility/alternative-transportation/bsl-alternate/,2026-02-01 11:38:20,2026-02-01T163820UTC
Broad Street Subway / Broad Ridge Spur,Olney Transit Center,Street to Mezzanine,No access to/from station,<ul><li>No access to/from station</li></ul>,https://www5.septa.org/about/accessibility/alternative-transportation/bsl-alternate/,2026-02-01 11:38:20,2026-02-01T163820UTC
Broad Street Subway / Broad Ridge Spur,8th-Market,Street Level,No access to/from station,<ul><li>No access to/from station</li></ul>,https://www5.septa.org/about/accessibility/alternative-transportation/bsl-alternate/,2026-02-01 11:38:20,2026-02-01T163820UTC
Market Frankford Line,Frankford Transit Center,Main Terminal Pratt Street,Use Bridge Street for access to/from platforms,<ul><li>Use Bridge Street for access to/from platforms</li></ul>,https://www5.septa.org/about/accessibility/alternative-transportation/mfl-alternate/,2026-02-01 11:38:20,2026-02-01T163820UTC
Market Frankford Line,Tioga,Westbound,No access to/from station,<ul><li>No access to/from station</li></ul>,https://www5.septa.org/about/accessibility/alternative-transportation/mfl-alternate/,2026-02-01 11:38:20,2026-02-01T163820UTC
Market Frankford Line,York-Dauphin,Westbound ,No access to/from station,<ul><li>No access to/from station</li></ul>,https://www5.septa.org/about/accessibility/alternative-transportation/mfl-alternate/,2026-02-01 11:38:20,2026-02-01T163820UTC
Market Frankford Line,Berks,Westbound,No access to/from station,<ul><li>No access to/from station</li></ul>,https://www5.septa.org/about/accessibility/alternative-transportation/mfl-alternate/,2026-02-01 11:38:20,2026-02-01T163820UTC
Market Frankford Line,Front-Girard,Westbound ,No access to/from station,<ul><li>No access to/from station</li></ul>,https://www5.septa.org/about/accessibility/alternative-transportation/mfl-alternate/,2026-02-01 11:38:20,2026-02-01T163820UTC
Market Frankford Line,8th-Market,Westbound,No access to/from station,<ul><li>No access to/from station</li></ul>,https://www5.septa.org/about/accessibility/alternative-transportation/mfl-alternate/,2026-02-01 11:38:20,2026-02-01T163820UTC
Regional Rail,Gray 30th Street,"""A"" Platform",No access to/from Tracks 1 and 2,<ul><li>No access to/from Tracks 1 and 2</li></ul>,https://www5.septa.org/about/accessibility/alternative-transportation/regional-rail-alternate/,2026-02-01 11:38:20,2026-02-01T163820UTC
Broad Street Subway / Broad Ridge Spur,North Philadelphia,Southbound,No access to/from southbound platform ,<ul><li>No access to/from southbound platform</li></ul> ,https://www5.septa.org/about/accessibility/alternative-transportation/bsl-alternate/,2026-02-01 11:38:20,2026-02-01T163820UTC
Regional Rail,Wayne Junction,Outbound,No access to/from outbound platform (From Center City),<ul><li>No access to/from outbound platform (From Center City)</li></ul>,https://www5.septa.org/about/accessibility/alternative-transportation/regional-rail-alternate/,2026-02-01 11:38:20,2026-02-01T163820UTC
Regional Rail,Chester Transit Center,Inbound,No access to/from inbound platform (To Center City),<ul><li>No access to/from inbound platform (To Center City)</li></ul>,https://www5.septa.org/about/accessibility/alternative-transportation/regional-rail-alternate/,2026-02-01 11:38:20,2026-02-01T163820UTC
Market Frankford Line,15th St/City Hall,"Dilworth Park - South End (Street to Concourse)
","No access to/from the concourse on the south end
","<ul><li>No access to/from the concourse on the south end</li></ul>
",https://www5.septa.org/about/accessibility/alternative-transportation/mfl-alternate/,2026-02-01 11:38:20,2026-02-01T163820UTC
Regional Rail,Lansdale,Lansdale Garage #1,"No access to garage parking floors if both elevators out
","<ul><li>No access to garage parking floors if both elevators out</li></ul>
",https://www5.septa.org/about/accessibility/alternative-transportation/regional-rail-alternate/,2026-02-01 11:38:20,2026-02-01T163820UTC
Broad Street Subway / Broad Ridge Spur,Fern Rock Transit Center,Street Level,No access to/from station,<ul><li>No access to/from station</li></ul>,https://www5.septa.org/about/accessibility/alternative-transportation/bsl-alternate/,2026-02-01 13:45:17,2026-02-01T184517UTC
Broad Street Subway / Broad Ridge Spur,Olney Transit Center,Street to Mezzanine,No access to/from station,<ul><li>No access to/from station</li></ul>,https://www5.septa.org/about/accessibility/alternative-transportation/bsl-alternate/,2026-02-01 13:45:17,2026-02-01T184517UTC
Broad Street Subway / Broad Ridge Spur,8th-Market,Street Level,No access to/from station,<ul><li>No access to/from station</li></ul>,https://www5.septa.org/about/accessibility/alternative-transportation/bsl-alternate/,2026-02-01 13:45:17,2026-02-01T184517UTC
Market Frankford Line,Frankford Transit Center,Main Terminal Pratt Street,Use Bridge Street for access to/from platforms,<ul><li>Use Bridge Street for access to/from platforms</li></ul>,https://www5.septa.org/about/accessibility/alternative-transportation/mfl-alternate/,2026-02-01 13:45:17,2026-02-01T184517UTC
Market Frankford Line,Tioga,Westbound,No access to/from station,<ul><li>No access to/from station</li></ul>,https://www5.septa.org/about/accessibility/alternative-transportation/mfl-alternate/,2026-02-01 13:45:17,2026-02-01T184517UTC
Market Frankford Line,York-Dauphin,Westbound ,No access to/from station,<ul><li>No access to/from station</li></ul>,https://www5.septa.org/about/accessibility/alternative-transportation/mfl-alternate/,2026-02-01 13:45:17,2026-02-01T184517UTC
Market Frankford Line,Berks,Westbound,No access to/from station,<ul><li>No access to/from station</li></ul>,https://www5.septa.org/about/accessibility/alternative-transportation/mfl-alternate/,2026-02-01 13:45:17,2026-02-01T184517UTC
Market Frankford Line,Front-Girard,Westbound ,No access to/from station,<ul><li>No access to/from station</li></ul>,https://www5.septa.org/about/accessibility/alternative-transportation/mfl-alternate/,2026-02-01 13:45:17,2026-02-01T184517UTC
Market Frankford Line,8th-Market,Westbound,No access to/from station,<ul><li>No access to/from station</li></ul>,https://www5.septa.org/about/accessibility/alternative-transportation/mfl-alternate/,2026-02-01 13:45:17,2026-02-01T184517UTC
Regional Rail,Gray 30th Street,"""A"" Platform",No access to/from Tracks 1 and 2,<ul><li>No access to/from Tracks 1 and 2</li></ul>,https://www5.septa.org/about/accessibility/alternative-transportation/regional-rail-alternate/,2026-02-01 13:45:17,2026-02-01T184517UTC
Broad Street Subway / Broad Ridge Spur,North Philadelphia,Southbound,No access to/from southbound platform ,<ul><li>No access to/from southbound platform</li></ul> ,https://www5.septa.org/about/accessibility/alternative-transportation/bsl-alternate/,2026-02-01 13:45:17,2026-02-01T184517UTC
Regional Rail,Wayne Junction,Outbound,No access to/from outbound platform (From Center City),<ul><li>No access to/from outbound platform (From Center City)</li></ul>,https://www5.septa.org/about/accessibility/alternative-transportation/regional-rail-alternate/,2026-02-01 13:45:17,2026-02-01T184517UTC
Regional Rail,Chester Transit Center,Inbound,No access to/from inbound platform (To Center City),<ul><li>No access to/from inbound platform (To Center City)</li></ul>,https://www5.septa.org/about/accessibility/alternative-transportation/regional-rail-alternate/,2026-02-01 13:45:17,2026-02-01T184517UTC
Market Frankford Line,15th St/City Hall,"Dilworth Park - South End (Street to Concourse)
","No access to/from the concourse on the south end
","<ul><li>No access to/from the concourse on the south end</li></ul>
",https://www5.septa.org/about/accessibility/alternative-transportation/mfl-alternate/,2026-02-01 13:45:17,2026-02-01T184517UTC
Regional Rail,Lansdale,Lansdale Garage #1,"No access to garage parking floors if both elevators out
","<ul><li>No access to garage parking floors if both elevators out</li></ul>
",https://www5.septa.org/about/accessibility/alternative-transportation/regional-rail-alternate/,2026-02-01 13:45:17,2026-02-01T184517UTC
Broad Street Subway / Broad Ridge Spur,Fern Rock Transit Center,Street Level,No access to/from station,<ul><li>No access to/from station</li></ul>,https://www5.septa.org/about/accessibility/alternative-transportation/bsl-alternate/,2026-02-01 15:34:52,2026-02-01T203452UTC
Broad Street Subway / Broad Ridge Spur,Olney Transit Center,Street to Mezzanine,No access to/from station,<ul><li>No access to/from station</li></ul>,https://www5.septa.org/about/accessibility/alternative-transportation/bsl-alternate/,2026-02-01 15:34:52,2026-02-01T203452UTC
Broad Street Subway / Broad Ridge Spur,8th-Market,Street Level,No access to/from station,<ul><li>No access to/from station</li></ul>,https://www5.septa.org/about/accessibility/alternative-transportation/bsl-alternate/,2026-02-01 15:34:52,2026-02-01T203452UTC
Market Frankford Line,Frankford Transit Center,Main Terminal Pratt Street,Use Bridge Street for access to/from platforms,<ul><li>Use Bridge Street for access to/from platforms</li></ul>,https://www5.septa.org/about/accessibility/alternative-transportation/mfl-alternate/,2026-02-01 15:34:52,2026-02-01T203452UTC
Market Frankford Line,Tioga,Westbound,No access to/from station,<ul><li>No access to/from station</li></ul>,https://www5.septa.org/about/accessibility/alternative-transportation/mfl-alternate/,2026-02-01 15:34:52,2026-02-01T203452UTC
Market Frankford Line,York-Dauphin,Westbound ,No access to/from station,<ul><li>No access to/from station</li></ul>,https://www5.septa.org/about/accessibility/alternative-transportation/mfl-alternate/,2026-02-01 15:34:52,2026-02-01T203452UTC
Market Frankford Line,Berks,Westbound,No access to/from station,<ul><li>No access to/from station</li></ul>,https://www5.septa.org/about/accessibility/alternative-transportation/mfl-alternate/,2026-02-01 15:34:52,2026-02-01T203452UTC
Market Frankford Line,Front-Girard,Westbound ,No access to/from station,<ul><li>No access to/from station</li></ul>,https://www5.septa.org/about/accessibility/alternative-transportation/mfl-alternate/,2026-02-01 15:34:52,2026-02-01T203452UTC
Market Frankford Line,8th-Market,Westbound,No access to/from station,<ul><li>No access to/from station</li></ul>,https://www5.septa.org/about/accessibility/alternative-transportation/mfl-alternate/,2026-02-01 15:34:52,2026-02-01T203452UTC
Regional Rail,Gray 30th Street,"""A"" Platform",No access to/from Tracks 1 and 2,<ul><li>No access to/from Tracks 1 and 2</li></ul>,https://www5.septa.org/about/accessibility/alternative-transportation/regional-rail-alternate/,2026-02-01 15:34:52,2026-02-01T203452UTC
Broad Street Subway / Broad Ridge Spur,North Philadelphia,Southbound,No access to/from southbound platform ,<ul><li>No access to/from southbound platform</li></ul> ,https://www5.septa.org/about/accessibility/alternative-transportation/bsl-alternate/,2026-02-01 15:34:52,2026-02-01T203452UTC
Regional Rail,Wayne Junction,Outbound,No access to/from outbound platform (From Center City),<ul><li>No access to/from outbound platform (From Center City)</li></ul>,https://www5.septa.org/about/accessibility/alternative-transportation/regional-rail-alternate/,2026-02-01 15:34:52,2026-02-01T203452UTC
Regional Rail,Chester Transit Center,Inbound,No access to/from inbound platform (To Center City),<ul><li>No access to/from inbound platform (To Center City)</li></ul>,https://www5.septa.org/about/accessibility/alternative-transportation/regional-rail-alternate/,2026-02-01 15:34:52,2026-02-01T203452UTC
Market Frankford Line,15th St/City Hall,"Dilworth Park - South End (Street to Concourse)
","No access to/from the concourse on the south end
","<ul><li>No access to/from the concourse on the south end</li></ul>
",https://www5.septa.org/about/accessibility/alternative-transportation/mfl-alternate/,2026-02-01 15:34:52,2026-02-01T203452UTC
Regional Rail,Lansdale,Lansdale Garage #1,"No access to garage parking floors if both elevators out
","<ul><li>No access to garage parking floors if both elevators out</li></ul>
",https://www5.septa.org/about/accessibility/alternative-transportation/regional-rail-alternate/,2026-02-01 15:34:52,2026-02-01T203452UTC
Broad Street Subway / Broad Ridge Spur,Fern Rock Transit Center,Street Level,No access to/from station,<ul><li>No access to/from station</li></ul>,https://www5.septa.org/about/accessibility/alternative-transportation/bsl-alternate/,2026-02-01 17:32:21,2026-02-01T223221UTC
Broad Street Subway / Broad Ridge Spur,Olney Transit Center,Street to Mezzanine,No access to/from station,<ul><li>No access to/from station</li></ul>,https://www5.septa.org/about/accessibility/alternative-transportation/bsl-alternate/,2026-02-01 17:32:21,2026-02-01T223221UTC
Broad Street Subway / Broad Ridge Spur,8th-Market,Street Level,No access to/from station,<ul><li>No access to/from station</li></ul>,https://www5.septa.org/about/accessibility/alternative-transportation/bsl-alternate/,2026-02-01 17:32:21,2026-02-01T223221UTC
Market Frankford Line,Frankford Transit Center,Main Terminal Pratt Street,Use Bridge Street for access to/from platforms,<ul><li>Use Bridge Street for access to/from platforms</li></ul>,https://www5.septa.org/about/accessibility/alternative-transportation/mfl-alternate/,2026-02-01 17:32:21,2026-02-01T223221UTC
Market Frankford Line,Tioga,Westbound,No access to/from station,<ul><li>No access to/from station</li></ul>,https://www5.septa.org/about/accessibility/alternative-transportation/mfl-alternate/,2026-02-01 17:32:21,2026-02-01T223221UTC
Market Frankford Line,York-Dauphin,Westbound ,No access to/from station,<ul><li>No access to/from station</li></ul>,https://www5.septa.org/about/accessibility/alternative-transportation/mfl-alternate/,2026-02-01 17:32:21,2026-02-01T223221UTC
Market Frankford Line,Berks,Westbound,No access to/from station,<ul><li>No access to/from station</li></ul>,https://www5.septa.org/about/accessibility/alternative-transportation/mfl-alternate/,2026-02-01 17:32:21,2026-02-01T223221UTC
Market Frankford Line,Front-Girard,Westbound ,No access to/from station,<ul><li>No access to/from station</li></ul>,https://www5.septa.org/about/accessibility/alternative-transportation/mfl-alternate/,2026-02-01 17:32:21,2026-02-01T223221UTC
Market Frankford Line,8th-Market,Westbound,No access to/from station,<ul><li>No access to/from station</li></ul>,https://www5.septa.org/about/accessibility/alternative-transportation/mfl-alternate/,2026-02-01 17:32:21,2026-02-01T223221UTC
Regional Rail,Gray 30th Street,"""A"" Platform",No access to/from Tracks 1 and 2,<ul><li>No access to/from Tracks 1 and 2</li></ul>,https://www5.septa.org/about/accessibility/alternative-transportation/regional-rail-alternate/,2026-02-01 17:32:21,2026-02-01T223221UTC
Broad Street Subway / Broad Ridge Spur,North Philadelphia,Southbound,No access to/from southbound platform ,<ul><li>No access to/from southbound platform</li></ul> ,https://www5.septa.org/about/accessibility/alternative-transportation/bsl-alternate/,2026-02-01 17:32:21,2026-02-01T223221UTC
Broad Street Subway / Broad Ridge Spur,Broad-Spring Garden,Southbound Platform,No access to/from southbound platform,<ul><li>No access to/from southbound platform</li></ul>,https://www5.septa.org/about/accessibility/alternative-transportation/bsl-alternate/,2026-02-01 17:32:21,2026-02-01T223221UTC
Regional Rail,Wayne Junction,Outbound,No access to/from outbound platform (From Center City),<ul><li>No access to/from outbound platform (From Center City)</li></ul>,https://www5.septa.org/about/accessibility/alternative-transportation/regional-rail-alternate/,2026-02-01 17:32:21,2026-02-01T223221UTC
Regional Rail,Chester Transit Center,Inbound,No access to/from inbound platform (To Center City),<ul><li>No access to/from inbound platform (To Center City)</li></ul>,https://www5.septa.org/about/accessibility/alternative-transportation/regional-rail-alternate/,2026-02-01 17:32:21,2026-02-01T223221UTC
Market Frankford Line,15th St/City Hall,"Dilworth Park - South End (Street to Concourse)
","No access to/from the concourse on the south end
","<ul><li>No access to/from the concourse on the south end</li></ul>
",https://www5.septa.org/about/accessibility/alternative-transportation/mfl-alternate/,2026-02-01 17:32:21,2026-02-01T223221UTC
Regional Rail,Lansdale,Lansdale Garage #1,"No access to garage parking floors if both elevators out
","<ul><li>No access to garage parking floors if both elevators out</li></ul>
",https://www5.septa.org/about/accessibility/alternative-transportation/regional-rail-alternate/,2026-02-01 17:32:21,2026-02-01T223221UTC
Broad Street Subway / Broad Ridge Spur,Fern Rock Transit Center,Street Level,No access to/from station,<ul><li>No access to/from station</li></ul>,https://www5.septa.org/about/accessibility/alternative-transportation/bsl-alternate/,2026-02-01 21:46:44,2026-02-02T024644UTC
Broad Street Subway / Broad Ridge Spur,Olney Transit Center,Street to Mezzanine,No access to/from station,<ul><li>No access to/from station</li></ul>,https://www5.septa.org/about/accessibility/alternative-transportation/bsl-alternate/,2026-02-01 21:46:44,2026-02-02T024644UTC
Broad Street Subway / Broad Ridge Spur,8th-Market,Street Level,No access to/from station,<ul><li>No access to/from station</li></ul>,https://www5.septa.org/about/accessibility/alternative-transportation/bsl-alternate/,2026-02-01 21:46:44,2026-02-02T024644UTC
Market Frankford Line,Frankford Transit Center,Main Terminal Pratt Street,Use Bridge Street for access to/from platforms,<ul><li>Use Bridge Street for access to/from platforms</li></ul>,https://www5.septa.org/about/accessibility/alternative-transportation/mfl-alternate/,2026-02-01 21:46:44,2026-02-02T024644UTC
Market Frankford Line,Tioga,Westbound,No access to/from station,<ul><li>No access to/from station</li></ul>,https://www5.septa.org/about/accessibility/alternative-transportation/mfl-alternate/,2026-02-01 21:46:44,2026-02-02T024644UTC
Market Frankford Line,York-Dauphin,Westbound ,No access to/from station,<ul><li>No access to/from station</li></ul>,https://www5.septa.org/about/accessibility/alternative-transportation/mfl-alternate/,2026-02-01 21:46:44,2026-02-02T024644UTC
Market Frankford Line,Berks,Westbound,No access to/from station,<ul><li>No access to/from station</li></ul>,https://www5.septa.org/about/accessibility/alternative-transportation/mfl-alternate/,2026-02-01 21:46:44,2026-02-02T024644UTC
Market Frankford Line,Front-Girard,Westbound ,No access to/from station,<ul><li>No access to/from station</li></ul>,https://www5.septa.org/about/accessibility/alternative-transportation/mfl-alternate/,2026-02-01 21:46:44,2026-02-02T024644UTC
Market Frankford Line,8th-Market,Westbound,No access to/from station,<ul><li>No access to/from station</li></ul>,https://www5.septa.org/about/accessibility/alternative-transportation/mfl-alternate/,2026-02-01 21:46:44,2026-02-02T024644UTC
Regional Rail,Gray 30th Street,"""A"" Platform",No access to/from Tracks 1 and 2,<ul><li>No access to/from Tracks 1 and 2</li></ul>,https://www5.septa.org/about/accessibility/alternative-transportation/regional-rail-alternate/,2026-02-01 21:46:44,2026-02-02T024644UTC
Broad Street Subway / Broad Ridge Spur,North Philadelphia,Southbound,No access to/from southbound platform ,<ul><li>No access to/from southbound platform</li></ul> ,https://www5.septa.org/about/accessibility/alternative-transportation/bsl-alternate/,2026-02-01 21:46:44,2026-02-02T024644UTC
Broad Street Subway / Broad Ridge Spur,Broad-Spring Garden,Southbound Platform,No access to/from southbound platform,<ul><li>No access to/from southbound platform</li></ul>,https://www5.septa.org/about/accessibility/alternative-transportation/bsl-alternate/,2026-02-01 21:46:44,2026-02-02T024644UTC
Regional Rail,Wayne Junction,Outbound,No access to/from outbound platform (From Center City),<ul><li>No access to/from outbound platform (From Center City)</li></ul>,https://www5.septa.org/about/accessibility/alternative-transportation/regional-rail-alternate/,2026-02-01 21:46:44,2026-02-02T024644UTC
Regional Rail,Chester Transit Center,Inbound,No access to/from inbound platform (To Center City),<ul><li>No access to/from inbound platform (To Center City)</li></ul>,https://www5.septa.org/about/accessibility/alternative-transportation/regional-rail-alternate/,2026-02-01 21:46:44,2026-02-02T024644UTC
Market Frankford Line,15th St/City Hall,"Dilworth Park - South End (Street to Concourse)
","No access to/from the concourse on the south end
","<ul><li>No access to/from the concourse on the south end</li></ul>
",https://www5.septa.org/about/accessibility/alternative-transportation/mfl-alternate/,2026-02-01 21:46:44,2026-02-02T024644UTC
Regional Rail,Lansdale,Lansdale Garage #1,"No access to garage parking floors if both elevators out
","<ul><li>No access to garage parking floors if both elevators out</li></ul>
",https://www5.septa.org/about/accessibility/alternative-transportation/regional-rail-alternate/,2026-02-01 21:46:44,2026-02-02T024644UTC
Broad Street Subway / Broad Ridge Spur,Fern Rock Transit Center,Street Level,No access to/from station,<ul><li>No access to/from station</li></ul>,https://www5.septa.org/about/accessibility/alternative-transportation/bsl-alternate/,2026-02-02 00:26:48,2026-02-02T052648UTC
Broad Street Subway / Broad Ridge Spur,Olney Transit Center,Street to Mezzanine,No access to/from station,<ul><li>No access to/from station</li></ul>,https://www5.septa.org/about/accessibility/alternative-transportation/bsl-alternate/,2026-02-02 00:26:48,2026-02-02T052648UTC
Broad Street Subway / Broad Ridge Spur,8th-Market,Street Level,No access to/from station,<ul><li>No access to/from station</li></ul>,https://www5.septa.org/about/accessibility/alternative-transportation/bsl-alternate/,2026-02-02 00:26:48,2026-02-02T052648UTC
Market Frankford Line,Frankford Transit Center,Main Terminal Pratt Street,Use Bridge Street for access to/from platforms,<ul><li>Use Bridge Street for access to/from platforms</li></ul>,https://www5.septa.org/about/accessibility/alternative-transportation/mfl-alternate/,2026-02-02 00:26:48,2026-02-02T052648UTC
Market Frankford Line,Tioga,Westbound,No access to/from station,<ul><li>No access to/from station</li></ul>,https://www5.septa.org/about/accessibility/alternative-transportation/mfl-alternate/,2026-02-02 00:26:48,2026-02-02T052648UTC
Market Frankford Line,York-Dauphin,Westbound ,No access to/from station,<ul><li>No access to/from station</li></ul>,https://www5.septa.org/about/accessibility/alternative-transportation/mfl-alternate/,2026-02-02 00:26:48,2026-02-02T052648UTC
Market Frankford Line,Berks,Westbound,No access to/from station,<ul><li>No access to/from station</li></ul>,https://www5.septa.org/about/accessibility/alternative-transportation/mfl-alternate/,2026-02-02 00:26:48,2026-02-02T052648UTC
Market Frankford Line,Front-Girard,Westbound ,No access to/from station,<ul><li>No access to/from station</li></ul>,https://www5.septa.org/about/accessibility/alternative-transportation/mfl-alternate/,2026-02-02 00:26:48,2026-02-02T052648UTC
Market Frankford Line,8th-Market,Westbound,No access to/from station,<ul><li>No access to/from station</li></ul>,https://www5.septa.org/about/accessibility/alternative-transportation/mfl-alternate/,2026-02-02 00:26:48,2026-02-02T052648UTC
Regional Rail,Gray 30th Street,"""A"" Platform",No access to/from Tracks 1 and 2,<ul><li>No access to/from Tracks 1 and 2</li></ul>,https://www5.septa.org/about/accessibility/alternative-transportation/regional-rail-alternate/,2026-02-02 00:26:48,2026-02-02T052648UTC
Broad Street Subway / Broad Ridge Spur,North Philadelphia,Southbound,No access to/from southbound platform ,<ul><li>No access to/from southbound platform</li></ul> ,https://www5.septa.org/about/accessibility/alternative-transportation/bsl-alternate/,2026-02-02 00:26:48,2026-02-02T052648UTC
Broad Street Subway / Broad Ridge Spur,Broad-Spring Garden,Southbound Platform,No access to/from southbound platform,<ul><li>No access to/from southbound platform</li></ul>,https://www5.septa.org/about/accessibility/alternative-transportation/bsl-alternate/,2026-02-02 00:26:48,2026-02-02T052648UTC
Regional Rail,Wayne Junction,Outbound,No access to/from outbound platform (From Center City),<ul><li>No access to/from outbound platform (From Center City)</li></ul>,https://www5.septa.org/about/accessibility/alternative-transportation/regional-rail-alternate/,2026-02-02 00:26:48,2026-02-02T052648UTC
Regional Rail,Chester Transit Center,Inbound,No access to/from inbound platform (To Center City),<ul><li>No access to/from inbound platform (To Center City)</li></ul>,https://www5.septa.org/about/accessibility/alternative-transportation/regional-rail-alternate/,2026-02-02 00:26:48,2026-02-02T052648UTC
Market Frankford Line,15th St/City Hall,"Dilworth Park - South End (Street to Concourse)
","No access to/from the concourse on the south end
","<ul><li>No access to/from the concourse on the south end</li></ul>
",https://www5.septa.org/about/accessibility/alternative-transportation/mfl-alternate/,2026-02-02 00:26:48,2026-02-02T052648UTC
Regional Rail,Lansdale,Lansdale Garage #1,"No access to garage parking floors if both elevators out
","<ul><li>No access to garage parking floors if both elevators out</li></ul>
",https://www5.septa.org/about/accessibility/alternative-transportation/regional-rail-alternate/,2026-02-02 00:26:48,2026-02-02T052648UTC
Broad Street Subway / Broad Ridge Spur,Fern Rock Transit Center,Street Level,No access to/from station,<ul><li>No access to/from station</li></ul>,https://www5.septa.org/about/accessibility/alternative-transportation/bsl-alternate/,2026-02-02 02:11:11,2026-02-02T071111UTC
Broad Street Subway / Broad Ridge Spur,Olney Transit Center,Street to Mezzanine,No access to/from station,<ul><li>No access to/from station</li></ul>,https://www5.septa.org/about/accessibility/alternative-transportation/bsl-alternate/,2026-02-02 02:11:11,2026-02-02T071111UTC
Broad Street Subway / Broad Ridge Spur,8th-Market,Street Level,No access to/from station,<ul><li>No access to/from station</li></ul>,https://www5.septa.org/about/accessibility/alternative-transportation/bsl-alternate/,2026-02-02 02:11:11,2026-02-02T071111UTC
Market Frankford Line,Frankford Transit Center,Main Terminal Pratt Street,Use Bridge Street for access to/from platforms,<ul><li>Use Bridge Street for access to/from platforms</li></ul>,https://www5.septa.org/about/accessibility/alternative-transportation/mfl-alternate/,2026-02-02 02:11:11,2026-02-02T071111UTC
Market Frankford Line,Tioga,Westbound,No access to/from station,<ul><li>No access to/from station</li></ul>,https://www5.septa.org/about/accessibility/alternative-transportation/mfl-alternate/,2026-02-02 02:11:11,2026-02-02T071111UTC
Market Frankford Line,York-Dauphin,Westbound ,No access to/from station,<ul><li>No access to/from station</li></ul>,https://www5.septa.org/about/accessibility/alternative-transportation/mfl-alternate/,2026-02-02 02:11:11,2026-02-02T071111UTC
Market Frankford Line,Berks,Westbound,No access to/from station,<ul><li>No access to/from station</li></ul>,https://www5.septa.org/about/accessibility/alternative-transportation/mfl-alternate/,2026-02-02 02:11:11,2026-02-02T071111UTC
Market Frankford Line,Front-Girard,Westbound ,No access to/from station,<ul><li>No access to/from station</li></ul>,https://www5.septa.org/about/accessibility/alternative-transportation/mfl-alternate/,2026-02-02 02:11:11,2026-02-02T071111UTC
Market Frankford Line,8th-Market,Westbound,No access to/from station,<ul><li>No access to/from station</li></ul>,https://www5.septa.org/about/accessibility/alternative-transportation/mfl-alternate/,2026-02-02 02:11:11,2026-02-02T071111UTC
Regional Rail,Gray 30th Street,"""A"" Platform",No access to/from Tracks 1 and 2,<ul><li>No access to/from Tracks 1 and 2</li></ul>,https://www5.septa.org/about/accessibility/alternative-transportation/regional-rail-alternate/,2026-02-02 02:11:11,2026-02-02T071111UTC
Broad Street Subway / Broad Ridge Spur,North Philadelphia,Southbound,No access to/from southbound platform ,<ul><li>No access to/from southbound platform</li></ul> ,https://www5.septa.org/about/accessibility/alternative-transportation/bsl-alternate/,2026-02-02 02:11:11,2026-02-02T071111UTC
Broad Street Subway / Broad Ridge Spur,Broad-Spring Garden,Southbound Platform,No access to/from southbound platform,<ul><li>No access to/from southbound platform</li></ul>,https://www5.septa.org/about/accessibility/alternative-transportation/bsl-alternate/,2026-02-02 02:11:11,2026-02-02T071111UTC
Regional Rail,Wayne Junction,Outbound,No access to/from outbound platform (From Center City),<ul><li>No access to/from outbound platform (From Center City)</li></ul>,https://www5.septa.org/about/accessibility/alternative-transportation/regional-rail-alternate/,2026-02-02 02:11:11,2026-02-02T071111UTC
Regional Rail,Chester Transit Center,Inbound,No access to/from inbound platform (To Center City),<ul><li>No access to/from inbound platform (To Center City)</li></ul>,https://www5.septa.org/about/accessibility/alternative-transportation/regional-rail-alternate/,2026-02-02 02:11:11,2026-02-02T071111UTC
Market Frankford Line,15th St/City Hall,"Dilworth Park - South End (Street to Concourse)
","No access to/from the concourse on the south end
","<ul><li>No access to/from the concourse on the south end</li></ul>
",https://www5.septa.org/about/accessibility/alternative-transportation/mfl-alternate/,2026-02-02 02:11:11,2026-02-02T071111UTC
Regional Rail,Lansdale,Lansdale Garage #1,"No access to garage parking floors if both elevators out
","<ul><li>No access to garage parking floors if both elevators out</li></ul>
",https://www5.septa.org/about/accessibility/alternative-transportation/regional-rail-alternate/,2026-02-02 02:11:11,2026-02-02T071111UTC
Broad Street Subway / Broad Ridge Spur,Fern Rock Transit Center,Street Level,No access to/from station,<ul><li>No access to/from station</li></ul>,https://www5.septa.org/about/accessibility/alternative-transportation/bsl-alternate/,2026-02-02 03:54:02,2026-02-02T085402UTC
Broad Street Subway / Broad Ridge Spur,Olney Transit Center,Street to Mezzanine,No access to/from station,<ul><li>No access to/from station</li></ul>,https://www5.septa.org/about/accessibility/alternative-transportation/bsl-alternate/,2026-02-02 03:54:02,2026-02-02T085402UTC
Broad Street Subway / Broad Ridge Spur,8th-Market,Street Level,No access to/from station,<ul><li>No access to/from station</li></ul>,https://www5.septa.org/about/accessibility/alternative-transportation/bsl-alternate/,2026-02-02 03:54:02,2026-02-02T085402UTC
Market Frankford Line,Frankford Transit Center,Main Terminal Pratt Street,Use Bridge Street for access to/from platforms,<ul><li>Use Bridge Street for access to/from platforms</li></ul>,https://www5.septa.org/about/accessibility/alternative-transportation/mfl-alternate/,2026-02-02 03:54:02,2026-02-02T085402UTC
Market Frankford Line,Tioga,Westbound,No access to/from station,<ul><li>No access to/from station</li></ul>,https://www5.septa.org/about/accessibility/alternative-transportation/mfl-alternate/,2026-02-02 03:54:02,2026-02-02T085402UTC
Market Frankford Line,York-Dauphin,Westbound ,No access to/from station,<ul><li>No access to/from station</li></ul>,https://www5.septa.org/about/accessibility/alternative-transportation/mfl-alternate/,2026-02-02 03:54:02,2026-02-02T085402UTC
Market Frankford Line,Berks,Westbound,No access to/from station,<ul><li>No access to/from station</li></ul>,https://www5.septa.org/about/accessibility/alternative-transportation/mfl-alternate/,2026-02-02 03:54:02,2026-02-02T085402UTC
Market Frankford Line,Front-Girard,Westbound ,No access to/from station,<ul><li>No access to/from station</li></ul>,https://www5.septa.org/about/accessibility/alternative-transportation/mfl-alternate/,2026-02-02 03:54:02,2026-02-02T085402UTC
Market Frankford Line,8th-Market,Westbound,No access to/from station,<ul><li>No access to/from station</li></ul>,https://www5.septa.org/about/accessibility/alternative-transportation/mfl-alternate/,2026-02-02 03:54:02,2026-02-02T085402UTC
Regional Rail,Gray 30th Street,"""A"" Platform",No access to/from Tracks 1 and 2,<ul><li>No access to/from Tracks 1 and 2</li></ul>,https://www5.septa.org/about/accessibility/alternative-transportation/regional-rail-alternate/,2026-02-02 03:54:02,2026-02-02T085402UTC
Broad Street Subway / Broad Ridge Spur,North Philadelphia,Southbound,No access to/from southbound platform ,<ul><li>No access to/from southbound platform</li></ul> ,https://www5.septa.org/about/accessibility/alternative-transportation/bsl-alternate/,2026-02-02 03:54:02,2026-02-02T085402UTC
Broad Street Subway / Broad Ridge Spur,Broad-Spring Garden,Southbound Platform,No access to/from southbound platform,<ul><li>No access to/from southbound platform</li></ul>,https://www5.septa.org/about/accessibility/alternative-transportation/bsl-alternate/,2026-02-02 03:54:02,2026-02-02T085402UTC
Regional Rail,Wayne Junction,Outbound,No access to/from outbound platform (From Center City),<ul><li>No access to/from outbound platform (From Center City)</li></ul>,https://www5.septa.org/about/accessibility/alternative-transportation/regional-rail-alternate/,2026-02-02 03:54:02,2026-02-02T085402UTC
Regional Rail,Chester Transit Center,Inbound,No access to/from inbound platform (To Center City),<ul><li>No access to/from inbound platform (To Center City)</li></ul>,https://www5.septa.org/about/accessibility/alternative-transportation/regional-rail-alternate/,2026-02-02 03:54:02,2026-02-02T085402UTC
Market Frankford Line,15th St/City Hall,"Dilworth Park - South End (Street to Concourse)
","No access to/from the concourse on the south end
","<ul><li>No access to/from the concourse on the south end</li></ul>
",https://www5.septa.org/about/accessibility/alternative-transportation/mfl-alternate/,2026-02-02 03:54:02,2026-02-02T085402UTC
Regional Rail,Lansdale,Lansdale Garage #1,"No access to garage parking floors if both elevators out
","<ul><li>No access to garage parking floors if both elevators out</li></ul>
",https://www5.septa.org/about/accessibility/alternative-transportation/regional-rail-alternate/,2026-02-02 03:54:02,2026-02-02T085402UTC
Broad Street Subway / Broad Ridge Spur,Fern Rock Transit Center,Street Level,No access to/from station,<ul><li>No access to/from station</li></ul>,https://www5.septa.org/about/accessibility/alternative-transportation/bsl-alternate/,2026-02-02 05:53:05,2026-02-02T105305UTC
Broad Street Subway / Broad Ridge Spur,Olney Transit Center,Street to Mezzanine,No access to/from station,<ul><li>No access to/from station</li></ul>,https://www5.septa.org/about/accessibility/alternative-transportation/bsl-alternate/,2026-02-02 05:53:05,2026-02-02T105305UTC
Broad Street Subway / Broad Ridge Spur,8th-Market,Street Level,No access to/from station,<ul><li>No access to/from station</li></ul>,https://www5.septa.org/about/accessibility/alternative-transportation/bsl-alternate/,2026-02-02 05:53:05,2026-02-02T105305UTC
Market Frankford Line,Frankford Transit Center,Main Terminal Pratt Street,Use Bridge Street for access to/from platforms,<ul><li>Use Bridge Street for access to/from platforms</li></ul>,https://www5.septa.org/about/accessibility/alternative-transportation/mfl-alternate/,2026-02-02 05:53:05,2026-02-02T105305UTC
Market Frankford Line,Tioga,Westbound,No access to/from station,<ul><li>No access to/from station</li></ul>,https://www5.septa.org/about/accessibility/alternative-transportation/mfl-alternate/,2026-02-02 05:53:05,2026-02-02T105305UTC
Market Frankford Line,York-Dauphin,Westbound ,No access to/from station,<ul><li>No access to/from station</li></ul>,https://www5.septa.org/about/accessibility/alternative-transportation/mfl-alternate/,2026-02-02 05:53:05,2026-02-02T105305UTC
Market Frankford Line,Berks,Westbound,No access to/from station,<ul><li>No access to/from station</li></ul>,https://www5.septa.org/about/accessibility/alternative-transportation/mfl-alternate/,2026-02-02 05:53:05,2026-02-02T105305UTC
Market Frankford Line,Front-Girard,Westbound ,No access to/from station,<ul><li>No access to/from station</li></ul>,https://www5.septa.org/about/accessibility/alternative-transportation/mfl-alternate/,2026-02-02 05:53:05,2026-02-02T105305UTC
Market Frankford Line,8th-Market,Westbound,No access to/from station,<ul><li>No access to/from station</li></ul>,https://www5.septa.org/about/accessibility/alternative-transportation/mfl-alternate/,2026-02-02 05:53:05,2026-02-02T105305UTC
Regional Rail,Gray 30th Street,"""A"" Platform",No access to/from Tracks 1 and 2,<ul><li>No access to/from Tracks 1 and 2</li></ul>,https://www5.septa.org/about/accessibility/alternative-transportation/regional-rail-alternate/,2026-02-02 05:53:05,2026-02-02T105305UTC
Broad Street Subway / Broad Ridge Spur,North Philadelphia,Southbound,No access to/from southbound platform ,<ul><li>No access to/from southbound platform</li></ul> ,https://www5.septa.org/about/accessibility/alternative-transportation/bsl-alternate/,2026-02-02 05:53:05,2026-02-02T105305UTC
Broad Street Subway / Broad Ridge Spur,Broad-Spring Garden,Southbound Platform,No access to/from southbound platform,<ul><li>No access to/from southbound platform</li></ul>,https://www5.septa.org/about/accessibility/alternative-transportation/bsl-alternate/,2026-02-02 05:53:05,2026-02-02T105305UTC
Regional Rail,Wayne Junction,Outbound,No access to/from outbound platform (From Center City),<ul><li>No access to/from outbound platform (From Center City)</li></ul>,https://www5.septa.org/about/accessibility/alternative-transportation/regional-rail-alternate/,2026-02-02 05:53:05,2026-02-02T105305UTC
Regional Rail,Chester Transit Center,Inbound,No access to/from inbound platform (To Center City),<ul><li>No access to/from inbound platform (To Center City)</li></ul>,https://www5.septa.org/about/accessibility/alternative-transportation/regional-rail-alternate/,2026-02-02 05:53:05,2026-02-02T105305UTC
Market Frankford Line,15th St/City Hall,"Dilworth Park - South End (Street to Concourse)
","No access to/from the concourse on the south end
","<ul><li>No access to/from the concourse on the south end</li></ul>
",https://www5.septa.org/about/accessibility/alternative-transportation/mfl-alternate/,2026-02-02 05:53:05,2026-02-02T105305UTC
Regional Rail,Lansdale,Lansdale Garage #1,"No access to garage parking floors if both elevators out
","<ul><li>No access to garage parking floors if both elevators out</li></ul>
",https://www5.septa.org/about/accessibility/alternative-transportation/regional-rail-alternate/,2026-02-02 05:53:05,2026-02-02T105305UTC
Broad Street Subway / Broad Ridge Spur,Fern Rock Transit Center,Street Level,No access to/from station,<ul><li>No access to/from station</li></ul>,https://www5.septa.org/about/accessibility/alternative-transportation/bsl-alternate/,2026-02-02 08:14:57,2026-02-02T131457UTC
Broad Street Subway / Broad Ridge Spur,Olney Transit Center,Street to Mezzanine,No access to/from station,<ul><li>No access to/from station</li></ul>,https://www5.septa.org/about/accessibility/alternative-transportation/bsl-alternate/,2026-02-02 08:14:57,2026-02-02T131457UTC
Broad Street Subway / Broad Ridge Spur,8th-Market,Street Level,No access to/from station,<ul><li>No access to/from station</li></ul>,https://www5.septa.org/about/accessibility/alternative-transportation/bsl-alternate/,2026-02-02 08:14:57,2026-02-02T131457UTC
Market Frankford Line,Frankford Transit Center,Main Terminal Pratt Street,Use Bridge Street for access to/from platforms,<ul><li>Use Bridge Street for access to/from platforms</li></ul>,https://www5.septa.org/about/accessibility/alternative-transportation/mfl-alternate/,2026-02-02 08:14:57,2026-02-02T131457UTC
Market Frankford Line,Tioga,Westbound,No access to/from station,<ul><li>No access to/from station</li></ul>,https://www5.septa.org/about/accessibility/alternative-transportation/mfl-alternate/,2026-02-02 08:14:57,2026-02-02T131457UTC
Market Frankford Line,York-Dauphin,Westbound ,No access to/from station,<ul><li>No access to/from station</li></ul>,https://www5.septa.org/about/accessibility/alternative-transportation/mfl-alternate/,2026-02-02 08:14:57,2026-02-02T131457UTC
Market Frankford Line,Berks,Westbound,No access to/from station,<ul><li>No access to/from station</li></ul>,https://www5.septa.org/about/accessibility/alternative-transportation/mfl-alternate/,2026-02-02 08:14:57,2026-02-02T131457UTC
Market Frankford Line,Front-Girard,Westbound ,No access to/from station,<ul><li>No access to/from station</li></ul>,https://www5.septa.org/about/accessibility/alternative-transportation/mfl-alternate/,2026-02-02 08:14:57,2026-02-02T131457UTC
Market Frankford Line,8th-Market,Westbound,No access to/from station,<ul><li>No access to/from station</li></ul>,https://www5.septa.org/about/accessibility/alternative-transportation/mfl-alternate/,2026-02-02 08:14:57,2026-02-02T131457UTC
Market Frankford Line,46th St,Eastbound,No access to/from station,<ul><li>No access to/from station</li></ul>,https://www5.septa.org/about/accessibility/alternative-transportation/mfl-alternate/,2026-02-02 08:14:57,2026-02-02T131457UTC
Market Frankford Line,46th St,Westbound,No access to/from westbound platform,<ul><li>No access to/from westbound platform</li></ul>,https://www5.septa.org/about/accessibility/alternative-transportation/mfl-alternate/,2026-02-02 08:14:57,2026-02-02T131457UTC
Regional Rail,Gray 30th Street,"""A"" Platform",No access to/from Tracks 1 and 2,<ul><li>No access to/from Tracks 1 and 2</li></ul>,https://www5.septa.org/about/accessibility/alternative-transportation/regional-rail-alternate/,2026-02-02 08:14:57,2026-02-02T131457UTC
Broad Street Subway / Broad Ridge Spur,North Philadelphia,Southbound,No access to/from southbound platform ,<ul><li>No access to/from southbound platform</li></ul> ,https://www5.septa.org/about/accessibility/alternative-transportation/bsl-alternate/,2026-02-02 08:14:57,2026-02-02T131457UTC
Broad Street Subway / Broad Ridge Spur,Broad-Spring Garden,Southbound Platform,No access to/from southbound platform,<ul><li>No access to/from southbound platform</li></ul>,https://www5.septa.org/about/accessibility/alternative-transportation/bsl-alternate/,2026-02-02 08:14:57,2026-02-02T131457UTC
Regional Rail,Wayne Junction,Outbound,No access to/from outbound platform (From Center City),<ul><li>No access to/from outbound platform (From Center City)</li></ul>,https://www5.septa.org/about/accessibility/alternative-transportation/regional-rail-alternate/,2026-02-02 08:14:57,2026-02-02T131457UTC
Regional Rail,Chester Transit Center,Inbound,No access to/from inbound platform (To Center City),<ul><li>No access to/from inbound platform (To Center City)</li></ul>,https://www5.septa.org/about/accessibility/alternative-transportation/regional-rail-alternate/,2026-02-02 08:14:57,2026-02-02T131457UTC
Market Frankford Line,15th St/City Hall,"Dilworth Park - South End (Street to Concourse)
","No access to/from the concourse on the south end
","<ul><li>No access to/from the concourse on the south end</li></ul>
",https://www5.septa.org/about/accessibility/alternative-transportation/mfl-alternate/,2026-02-02 08:14:57,2026-02-02T131457UTC
Regional Rail,Lansdale,Lansdale Garage #1,"No access to garage parking floors if both elevators out
","<ul><li>No access to garage parking floors if both elevators out</li></ul>
",https://www5.septa.org/about/accessibility/alternative-transportation/regional-rail-alternate/,2026-02-02 08:14:57,2026-02-02T131457UTC
Broad Street Subway / Broad Ridge Spur,Fern Rock Transit Center,Street Level,No access to/from station,<ul><li>No access to/from station</li></ul>,https://www5.septa.org/about/accessibility/alternative-transportation/bsl-alternate/,2026-02-02 09:49:43,2026-02-02T144943UTC
Broad Street Subway / Broad Ridge Spur,Olney Transit Center,Street to Mezzanine,No access to/from station,<ul><li>No access to/from station</li></ul>,https://www5.septa.org/about/accessibility/alternative-transportation/bsl-alternate/,2026-02-02 09:49:43,2026-02-02T144943UTC
Broad Street Subway / Broad Ridge Spur,8th-Market,Street Level,No access to/from station,<ul><li>No access to/from station</li></ul>,https://www5.septa.org/about/accessibility/alternative-transportation/bsl-alternate/,2026-02-02 09:49:43,2026-02-02T144943UTC
Market Frankford Line,Frankford Transit Center,Main Terminal Pratt Street,Use Bridge Street for access to/from platforms,<ul><li>Use Bridge Street for access to/from platforms</li></ul>,https://www5.septa.org/about/accessibility/alternative-transportation/mfl-alternate/,2026-02-02 09:49:43,2026-02-02T144943UTC
Market Frankford Line,Tioga,Westbound,No access to/from station,<ul><li>No access to/from station</li></ul>,https://www5.septa.org/about/accessibility/alternative-transportation/mfl-alternate/,2026-02-02 09:49:43,2026-02-02T144943UTC
Market Frankford Line,York-Dauphin,Westbound ,No access to/from station,<ul><li>No access to/from station</li></ul>,https://www5.septa.org/about/accessibility/alternative-transportation/mfl-alternate/,2026-02-02 09:49:43,2026-02-02T144943UTC
Market Frankford Line,Berks,Westbound,No access to/from station,<ul><li>No access to/from station</li></ul>,https://www5.septa.org/about/accessibility/alternative-transportation/mfl-alternate/,2026-02-02 09:49:43,2026-02-02T144943UTC
Market Frankford Line,Front-Girard,Westbound ,No access to/from station,<ul><li>No access to/from station</li></ul>,https://www5.septa.org/about/accessibility/alternative-transportation/mfl-alternate/,2026-02-02 09:49:43,2026-02-02T144943UTC
Market Frankford Line,8th-Market,Westbound,No access to/from station,<ul><li>No access to/from station</li></ul>,https://www5.septa.org/about/accessibility/alternative-transportation/mfl-alternate/,2026-02-02 09:49:43,2026-02-02T144943UTC
Market Frankford Line,46th St,Eastbound,No access to/from station,<ul><li>No access to/from station</li></ul>,https://www5.septa.org/about/accessibility/alternative-transportation/mfl-alternate/,2026-02-02 09:49:43,2026-02-02T144943UTC
Market Frankford Line,46th St,Westbound,No access to/from westbound platform,<ul><li>No access to/from westbound platform</li></ul>,https://www5.septa.org/about/accessibility/alternative-transportation/mfl-alternate/,2026-02-02 09:49:43,2026-02-02T144943UTC
Regional Rail,Gray 30th Street,"""A"" Platform",No access to/from Tracks 1 and 2,<ul><li>No access to/from Tracks 1 and 2</li></ul>,https://www5.septa.org/about/accessibility/alternative-transportation/regional-rail-alternate/,2026-02-02 09:49:43,2026-02-02T144943UTC
Broad Street Subway / Broad Ridge Spur,North Philadelphia,Southbound,No access to/from southbound platform ,<ul><li>No access to/from southbound platform</li></ul> ,https://www5.septa.org/about/accessibility/alternative-transportation/bsl-alternate/,2026-02-02 09:49:43,2026-02-02T144943UTC
Broad Street Subway / Broad Ridge Spur,Broad-Spring Garden,Southbound Platform,No access to/from southbound platform,<ul><li>No access to/from southbound platform</li></ul>,https://www5.septa.org/about/accessibility/alternative-transportation/bsl-alternate/,2026-02-02 09:49:43,2026-02-02T144943UTC
Regional Rail,Wayne Junction,Outbound,No access to/from outbound platform (From Center City),<ul><li>No access to/from outbound platform (From Center City)</li></ul>,https://www5.septa.org/about/accessibility/alternative-transportation/regional-rail-alternate/,2026-02-02 09:49:43,2026-02-02T144943UTC
Regional Rail,Chester Transit Center,Inbound,No access to/from inbound platform (To Center City),<ul><li>No access to/from inbound platform (To Center City)</li></ul>,https://www5.septa.org/about/accessibility/alternative-transportation/regional-rail-alternate/,2026-02-02 09:49:43,2026-02-02T144943UTC
Market Frankford Line,15th St/City Hall,"Dilworth Park - South End (Street to Concourse)
","No access to/from the concourse on the south end
","<ul><li>No access to/from the concourse on the south end</li></ul>
",https://www5.septa.org/about/accessibility/alternative-transportation/mfl-alternate/,2026-02-02 09:49:43,2026-02-02T144943UTC
Regional Rail,Lansdale,Lansdale Garage #1,"No access to garage parking floors if both elevators out
","<ul><li>No access to garage parking floors if both elevators out</li></ul>
",https://www5.septa.org/about/accessibility/alternative-transportation/regional-rail-alternate/,2026-02-02 09:49:43,2026-02-02T144943UTC
Broad Street Subway / Broad Ridge Spur,Fern Rock Transit Center,Street Level,No access to/from station,<ul><li>No access to/from station</li></ul>,https://www5.septa.org/about/accessibility/alternative-transportation/bsl-alternate/,2026-02-02 11:51:01,2026-02-02T165101UTC
Broad Street Subway / Broad Ridge Spur,Olney Transit Center,Street to Mezzanine,No access to/from station,<ul><li>No access to/from station</li></ul>,https://www5.septa.org/about/accessibility/alternative-transportation/bsl-alternate/,2026-02-02 11:51:01,2026-02-02T165101UTC
Broad Street Subway / Broad Ridge Spur,8th-Market,Street Level,No access to/from station,<ul><li>No access to/from station</li></ul>,https://www5.septa.org/about/accessibility/alternative-transportation/bsl-alternate/,2026-02-02 11:51:01,2026-02-02T165101UTC
Market Frankford Line,Frankford Transit Center,Main Terminal Pratt Street,Use Bridge Street for access to/from platforms,<ul><li>Use Bridge Street for access to/from platforms</li></ul>,https://www5.septa.org/about/accessibility/alternative-transportation/mfl-alternate/,2026-02-02 11:51:01,2026-02-02T165101UTC
Market Frankford Line,Tioga,Westbound,No access to/from station,<ul><li>No access to/from station</li></ul>,https://www5.septa.org/about/accessibility/alternative-transportation/mfl-alternate/,2026-02-02 11:51:01,2026-02-02T165101UTC
Market Frankford Line,York-Dauphin,Westbound ,No access to/from station,<ul><li>No access to/from station</li></ul>,https://www5.septa.org/about/accessibility/alternative-transportation/mfl-alternate/,2026-02-02 11:51:01,2026-02-02T165101UTC
Market Frankford Line,Front-Girard,Westbound ,No access to/from station,<ul><li>No access to/from station</li></ul>,https://www5.septa.org/about/accessibility/alternative-transportation/mfl-alternate/,2026-02-02 11:51:01,2026-02-02T165101UTC
Market Frankford Line,8th-Market,Westbound,No access to/from station,<ul><li>No access to/from station</li></ul>,https://www5.septa.org/about/accessibility/alternative-transportation/mfl-alternate/,2026-02-02 11:51:01,2026-02-02T165101UTC
Market Frankford Line,46th St,Eastbound,No access to/from station,<ul><li>No access to/from station</li></ul>,https://www5.septa.org/about/accessibility/alternative-transportation/mfl-alternate/,2026-02-02 11:51:01,2026-02-02T165101UTC
Market Frankford Line,46th St,Westbound,No access to/from westbound platform,<ul><li>No access to/from westbound platform</li></ul>,https://www5.septa.org/about/accessibility/alternative-transportation/mfl-alternate/,2026-02-02 11:51:01,2026-02-02T165101UTC
Regional Rail,Gray 30th Street,"""A"" Platform",No access to/from Tracks 1 and 2,<ul><li>No access to/from Tracks 1 and 2</li></ul>,https://www5.septa.org/about/accessibility/alternative-transportation/regional-rail-alternate/,2026-02-02 11:51:01,2026-02-02T165101UTC
Broad Street Subway / Broad Ridge Spur,North Philadelphia,Southbound,No access to/from southbound platform ,<ul><li>No access to/from southbound platform</li></ul> ,https://www5.septa.org/about/accessibility/alternative-transportation/bsl-alternate/,2026-02-02 11:51:01,2026-02-02T165101UTC
Broad Street Subway / Broad Ridge Spur,Broad-Spring Garden,Southbound Platform,No access to/from southbound platform,<ul><li>No access to/from southbound platform</li></ul>,https://www5.septa.org/about/accessibility/alternative-transportation/bsl-alternate/,2026-02-02 11:51:01,2026-02-02T165101UTC
Regional Rail,Wayne Junction,Outbound,No access to/from outbound platform (From Center City),<ul><li>No access to/from outbound platform (From Center City)</li></ul>,https://www5.septa.org/about/accessibility/alternative-transportation/regional-rail-alternate/,2026-02-02 11:51:01,2026-02-02T165101UTC
Regional Rail,Chester Transit Center,Inbound,No access to/from inbound platform (To Center City),<ul><li>No access to/from inbound platform (To Center City)</li></ul>,https://www5.septa.org/about/accessibility/alternative-transportation/regional-rail-alternate/,2026-02-02 11:51:01,2026-02-02T165101UTC
Market Frankford Line,15th St/City Hall,"Dilworth Park - South End (Street to Concourse)
","No access to/from the concourse on the south end
","<ul><li>No access to/from the concourse on the south end</li></ul>
",https://www5.septa.org/about/accessibility/alternative-transportation/mfl-alternate/,2026-02-02 11:51:01,2026-02-02T165101UTC
Regional Rail,Lansdale,Lansdale Garage #1,"No access to garage parking floors if both elevators out
","<ul><li>No access to garage parking floors if both elevators out</li></ul>
",https://www5.septa.org/about/accessibility/alternative-transportation/regional-rail-alternate/,2026-02-02 11:51:01,2026-02-02T165101UTC
Broad Street Subway / Broad Ridge Spur,Fern Rock Transit Center,Street Level,No access to/from station,<ul><li>No access to/from station</li></ul>,https://www5.septa.org/about/accessibility/alternative-transportation/bsl-alternate/,2026-02-02 17:51:32,2026-02-02T225132UTC
Broad Street Subway / Broad Ridge Spur,Olney Transit Center,Street to Mezzanine,No access to/from station,<ul><li>No access to/from station</li></ul>,https://www5.septa.org/about/accessibility/alternative-transportation/bsl-alternate/,2026-02-02 17:51:32,2026-02-02T225132UTC
Broad Street Subway / Broad Ridge Spur,8th-Market,Street Level,No access to/from station,<ul><li>No access to/from station</li></ul>,https://www5.septa.org/about/accessibility/alternative-transportation/bsl-alternate/,2026-02-02 17:51:32,2026-02-02T225132UTC
Market Frankford Line,Frankford Transit Center,Main Terminal Pratt Street,Use Bridge Street for access to/from platforms,<ul><li>Use Bridge Street for access to/from platforms</li></ul>,https://www5.septa.org/about/accessibility/alternative-transportation/mfl-alternate/,2026-02-02 17:51:32,2026-02-02T225132UTC
Market Frankford Line,Tioga,Westbound,No access to/from station,<ul><li>No access to/from station</li></ul>,https://www5.septa.org/about/accessibility/alternative-transportation/mfl-alternate/,2026-02-02 17:51:32,2026-02-02T225132UTC
Market Frankford Line,York-Dauphin,Westbound ,No access to/from station,<ul><li>No access to/from station</li></ul>,https://www5.septa.org/about/accessibility/alternative-transportation/mfl-alternate/,2026-02-02 17:51:32,2026-02-02T225132UTC
Market Frankford Line,Front-Girard,Westbound ,No access to/from station,<ul><li>No access to/from station</li></ul>,https://www5.septa.org/about/accessibility/alternative-transportation/mfl-alternate/,2026-02-02 17:51:32,2026-02-02T225132UTC
Market Frankford Line,8th-Market,Westbound,No access to/from station,<ul><li>No access to/from station</li></ul>,https://www5.septa.org/about/accessibility/alternative-transportation/mfl-alternate/,2026-02-02 17:51:32,2026-02-02T225132UTC
Market Frankford Line,46th St,Eastbound,No access to/from station,<ul><li>No access to/from station</li></ul>,https://www5.septa.org/about/accessibility/alternative-transportation/mfl-alternate/,2026-02-02 17:51:32,2026-02-02T225132UTC
Market Frankford Line,46th St,Westbound,No access to/from westbound platform,<ul><li>No access to/from westbound platform</li></ul>,https://www5.septa.org/about/accessibility/alternative-transportation/mfl-alternate/,2026-02-02 17:51:32,2026-02-02T225132UTC
Regional Rail,Gray 30th Street,"""A"" Platform",No access to/from Tracks 1 and 2,<ul><li>No access to/from Tracks 1 and 2</li></ul>,https://www5.septa.org/about/accessibility/alternative-transportation/regional-rail-alternate/,2026-02-02 17:51:32,2026-02-02T225132UTC
Broad Street Subway / Broad Ridge Spur,North Philadelphia,Southbound,No access to/from southbound platform ,<ul><li>No access to/from southbound platform</li></ul> ,https://www5.septa.org/about/accessibility/alternative-transportation/bsl-alternate/,2026-02-02 17:51:32,2026-02-02T225132UTC
Broad Street Subway / Broad Ridge Spur,Broad-Spring Garden,Southbound Platform,No access to/from southbound platform,<ul><li>No access to/from southbound platform</li></ul>,https://www5.septa.org/about/accessibility/alternative-transportation/bsl-alternate/,2026-02-02 17:51:32,2026-02-02T225132UTC
Regional Rail,Wayne Junction,Outbound,No access to/from outbound platform (From Center City),<ul><li>No access to/from outbound platform (From Center City)</li></ul>,https://www5.septa.org/about/accessibility/alternative-transportation/regional-rail-alternate/,2026-02-02 17:51:32,2026-02-02T225132UTC
Regional Rail,Chester Transit Center,Inbound,No access to/from inbound platform (To Center City),<ul><li>No access to/from inbound platform (To Center City)</li></ul>,https://www5.septa.org/about/accessibility/alternative-transportation/regional-rail-alternate/,2026-02-02 17:51:32,2026-02-02T225132UTC
Market Frankford Line,15th St/City Hall,"Dilworth Park - South End (Street to Concourse)
","No access to/from the concourse on the south end
","<ul><li>No access to/from the concourse on the south end</li></ul>
",https://www5.septa.org/about/accessibility/alternative-transportation/mfl-alternate/,2026-02-02 17:51:32,2026-02-02T225132UTC
Regional Rail,Lansdale,Lansdale Garage #1,"No access to garage parking floors if both elevators out
","<ul><li>No access to garage parking floors if both elevators out</li></ul>
",https://www5.septa.org/about/accessibility/alternative-transportation/regional-rail-alternate/,2026-02-02 17:51:32,2026-02-02T225132UTC
Broad Street Subway / Broad Ridge Spur,Fern Rock Transit Center,Street Level,No access to/from station,<ul><li>No access to/from station</li></ul>,https://www5.septa.org/about/accessibility/alternative-transportation/bsl-alternate/,2026-02-02 21:43:13,2026-02-03T024313UTC
Broad Street Subway / Broad Ridge Spur,Olney Transit Center,Street to Mezzanine,No access to/from station,<ul><li>No access to/from station</li></ul>,https://www5.septa.org/about/accessibility/alternative-transportation/bsl-alternate/,2026-02-02 21:43:13,2026-02-03T024313UTC
Broad Street Subway / Broad Ridge Spur,8th-Market,Street Level,No access to/from station,<ul><li>No access to/from station</li></ul>,https://www5.septa.org/about/accessibility/alternative-transportation/bsl-alternate/,2026-02-02 21:43:13,2026-02-03T024313UTC
Market Frankford Line,Frankford Transit Center,Main Terminal Pratt Street,Use Bridge Street for access to/from platforms,<ul><li>Use Bridge Street for access to/from platforms</li></ul>,https://www5.septa.org/about/accessibility/alternative-transportation/mfl-alternate/,2026-02-02 21:43:13,2026-02-03T024313UTC
Market Frankford Line,Tioga,Westbound,No access to/from station,<ul><li>No access to/from station</li></ul>,https://www5.septa.org/about/accessibility/alternative-transportation/mfl-alternate/,2026-02-02 21:43:13,2026-02-03T024313UTC
Market Frankford Line,Front-Girard,Westbound ,No access to/from station,<ul><li>No access to/from station</li></ul>,https://www5.septa.org/about/accessibility/alternative-transportation/mfl-alternate/,2026-02-02 21:43:13,2026-02-03T024313UTC
Market Frankford Line,8th-Market,Westbound,No access to/from station,<ul><li>No access to/from station</li></ul>,https://www5.septa.org/about/accessibility/alternative-transportation/mfl-alternate/,2026-02-02 21:43:13,2026-02-03T024313UTC
Market Frankford Line,46th St,Eastbound,No access to/from station,<ul><li>No access to/from station</li></ul>,https://www5.septa.org/about/accessibility/alternative-transportation/mfl-alternate/,2026-02-02 21:43:13,2026-02-03T024313UTC
Market Frankford Line,46th St,Westbound,No access to/from westbound platform,<ul><li>No access to/from westbound platform</li></ul>,https://www5.septa.org/about/accessibility/alternative-transportation/mfl-alternate/,2026-02-02 21:43:13,2026-02-03T024313UTC
Regional Rail,Gray 30th Street,"""A"" Platform",No access to/from Tracks 1 and 2,<ul><li>No access to/from Tracks 1 and 2</li></ul>,https://www5.septa.org/about/accessibility/alternative-transportation/regional-rail-alternate/,2026-02-02 21:43:13,2026-02-03T024313UTC
Broad Street Subway / Broad Ridge Spur,North Philadelphia,Southbound,No access to/from southbound platform ,<ul><li>No access to/from southbound platform</li></ul> ,https://www5.septa.org/about/accessibility/alternative-transportation/bsl-alternate/,2026-02-02 21:43:13,2026-02-03T024313UTC
Broad Street Subway / Broad Ridge Spur,Broad-Spring Garden,Southbound Platform,No access to/from southbound platform,<ul><li>No access to/from southbound platform</li></ul>,https://www5.septa.org/about/accessibility/alternative-transportation/bsl-alternate/,2026-02-02 21:43:13,2026-02-03T024313UTC
Regional Rail,Wayne Junction,Outbound,No access to/from outbound platform (From Center City),<ul><li>No access to/from outbound platform (From Center City)</li></ul>,https://www5.septa.org/about/accessibility/alternative-transportation/regional-rail-alternate/,2026-02-02 21:43:13,2026-02-03T024313UTC
Regional Rail,Chester Transit Center,Inbound,No access to/from inbound platform (To Center City),<ul><li>No access to/from inbound platform (To Center City)</li></ul>,https://www5.septa.org/about/accessibility/alternative-transportation/regional-rail-alternate/,2026-02-02 21:43:13,2026-02-03T024313UTC
Market Frankford Line,15th St/City Hall,"Dilworth Park - South End (Street to Concourse)
","No access to/from the concourse on the south end
","<ul><li>No access to/from the concourse on the south end</li></ul>
",https://www5.septa.org/about/accessibility/alternative-transportation/mfl-alternate/,2026-02-02 21:43:13,2026-02-03T024313UTC
Regional Rail,Lansdale,Lansdale Garage #1,"No access to garage parking floors if both elevators out
","<ul><li>No access to garage parking floors if both elevators out</li></ul>
",https://www5.septa.org/about/accessibility/alternative-transportation/regional-rail-alternate/,2026-02-02 21:43:13,2026-02-03T024313UTC
Broad Street Subway / Broad Ridge Spur,Fern Rock Transit Center,Street Level,No access to/from station,<ul><li>No access to/from station</li></ul>,https://www5.septa.org/about/accessibility/alternative-transportation/bsl-alternate/,2026-02-03 00:17:25,2026-02-03T051725UTC
Broad Street Subway / Broad Ridge Spur,Olney Transit Center,Street to Mezzanine,No access to/from station,<ul><li>No access to/from station</li></ul>,https://www5.septa.org/about/accessibility/alternative-transportation/bsl-alternate/,2026-02-03 00:17:25,2026-02-03T051725UTC
Broad Street Subway / Broad Ridge Spur,8th-Market,Street Level,No access to/from station,<ul><li>No access to/from station</li></ul>,https://www5.septa.org/about/accessibility/alternative-transportation/bsl-alternate/,2026-02-03 00:17:25,2026-02-03T051725UTC
Market Frankford Line,Frankford Transit Center,Main Terminal Pratt Street,Use Bridge Street for access to/from platforms,<ul><li>Use Bridge Street for access to/from platforms</li></ul>,https://www5.septa.org/about/accessibility/alternative-transportation/mfl-alternate/,2026-02-03 00:17:25,2026-02-03T051725UTC
Market Frankford Line,Tioga,Westbound,No access to/from station,<ul><li>No access to/from station</li></ul>,https://www5.septa.org/about/accessibility/alternative-transportation/mfl-alternate/,2026-02-03 00:17:25,2026-02-03T051725UTC
Market Frankford Line,Front-Girard,Westbound ,No access to/from station,<ul><li>No access to/from station</li></ul>,https://www5.septa.org/about/accessibility/alternative-transportation/mfl-alternate/,2026-02-03 00:17:25,2026-02-03T051725UTC
Market Frankford Line,8th-Market,Westbound,No access to/from station,<ul><li>No access to/from station</li></ul>,https://www5.septa.org/about/accessibility/alternative-transportation/mfl-alternate/,2026-02-03 00:17:25,2026-02-03T051725UTC
Market Frankford Line,46th St,Eastbound,No access to/from station,<ul><li>No access to/from station</li></ul>,https://www5.septa.org/about/accessibility/alternative-transportation/mfl-alternate/,2026-02-03 00:17:25,2026-02-03T051725UTC
Market Frankford Line,46th St,Westbound,No access to/from westbound platform,<ul><li>No access to/from westbound platform</li></ul>,https://www5.septa.org/about/accessibility/alternative-transportation/mfl-alternate/,2026-02-03 00:17:25,2026-02-03T051725UTC
Regional Rail,Gray 30th Street,"""A"" Platform",No access to/from Tracks 1 and 2,<ul><li>No access to/from Tracks 1 and 2</li></ul>,https://www5.septa.org/about/accessibility/alternative-transportation/regional-rail-alternate/,2026-02-03 00:17:25,2026-02-03T051725UTC
Broad Street Subway / Broad Ridge Spur,North Philadelphia,Southbound,No access to/from southbound platform ,<ul><li>No access to/from southbound platform</li></ul> ,https://www5.septa.org/about/accessibility/alternative-transportation/bsl-alternate/,2026-02-03 00:17:25,2026-02-03T051725UTC
Broad Street Subway / Broad Ridge Spur,Broad-Spring Garden,Southbound Platform,No access to/from southbound platform,<ul><li>No access to/from southbound platform</li></ul>,https://www5.septa.org/about/accessibility/alternative-transportation/bsl-alternate/,2026-02-03 00:17:25,2026-02-03T051725UTC
Regional Rail,Wayne Junction,Outbound,No access to/from outbound platform (From Center City),<ul><li>No access to/from outbound platform (From Center City)</li></ul>,https://www5.septa.org/about/accessibility/alternative-transportation/regional-rail-alternate/,2026-02-03 00:17:25,2026-02-03T051725UTC
Regional Rail,Chester Transit Center,Inbound,No access to/from inbound platform (To Center City),<ul><li>No access to/from inbound platform (To Center City)</li></ul>,https://www5.septa.org/about/accessibility/alternative-transportation/regional-rail-alternate/,2026-02-03 00:17:25,2026-02-03T051725UTC
Market Frankford Line,15th St/City Hall,"Dilworth Park - South End (Street to Concourse)
","No access to/from the concourse on the south end
","<ul><li>No access to/from the concourse on the south end</li></ul>
",https://www5.septa.org/about/accessibility/alternative-transportation/mfl-alternate/,2026-02-03 00:17:25,2026-02-03T051725UTC
Regional Rail,Lansdale,Lansdale Garage #1,"No access to garage parking floors if both elevators out
","<ul><li>No access to garage parking floors if both elevators out</li></ul>
",https://www5.septa.org/about/accessibility/alternative-transportation/regional-rail-alternate/,2026-02-03 00:17:25,2026-02-03T051725UTC
Broad Street Subway / Broad Ridge Spur,Fern Rock Transit Center,Street Level,No access to/from station,<ul><li>No access to/from station</li></ul>,https://www5.septa.org/about/accessibility/alternative-transportation/bsl-alternate/,2026-02-03 02:00:43,2026-02-03T070043UTC
Broad Street Subway / Broad Ridge Spur,Olney Transit Center,Street to Mezzanine,No access to/from station,<ul><li>No access to/from station</li></ul>,https://www5.septa.org/about/accessibility/alternative-transportation/bsl-alternate/,2026-02-03 02:00:43,2026-02-03T070043UTC
Broad Street Subway / Broad Ridge Spur,8th-Market,Street Level,No access to/from station,<ul><li>No access to/from station</li></ul>,https://www5.septa.org/about/accessibility/alternative-transportation/bsl-alternate/,2026-02-03 02:00:43,2026-02-03T070043UTC
Market Frankford Line,Frankford Transit Center,Main Terminal Pratt Street,Use Bridge Street for access to/from platforms,<ul><li>Use Bridge Street for access to/from platforms</li></ul>,https://www5.septa.org/about/accessibility/alternative-transportation/mfl-alternate/,2026-02-03 02:00:43,2026-02-03T070043UTC
Market Frankford Line,Tioga,Westbound,No access to/from station,<ul><li>No access to/from station</li></ul>,https://www5.septa.org/about/accessibility/alternative-transportation/mfl-alternate/,2026-02-03 02:00:43,2026-02-03T070043UTC
Market Frankford Line,Front-Girard,Westbound ,No access to/from station,<ul><li>No access to/from station</li></ul>,https://www5.septa.org/about/accessibility/alternative-transportation/mfl-alternate/,2026-02-03 02:00:43,2026-02-03T070043UTC
Market Frankford Line,8th-Market,Westbound,No access to/from station,<ul><li>No access to/from station</li></ul>,https://www5.septa.org/about/accessibility/alternative-transportation/mfl-alternate/,2026-02-03 02:00:43,2026-02-03T070043UTC
Market Frankford Line,46th St,Eastbound,No access to/from station,<ul><li>No access to/from station</li></ul>,https://www5.septa.org/about/accessibility/alternative-transportation/mfl-alternate/,2026-02-03 02:00:43,2026-02-03T070043UTC
Market Frankford Line,46th St,Westbound,No access to/from westbound platform,<ul><li>No access to/from westbound platform</li></ul>,https://www5.septa.org/about/accessibility/alternative-transportation/mfl-alternate/,2026-02-03 02:00:43,2026-02-03T070043UTC
Regional Rail,Gray 30th Street,"""A"" Platform",No access to/from Tracks 1 and 2,<ul><li>No access to/from Tracks 1 and 2</li></ul>,https://www5.septa.org/about/accessibility/alternative-transportation/regional-rail-alternate/,2026-02-03 02:00:43,2026-02-03T070043UTC
Broad Street Subway / Broad Ridge Spur,North Philadelphia,Southbound,No access to/from southbound platform ,<ul><li>No access to/from southbound platform</li></ul> ,https://www5.septa.org/about/accessibility/alternative-transportation/bsl-alternate/,2026-02-03 02:00:43,2026-02-03T070043UTC
Broad Street Subway / Broad Ridge Spur,Broad-Spring Garden,Southbound Platform,No access to/from southbound platform,<ul><li>No access to/from southbound platform</li></ul>,https://www5.septa.org/about/accessibility/alternative-transportation/bsl-alternate/,2026-02-03 02:00:43,2026-02-03T070043UTC
Regional Rail,Wayne Junction,Outbound,No access to/from outbound platform (From Center City),<ul><li>No access to/from outbound platform (From Center City)</li></ul>,https://www5.septa.org/about/accessibility/alternative-transportation/regional-rail-alternate/,2026-02-03 02:00:43,2026-02-03T070043UTC
Regional Rail,Chester Transit Center,Inbound,No access to/from inbound platform (To Center City),<ul><li>No access to/from inbound platform (To Center City)</li></ul>,https://www5.septa.org/about/accessibility/alternative-transportation/regional-rail-alternate/,2026-02-03 02:00:43,2026-02-03T070043UTC
Market Frankford Line,15th St/City Hall,"Dilworth Park - South End (Street to Concourse)
","No access to/from the concourse on the south end
","<ul><li>No access to/from the concourse on the south end</li></ul>
",https://www5.septa.org/about/accessibility/alternative-transportation/mfl-alternate/,2026-02-03 02:00:43,2026-02-03T070043UTC
Regional Rail,Lansdale,Lansdale Garage #1,"No access to garage parking floors if both elevators out
","<ul><li>No access to garage parking floors if both elevators out</li></ul>
",https://www5.septa.org/about/accessibility/alternative-transportation/regional-rail-alternate/,2026-02-03 02:00:43,2026-02-03T070043UTC
Broad Street Subway / Broad Ridge Spur,Fern Rock Transit Center,Street Level,No access to/from station,<ul><li>No access to/from station</li></ul>,https://www5.septa.org/about/accessibility/alternative-transportation/bsl-alternate/,2026-02-03 03:49:29,2026-02-03T084929UTC
Broad Street Subway / Broad Ridge Spur,Olney Transit Center,Street to Mezzanine,No access to/from station,<ul><li>No access to/from station</li></ul>,https://www5.septa.org/about/accessibility/alternative-transportation/bsl-alternate/,2026-02-03 03:49:29,2026-02-03T084929UTC
Broad Street Subway / Broad Ridge Spur,8th-Market,Street Level,No access to/from station,<ul><li>No access to/from station</li></ul>,https://www5.septa.org/about/accessibility/alternative-transportation/bsl-alternate/,2026-02-03 03:49:29,2026-02-03T084929UTC
Market Frankford Line,Frankford Transit Center,Main Terminal Pratt Street,Use Bridge Street for access to/from platforms,<ul><li>Use Bridge Street for access to/from platforms</li></ul>,https://www5.septa.org/about/accessibility/alternative-transportation/mfl-alternate/,2026-02-03 03:49:29,2026-02-03T084929UTC
Market Frankford Line,Tioga,Westbound,No access to/from station,<ul><li>No access to/from station</li></ul>,https://www5.septa.org/about/accessibility/alternative-transportation/mfl-alternate/,2026-02-03 03:49:29,2026-02-03T084929UTC
Market Frankford Line,Front-Girard,Westbound ,No access to/from station,<ul><li>No access to/from station</li></ul>,https://www5.septa.org/about/accessibility/alternative-transportation/mfl-alternate/,2026-02-03 03:49:29,2026-02-03T084929UTC
Market Frankford Line,8th-Market,Westbound,No access to/from station,<ul><li>No access to/from station</li></ul>,https://www5.septa.org/about/accessibility/alternative-transportation/mfl-alternate/,2026-02-03 03:49:29,2026-02-03T084929UTC
Market Frankford Line,46th St,Eastbound,No access to/from station,<ul><li>No access to/from station</li></ul>,https://www5.septa.org/about/accessibility/alternative-transportation/mfl-alternate/,2026-02-03 03:49:29,2026-02-03T084929UTC
Market Frankford Line,46th St,Westbound,No access to/from westbound platform,<ul><li>No access to/from westbound platform</li></ul>,https://www5.septa.org/about/accessibility/alternative-transportation/mfl-alternate/,2026-02-03 03:49:29,2026-02-03T084929UTC
Regional Rail,Gray 30th Street,"""A"" Platform",No access to/from Tracks 1 and 2,<ul><li>No access to/from Tracks 1 and 2</li></ul>,https://www5.septa.org/about/accessibility/alternative-transportation/regional-rail-alternate/,2026-02-03 03:49:29,2026-02-03T084929UTC
Broad Street Subway / Broad Ridge Spur,North Philadelphia,Southbound,No access to/from southbound platform ,<ul><li>No access to/from southbound platform</li></ul> ,https://www5.septa.org/about/accessibility/alternative-transportation/bsl-alternate/,2026-02-03 03:49:29,2026-02-03T084929UTC
Broad Street Subway / Broad Ridge Spur,Broad-Spring Garden,Southbound Platform,No access to/from southbound platform,<ul><li>No access to/from southbound platform</li></ul>,https://www5.septa.org/about/accessibility/alternative-transportation/bsl-alternate/,2026-02-03 03:49:29,2026-02-03T084929UTC
Regional Rail,Wayne Junction,Outbound,No access to/from outbound platform (From Center City),<ul><li>No access to/from outbound platform (From Center City)</li></ul>,https://www5.septa.org/about/accessibility/alternative-transportation/regional-rail-alternate/,2026-02-03 03:49:29,2026-02-03T084929UTC
Regional Rail,Chester Transit Center,Inbound,No access to/from inbound platform (To Center City),<ul><li>No access to/from inbound platform (To Center City)</li></ul>,https://www5.septa.org/about/accessibility/alternative-transportation/regional-rail-alternate/,2026-02-03 03:49:29,2026-02-03T084929UTC
Market Frankford Line,15th St/City Hall,"Dilworth Park - South End (Street to Concourse)
","No access to/from the concourse on the south end
","<ul><li>No access to/from the concourse on the south end</li></ul>
",https://www5.septa.org/about/accessibility/alternative-transportation/mfl-alternate/,2026-02-03 03:49:29,2026-02-03T084929UTC
Regional Rail,Lansdale,Lansdale Garage #1,"No access to garage parking floors if both elevators out
","<ul><li>No access to garage parking floors if both elevators out</li></ul>
",https://www5.septa.org/about/accessibility/alternative-transportation/regional-rail-alternate/,2026-02-03 03:49:29,2026-02-03T084929UTC
Broad Street Subway / Broad Ridge Spur,Fern Rock Transit Center,Street Level,No access to/from station,<ul><li>No access to/from station</li></ul>,https://www5.septa.org/about/accessibility/alternative-transportation/bsl-alternate/,2026-02-03 05:50:29,2026-02-03T105029UTC
Broad Street Subway / Broad Ridge Spur,Olney Transit Center,Street to Mezzanine,No access to/from station,<ul><li>No access to/from station</li></ul>,https://www5.septa.org/about/accessibility/alternative-transportation/bsl-alternate/,2026-02-03 05:50:29,2026-02-03T105029UTC
Broad Street Subway / Broad Ridge Spur,Walnut-Locust,Southbound,No access to/from southbound platform,<ul><li>No access to/from southbound platform</li></ul>,https://www5.septa.org/about/accessibility/alternative-transportation/bsl-alternate/,2026-02-03 05:50:29,2026-02-03T105029UTC
Broad Street Subway / Broad Ridge Spur,8th-Market,Street Level,No access to/from station,<ul><li>No access to/from station</li></ul>,https://www5.septa.org/about/accessibility/alternative-transportation/bsl-alternate/,2026-02-03 05:50:29,2026-02-03T105029UTC
Market Frankford Line,Frankford Transit Center,Main Terminal Pratt Street,Use Bridge Street for access to/from platforms,<ul><li>Use Bridge Street for access to/from platforms</li></ul>,https://www5.septa.org/about/accessibility/alternative-transportation/mfl-alternate/,2026-02-03 05:50:29,2026-02-03T105029UTC
Market Frankford Line,Berks,Eastbound,No access to/from eastbound platform,<ul><li>No access to/from eastbound platform</li></ul>,https://www5.septa.org/about/accessibility/alternative-transportation/mfl-alternate/,2026-02-03 05:50:29,2026-02-03T105029UTC
Market Frankford Line,8th-Market,Westbound,No access to/from station,<ul><li>No access to/from station</li></ul>,https://www5.septa.org/about/accessibility/alternative-transportation/mfl-alternate/,2026-02-03 05:50:29,2026-02-03T105029UTC
Regional Rail,Gray 30th Street,"""A"" Platform",No access to/from Tracks 1 and 2,<ul><li>No access to/from Tracks 1 and 2</li></ul>,https://www5.septa.org/about/accessibility/alternative-transportation/regional-rail-alternate/,2026-02-03 05:50:29,2026-02-03T105029UTC
Broad Street Subway / Broad Ridge Spur,North Philadelphia,Southbound,No access to/from southbound platform ,<ul><li>No access to/from southbound platform</li></ul> ,https://www5.septa.org/about/accessibility/alternative-transportation/bsl-alternate/,2026-02-03 05:50:29,2026-02-03T105029UTC
Regional Rail,Wayne Junction,Outbound,No access to/from outbound platform (From Center City),<ul><li>No access to/from outbound platform (From Center City)</li></ul>,https://www5.septa.org/about/accessibility/alternative-transportation/regional-rail-alternate/,2026-02-03 05:50:29,2026-02-03T105029UTC
Regional Rail,Chester Transit Center,Inbound,No access to/from inbound platform (To Center City),<ul><li>No access to/from inbound platform (To Center City)</li></ul>,https://www5.septa.org/about/accessibility/alternative-transportation/regional-rail-alternate/,2026-02-03 05:50:29,2026-02-03T105029UTC
Market Frankford Line,15th St/City Hall,"Dilworth Park - South End (Street to Concourse)
","No access to/from the concourse on the south end
","<ul><li>No access to/from the concourse on the south end</li></ul>
",https://www5.septa.org/about/accessibility/alternative-transportation/mfl-alternate/,2026-02-03 05:50:29,2026-02-03T105029UTC
Regional Rail,Lansdale,Lansdale Garage #1,"No access to garage parking floors if both elevators out
","<ul><li>No access to garage parking floors if both elevators out</li></ul>
",https://www5.septa.org/about/accessibility/alternative-transportation/regional-rail-alternate/,2026-02-03 05:50:29,2026-02-03T105029UTC
Broad Street Subway / Broad Ridge Spur,Fern Rock Transit Center,Street Level,No access to/from station,<ul><li>No access to/from station</li></ul>,https://www5.septa.org/about/accessibility/alternative-transportation/bsl-alternate/,2026-02-03 08:15:53,2026-02-03T131553UTC
Broad Street Subway / Broad Ridge Spur,Olney Transit Center,Street to Mezzanine,No access to/from station,<ul><li>No access to/from station</li></ul>,https://www5.septa.org/about/accessibility/alternative-transportation/bsl-alternate/,2026-02-03 08:15:53,2026-02-03T131553UTC
Broad Street Subway / Broad Ridge Spur,Walnut-Locust,Southbound,No access to/from southbound platform,<ul><li>No access to/from southbound platform</li></ul>,https://www5.septa.org/about/accessibility/alternative-transportation/bsl-alternate/,2026-02-03 08:15:53,2026-02-03T131553UTC
Broad Street Subway / Broad Ridge Spur,8th-Market,Street Level,No access to/from station,<ul><li>No access to/from station</li></ul>,https://www5.septa.org/about/accessibility/alternative-transportation/bsl-alternate/,2026-02-03 08:15:53,2026-02-03T131553UTC
Market Frankford Line,Frankford Transit Center,Historic Bridge Street Terminal,Use Bridge Street for access to/from station,<ul><li>Use Bridge Street for access to/from station</li></ul>,https://www5.septa.org/about/accessibility/alternative-transportation/mfl-alternate/,2026-02-03 08:15:53,2026-02-03T131553UTC
Market Frankford Line,Frankford Transit Center,Main Terminal Pratt Street,Use Bridge Street for access to/from platforms,<ul><li>Use Bridge Street for access to/from platforms</li></ul>,https://www5.septa.org/about/accessibility/alternative-transportation/mfl-alternate/,2026-02-03 08:15:53,2026-02-03T131553UTC
Market Frankford Line,Berks,Eastbound,No access to/from eastbound platform,<ul><li>No access to/from eastbound platform</li></ul>,https://www5.septa.org/about/accessibility/alternative-transportation/mfl-alternate/,2026-02-03 08:15:53,2026-02-03T131553UTC
Market Frankford Line,8th-Market,Westbound,No access to/from station,<ul><li>No access to/from station</li></ul>,https://www5.septa.org/about/accessibility/alternative-transportation/mfl-alternate/,2026-02-03 08:15:53,2026-02-03T131553UTC
Regional Rail,Gray 30th Street,"""A"" Platform",No access to/from Tracks 1 and 2,<ul><li>No access to/from Tracks 1 and 2</li></ul>,https://www5.septa.org/about/accessibility/alternative-transportation/regional-rail-alternate/,2026-02-03 08:15:53,2026-02-03T131553UTC
Broad Street Subway / Broad Ridge Spur,North Philadelphia,Southbound,No access to/from southbound platform ,<ul><li>No access to/from southbound platform</li></ul> ,https://www5.septa.org/about/accessibility/alternative-transportation/bsl-alternate/,2026-02-03 08:15:53,2026-02-03T131553UTC
Broad Street Subway / Broad Ridge Spur,Broad-Girard,Northbound Platform,No access to/from northbound platform,<ul><li>No access to/from northbound platform</li></ul>,https://www5.septa.org/about/accessibility/alternative-transportation/bsl-alternate/,2026-02-03 08:15:53,2026-02-03T131553UTC
Regional Rail,Wayne Junction,Outbound,No access to/from outbound platform (From Center City),<ul><li>No access to/from outbound platform (From Center City)</li></ul>,https://www5.septa.org/about/accessibility/alternative-transportation/regional-rail-alternate/,2026-02-03 08:15:53,2026-02-03T131553UTC
Regional Rail,Chester Transit Center,Inbound,No access to/from inbound platform (To Center City),<ul><li>No access to/from inbound platform (To Center City)</li></ul>,https://www5.septa.org/about/accessibility/alternative-transportation/regional-rail-alternate/,2026-02-03 08:15:53,2026-02-03T131553UTC
Market Frankford Line,15th St/City Hall,"Dilworth Park - South End (Street to Concourse)
","No access to/from the concourse on the south end
","<ul><li>No access to/from the concourse on the south end</li></ul>
",https://www5.septa.org/about/accessibility/alternative-transportation/mfl-alternate/,2026-02-03 08:15:53,2026-02-03T131553UTC
Regional Rail,Lansdale,Lansdale Garage #1,"No access to garage parking floors if both elevators out
","<ul><li>No access to garage parking floors if both elevators out</li></ul>
",https://www5.septa.org/about/accessibility/alternative-transportation/regional-rail-alternate/,2026-02-03 08:15:53,2026-02-03T131553UTC
Broad Street Subway / Broad Ridge Spur,Fern Rock Transit Center,Street Level,No access to/from station,<ul><li>No access to/from station</li></ul>,https://www5.septa.org/about/accessibility/alternative-transportation/bsl-alternate/,2026-02-03 09:52:20,2026-02-03T145220UTC
Broad Street Subway / Broad Ridge Spur,Olney Transit Center,Street to Mezzanine,No access to/from station,<ul><li>No access to/from station</li></ul>,https://www5.septa.org/about/accessibility/alternative-transportation/bsl-alternate/,2026-02-03 09:52:20,2026-02-03T145220UTC
Broad Street Subway / Broad Ridge Spur,Walnut-Locust,Southbound,No access to/from southbound platform,<ul><li>No access to/from southbound platform</li></ul>,https://www5.septa.org/about/accessibility/alternative-transportation/bsl-alternate/,2026-02-03 09:52:20,2026-02-03T145220UTC
Broad Street Subway / Broad Ridge Spur,8th-Market,Street Level,No access to/from station,<ul><li>No access to/from station</li></ul>,https://www5.septa.org/about/accessibility/alternative-transportation/bsl-alternate/,2026-02-03 09:52:20,2026-02-03T145220UTC
Market Frankford Line,Frankford Transit Center,Main Terminal Pratt Street,Use Bridge Street for access to/from platforms,<ul><li>Use Bridge Street for access to/from platforms</li></ul>,https://www5.septa.org/about/accessibility/alternative-transportation/mfl-alternate/,2026-02-03 09:52:20,2026-02-03T145220UTC
Market Frankford Line,Berks,Eastbound,No access to/from eastbound platform,<ul><li>No access to/from eastbound platform</li></ul>,https://www5.septa.org/about/accessibility/alternative-transportation/mfl-alternate/,2026-02-03 09:52:20,2026-02-03T145220UTC
Market Frankford Line,8th-Market,Westbound,No access to/from station,<ul><li>No access to/from station</li></ul>,https://www5.septa.org/about/accessibility/alternative-transportation/mfl-alternate/,2026-02-03 09:52:20,2026-02-03T145220UTC
Regional Rail,Gray 30th Street,"""A"" Platform",No access to/from Tracks 1 and 2,<ul><li>No access to/from Tracks 1 and 2</li></ul>,https://www5.septa.org/about/accessibility/alternative-transportation/regional-rail-alternate/,2026-02-03 09:52:20,2026-02-03T145220UTC
Broad Street Subway / Broad Ridge Spur,North Philadelphia,Southbound,No access to/from southbound platform ,<ul><li>No access to/from southbound platform</li></ul> ,https://www5.septa.org/about/accessibility/alternative-transportation/bsl-alternate/,2026-02-03 09:52:20,2026-02-03T145220UTC
Broad Street Subway / Broad Ridge Spur,Broad-Girard,Northbound Platform,No access to/from northbound platform,<ul><li>No access to/from northbound platform</li></ul>,https://www5.septa.org/about/accessibility/alternative-transportation/bsl-alternate/,2026-02-03 09:52:20,2026-02-03T145220UTC
Regional Rail,Wayne Junction,Outbound,No access to/from outbound platform (From Center City),<ul><li>No access to/from outbound platform (From Center City)</li></ul>,https://www5.septa.org/about/accessibility/alternative-transportation/regional-rail-alternate/,2026-02-03 09:52:20,2026-02-03T145220UTC
Regional Rail,Chester Transit Center,Inbound,No access to/from inbound platform (To Center City),<ul><li>No access to/from inbound platform (To Center City)</li></ul>,https://www5.septa.org/about/accessibility/alternative-transportation/regional-rail-alternate/,2026-02-03 09:52:20,2026-02-03T145220UTC
Market Frankford Line,15th St/City Hall,"Dilworth Park - South End (Street to Concourse)
","No access to/from the concourse on the south end
","<ul><li>No access to/from the concourse on the south end</li></ul>
",https://www5.septa.org/about/accessibility/alternative-transportation/mfl-alternate/,2026-02-03 09:52:20,2026-02-03T145220UTC
Regional Rail,Lansdale,Lansdale Garage #1,"No access to garage parking floors if both elevators out
","<ul><li>No access to garage parking floors if both elevators out</li></ul>
",https://www5.septa.org/about/accessibility/alternative-transportation/regional-rail-alternate/,2026-02-03 09:52:20,2026-02-03T145220UTC
Broad Street Subway / Broad Ridge Spur,Fern Rock Transit Center,Street Level,No access to/from station,<ul><li>No access to/from station</li></ul>,https://www5.septa.org/about/accessibility/alternative-transportation/bsl-alternate/,2026-02-03 12:01:47,2026-02-03T170147UTC
Broad Street Subway / Broad Ridge Spur,Olney Transit Center,Street to Mezzanine,No access to/from station,<ul><li>No access to/from station</li></ul>,https://www5.septa.org/about/accessibility/alternative-transportation/bsl-alternate/,2026-02-03 12:01:47,2026-02-03T170147UTC
Broad Street Subway / Broad Ridge Spur,Walnut-Locust,Southbound,No access to/from southbound platform,<ul><li>No access to/from southbound platform</li></ul>,https://www5.septa.org/about/accessibility/alternative-transportation/bsl-alternate/,2026-02-03 12:01:47,2026-02-03T170147UTC
Broad Street Subway / Broad Ridge Spur,8th-Market,Street Level,No access to/from station,<ul><li>No access to/from station</li></ul>,https://www5.septa.org/about/accessibility/alternative-transportation/bsl-alternate/,2026-02-03 12:01:47,2026-02-03T170147UTC
Market Frankford Line,Frankford Transit Center,Main Terminal Pratt Street,Use Bridge Street for access to/from platforms,<ul><li>Use Bridge Street for access to/from platforms</li></ul>,https://www5.septa.org/about/accessibility/alternative-transportation/mfl-alternate/,2026-02-03 12:01:47,2026-02-03T170147UTC
Market Frankford Line,Kensington-Allegheny,Westbound,No access to/from station,<ul><li>No access to/from station</li></ul>,https://www5.septa.org/about/accessibility/alternative-transportation/mfl-alternate/,2026-02-03 12:01:47,2026-02-03T170147UTC
Market Frankford Line,8th-Market,Westbound,No access to/from station,<ul><li>No access to/from station</li></ul>,https://www5.septa.org/about/accessibility/alternative-transportation/mfl-alternate/,2026-02-03 12:01:47,2026-02-03T170147UTC
Regional Rail,Gray 30th Street,"""A"" Platform",No access to/from Tracks 1 and 2,<ul><li>No access to/from Tracks 1 and 2</li></ul>,https://www5.septa.org/about/accessibility/alternative-transportation/regional-rail-alternate/,2026-02-03 12:01:47,2026-02-03T170147UTC
Broad Street Subway / Broad Ridge Spur,North Philadelphia,Southbound,No access to/from southbound platform ,<ul><li>No access to/from southbound platform</li></ul> ,https://www5.septa.org/about/accessibility/alternative-transportation/bsl-alternate/,2026-02-03 12:01:47,2026-02-03T170147UTC
Regional Rail,Wayne Junction,Outbound,No access to/from outbound platform (From Center City),<ul><li>No access to/from outbound platform (From Center City)</li></ul>,https://www5.septa.org/about/accessibility/alternative-transportation/regional-rail-alternate/,2026-02-03 12:01:47,2026-02-03T170147UTC
Regional Rail,Chester Transit Center,Inbound,No access to/from inbound platform (To Center City),<ul><li>No access to/from inbound platform (To Center City)</li></ul>,https://www5.septa.org/about/accessibility/alternative-transportation/regional-rail-alternate/,2026-02-03 12:01:47,2026-02-03T170147UTC
Market Frankford Line,15th St/City Hall,"Dilworth Park - South End (Street to Concourse)
","No access to/from the concourse on the south end
","<ul><li>No access to/from the concourse on the south end</li></ul>
",https://www5.septa.org/about/accessibility/alternative-transportation/mfl-alternate/,2026-02-03 12:01:47,2026-02-03T170147UTC
Regional Rail,Lansdale,Lansdale Garage #1,"No access to garage parking floors if both elevators out
","<ul><li>No access to garage parking floors if both elevators out</li></ul>
",https://www5.septa.org/about/accessibility/alternative-transportation/regional-rail-alternate/,2026-02-03 12:01:47,2026-02-03T170147UTC
Broad Street Subway / Broad Ridge Spur,Fern Rock Transit Center,Street Level,No access to/from station,<ul><li>No access to/from station</li></ul>,https://www5.septa.org/about/accessibility/alternative-transportation/bsl-alternate/,2026-02-03 14:03:58,2026-02-03T190358UTC
Broad Street Subway / Broad Ridge Spur,Olney Transit Center,Street to Mezzanine,No access to/from station,<ul><li>No access to/from station</li></ul>,https://www5.septa.org/about/accessibility/alternative-transportation/bsl-alternate/,2026-02-03 14:03:58,2026-02-03T190358UTC
Broad Street Subway / Broad Ridge Spur,Walnut-Locust,Southbound,No access to/from southbound platform,<ul><li>No access to/from southbound platform</li></ul>,https://www5.septa.org/about/accessibility/alternative-transportation/bsl-alternate/,2026-02-03 14:03:58,2026-02-03T190358UTC
Broad Street Subway / Broad Ridge Spur,8th-Market,Street Level,No access to/from station,<ul><li>No access to/from station</li></ul>,https://www5.septa.org/about/accessibility/alternative-transportation/bsl-alternate/,2026-02-03 14:03:58,2026-02-03T190358UTC
Market Frankford Line,Frankford Transit Center,Main Terminal Pratt Street,Use Bridge Street for access to/from platforms,<ul><li>Use Bridge Street for access to/from platforms</li></ul>,https://www5.septa.org/about/accessibility/alternative-transportation/mfl-alternate/,2026-02-03 14:03:58,2026-02-03T190358UTC
Market Frankford Line,Kensington-Allegheny,Westbound,No access to/from station,<ul><li>No access to/from station</li></ul>,https://www5.septa.org/about/accessibility/alternative-transportation/mfl-alternate/,2026-02-03 14:03:58,2026-02-03T190358UTC
Market Frankford Line,8th-Market,Westbound,No access to/from station,<ul><li>No access to/from station</li></ul>,https://www5.septa.org/about/accessibility/alternative-transportation/mfl-alternate/,2026-02-03 14:03:58,2026-02-03T190358UTC
Regional Rail,Gray 30th Street,"""A"" Platform",No access to/from Tracks 1 and 2,<ul><li>No access to/from Tracks 1 and 2</li></ul>,https://www5.septa.org/about/accessibility/alternative-transportation/regional-rail-alternate/,2026-02-03 14:03:58,2026-02-03T190358UTC
Broad Street Subway / Broad Ridge Spur,North Philadelphia,Southbound,No access to/from southbound platform ,<ul><li>No access to/from southbound platform</li></ul> ,https://www5.septa.org/about/accessibility/alternative-transportation/bsl-alternate/,2026-02-03 14:03:58,2026-02-03T190358UTC
Regional Rail,Wayne Junction,Outbound,No access to/from outbound platform (From Center City),<ul><li>No access to/from outbound platform (From Center City)</li></ul>,https://www5.septa.org/about/accessibility/alternative-transportation/regional-rail-alternate/,2026-02-03 14:03:58,2026-02-03T190358UTC
Regional Rail,Chester Transit Center,Inbound,No access to/from inbound platform (To Center City),<ul><li>No access to/from inbound platform (To Center City)</li></ul>,https://www5.septa.org/about/accessibility/alternative-transportation/regional-rail-alternate/,2026-02-03 14:03:58,2026-02-03T190358UTC
Market Frankford Line,15th St/City Hall,"Dilworth Park - South End (Street to Concourse)
","No access to/from the concourse on the south end
","<ul><li>No access to/from the concourse on the south end</li></ul>
",https://www5.septa.org/about/accessibility/alternative-transportation/mfl-alternate/,2026-02-03 14:03:58,2026-02-03T190358UTC
Regional Rail,Lansdale,Lansdale Garage #1,"No access to garage parking floors if both elevators out
","<ul><li>No access to garage parking floors if both elevators out</li></ul>
",https://www5.septa.org/about/accessibility/alternative-transportation/regional-rail-alternate/,2026-02-03 14:03:58,2026-02-03T190358UTC
Broad Street Subway / Broad Ridge Spur,Fern Rock Transit Center,Street Level,No access to/from station,<ul><li>No access to/from station</li></ul>,https://www5.septa.org/about/accessibility/alternative-transportation/bsl-alternate/,2026-02-03 15:45:53,2026-02-03T204553UTC
Broad Street Subway / Broad Ridge Spur,Olney Transit Center,Street to Mezzanine,No access to/from station,<ul><li>No access to/from station</li></ul>,https://www5.septa.org/about/accessibility/alternative-transportation/bsl-alternate/,2026-02-03 15:45:53,2026-02-03T204553UTC
Broad Street Subway / Broad Ridge Spur,Walnut-Locust,Southbound,No access to/from southbound platform,<ul><li>No access to/from southbound platform</li></ul>,https://www5.septa.org/about/accessibility/alternative-transportation/bsl-alternate/,2026-02-03 15:45:53,2026-02-03T204553UTC
Broad Street Subway / Broad Ridge Spur,8th-Market,Street Level,No access to/from station,<ul><li>No access to/from station</li></ul>,https://www5.septa.org/about/accessibility/alternative-transportation/bsl-alternate/,2026-02-03 15:45:53,2026-02-03T204553UTC
Market Frankford Line,Frankford Transit Center,Main Terminal Pratt Street,Use Bridge Street for access to/from platforms,<ul><li>Use Bridge Street for access to/from platforms</li></ul>,https://www5.septa.org/about/accessibility/alternative-transportation/mfl-alternate/,2026-02-03 15:45:53,2026-02-03T204553UTC
Market Frankford Line,Kensington-Allegheny,Westbound,No access to/from station,<ul><li>No access to/from station</li></ul>,https://www5.septa.org/about/accessibility/alternative-transportation/mfl-alternate/,2026-02-03 15:45:53,2026-02-03T204553UTC
Market Frankford Line,8th-Market,Westbound,No access to/from station,<ul><li>No access to/from station</li></ul>,https://www5.septa.org/about/accessibility/alternative-transportation/mfl-alternate/,2026-02-03 15:45:53,2026-02-03T204553UTC
Regional Rail,Gray 30th Street,"""A"" Platform",No access to/from Tracks 1 and 2,<ul><li>No access to/from Tracks 1 and 2</li></ul>,https://www5.septa.org/about/accessibility/alternative-transportation/regional-rail-alternate/,2026-02-03 15:45:53,2026-02-03T204553UTC
Broad Street Subway / Broad Ridge Spur,North Philadelphia,Southbound,No access to/from southbound platform ,<ul><li>No access to/from southbound platform</li></ul> ,https://www5.septa.org/about/accessibility/alternative-transportation/bsl-alternate/,2026-02-03 15:45:53,2026-02-03T204553UTC
Regional Rail,Wayne Junction,Outbound,No access to/from outbound platform (From Center City),<ul><li>No access to/from outbound platform (From Center City)</li></ul>,https://www5.septa.org/about/accessibility/alternative-transportation/regional-rail-alternate/,2026-02-03 15:45:53,2026-02-03T204553UTC
Regional Rail,Chester Transit Center,Inbound,No access to/from inbound platform (To Center City),<ul><li>No access to/from inbound platform (To Center City)</li></ul>,https://www5.septa.org/about/accessibility/alternative-transportation/regional-rail-alternate/,2026-02-03 15:45:53,2026-02-03T204553UTC
Market Frankford Line,15th St/City Hall,"Dilworth Park - South End (Street to Concourse)
","No access to/from the concourse on the south end
","<ul><li>No access to/from the concourse on the south end</li></ul>
",https://www5.septa.org/about/accessibility/alternative-transportation/mfl-alternate/,2026-02-03 15:45:53,2026-02-03T204553UTC
Regional Rail,Lansdale,Lansdale Garage #1,"No access to garage parking floors if both elevators out
","<ul><li>No access to garage parking floors if both elevators out</li></ul>
",https://www5.septa.org/about/accessibility/alternative-transportation/regional-rail-alternate/,2026-02-03 15:45:53,2026-02-03T204553UTC
Broad Street Subway / Broad Ridge Spur,Fern Rock Transit Center,Street Level,No access to/from station,<ul><li>No access to/from station</li></ul>,https://www5.septa.org/about/accessibility/alternative-transportation/bsl-alternate/,2026-02-03 17:36:48,2026-02-03T223648UTC
Broad Street Subway / Broad Ridge Spur,Olney Transit Center,Street to Mezzanine,No access to/from station,<ul><li>No access to/from station</li></ul>,https://www5.septa.org/about/accessibility/alternative-transportation/bsl-alternate/,2026-02-03 17:36:48,2026-02-03T223648UTC
Broad Street Subway / Broad Ridge Spur,Walnut-Locust,Southbound,No access to/from southbound platform,<ul><li>No access to/from southbound platform</li></ul>,https://www5.septa.org/about/accessibility/alternative-transportation/bsl-alternate/,2026-02-03 17:36:48,2026-02-03T223648UTC
Broad Street Subway / Broad Ridge Spur,8th-Market,Street Level,No access to/from station,<ul><li>No access to/from station</li></ul>,https://www5.septa.org/about/accessibility/alternative-transportation/bsl-alternate/,2026-02-03 17:36:48,2026-02-03T223648UTC
Market Frankford Line,Frankford Transit Center,Main Terminal Pratt Street,Use Bridge Street for access to/from platforms,<ul><li>Use Bridge Street for access to/from platforms</li></ul>,https://www5.septa.org/about/accessibility/alternative-transportation/mfl-alternate/,2026-02-03 17:36:48,2026-02-03T223648UTC
Market Frankford Line,Kensington-Allegheny,Westbound,No access to/from station,<ul><li>No access to/from station</li></ul>,https://www5.septa.org/about/accessibility/alternative-transportation/mfl-alternate/,2026-02-03 17:36:48,2026-02-03T223648UTC
Market Frankford Line,8th-Market,Westbound,No access to/from station,<ul><li>No access to/from station</li></ul>,https://www5.septa.org/about/accessibility/alternative-transportation/mfl-alternate/,2026-02-03 17:36:48,2026-02-03T223648UTC
Regional Rail,Gray 30th Street,"""A"" Platform",No access to/from Tracks 1 and 2,<ul><li>No access to/from Tracks 1 and 2</li></ul>,https://www5.septa.org/about/accessibility/alternative-transportation/regional-rail-alternate/,2026-02-03 17:36:48,2026-02-03T223648UTC
Broad Street Subway / Broad Ridge Spur,North Philadelphia,Southbound,No access to/from southbound platform ,<ul><li>No access to/from southbound platform</li></ul> ,https://www5.septa.org/about/accessibility/alternative-transportation/bsl-alternate/,2026-02-03 17:36:48,2026-02-03T223648UTC
Regional Rail,Wayne Junction,Outbound,No access to/from outbound platform (From Center City),<ul><li>No access to/from outbound platform (From Center City)</li></ul>,https://www5.septa.org/about/accessibility/alternative-transportation/regional-rail-alternate/,2026-02-03 17:36:48,2026-02-03T223648UTC
Regional Rail,Chester Transit Center,Inbound,No access to/from inbound platform (To Center City),<ul><li>No access to/from inbound platform (To Center City)</li></ul>,https://www5.septa.org/about/accessibility/alternative-transportation/regional-rail-alternate/,2026-02-03 17:36:48,2026-02-03T223648UTC
Market Frankford Line,15th St/City Hall,"Dilworth Park - South End (Street to Concourse)
","No access to/from the concourse on the south end
","<ul><li>No access to/from the concourse on the south end</li></ul>
",https://www5.septa.org/about/accessibility/alternative-transportation/mfl-alternate/,2026-02-03 17:36:48,2026-02-03T223648UTC
Regional Rail,Lansdale,Lansdale Garage #1,"No access to garage parking floors if both elevators out
","<ul><li>No access to garage parking floors if both elevators out</li></ul>
",https://www5.septa.org/about/accessibility/alternative-transportation/regional-rail-alternate/,2026-02-03 17:36:48,2026-02-03T223648UTC
Broad Street Subway / Broad Ridge Spur,Fern Rock Transit Center,Street Level,No access to/from station,<ul><li>No access to/from station</li></ul>,https://www5.septa.org/about/accessibility/alternative-transportation/bsl-alternate/,2026-02-03 21:37:41,2026-02-04T023741UTC
Broad Street Subway / Broad Ridge Spur,Olney Transit Center,Street to Mezzanine,No access to/from station,<ul><li>No access to/from station</li></ul>,https://www5.septa.org/about/accessibility/alternative-transportation/bsl-alternate/,2026-02-03 21:37:41,2026-02-04T023741UTC
Broad Street Subway / Broad Ridge Spur,Walnut-Locust,Southbound,No access to/from southbound platform,<ul><li>No access to/from southbound platform</li></ul>,https://www5.septa.org/about/accessibility/alternative-transportation/bsl-alternate/,2026-02-03 21:37:41,2026-02-04T023741UTC
Broad Street Subway / Broad Ridge Spur,8th-Market,Street Level,No access to/from station,<ul><li>No access to/from station</li></ul>,https://www5.septa.org/about/accessibility/alternative-transportation/bsl-alternate/,2026-02-03 21:37:41,2026-02-04T023741UTC
Market Frankford Line,8th-Market,Westbound,No access to/from station,<ul><li>No access to/from station</li></ul>,https://www5.septa.org/about/accessibility/alternative-transportation/mfl-alternate/,2026-02-03 21:37:41,2026-02-04T023741UTC
Regional Rail,Gray 30th Street,"""A"" Platform",No access to/from Tracks 1 and 2,<ul><li>No access to/from Tracks 1 and 2</li></ul>,https://www5.septa.org/about/accessibility/alternative-transportation/regional-rail-alternate/,2026-02-03 21:37:41,2026-02-04T023741UTC
Broad Street Subway / Broad Ridge Spur,North Philadelphia,Southbound,No access to/from southbound platform ,<ul><li>No access to/from southbound platform</li></ul> ,https://www5.septa.org/about/accessibility/alternative-transportation/bsl-alternate/,2026-02-03 21:37:41,2026-02-04T023741UTC
Regional Rail,Wayne Junction,Outbound,No access to/from outbound platform (From Center City),<ul><li>No access to/from outbound platform (From Center City)</li></ul>,https://www5.septa.org/about/accessibility/alternative-transportation/regional-rail-alternate/,2026-02-03 21:37:41,2026-02-04T023741UTC
Regional Rail,Chester Transit Center,Inbound,No access to/from inbound platform (To Center City),<ul><li>No access to/from inbound platform (To Center City)</li></ul>,https://www5.septa.org/about/accessibility/alternative-transportation/regional-rail-alternate/,2026-02-03 21:37:41,2026-02-04T023741UTC
Market Frankford Line,15th St/City Hall,"Dilworth Park - South End (Street to Concourse)
","No access to/from the concourse on the south end
","<ul><li>No access to/from the concourse on the south end</li></ul>
",https://www5.septa.org/about/accessibility/alternative-transportation/mfl-alternate/,2026-02-03 21:37:41,2026-02-04T023741UTC
Regional Rail,Lansdale,Lansdale Garage #1,"No access to garage parking floors if both elevators out
","<ul><li>No access to garage parking floors if both elevators out</li></ul>
",https://www5.septa.org/about/accessibility/alternative-transportation/regional-rail-alternate/,2026-02-03 21:37:41,2026-02-04T023741UTC
Broad Street Subway / Broad Ridge Spur,Fern Rock Transit Center,Street Level,No access to/from station,<ul><li>No access to/from station</li></ul>,https://www5.septa.org/about/accessibility/alternative-transportation/bsl-alternate/,2026-02-04 00:11:46,2026-02-04T051146UTC
Broad Street Subway / Broad Ridge Spur,Olney Transit Center,Street to Mezzanine,No access to/from station,<ul><li>No access to/from station</li></ul>,https://www5.septa.org/about/accessibility/alternative-transportation/bsl-alternate/,2026-02-04 00:11:46,2026-02-04T051146UTC
Broad Street Subway / Broad Ridge Spur,Walnut-Locust,Southbound,No access to/from southbound platform,<ul><li>No access to/from southbound platform</li></ul>,https://www5.septa.org/about/accessibility/alternative-transportation/bsl-alternate/,2026-02-04 00:11:46,2026-02-04T051146UTC
Broad Street Subway / Broad Ridge Spur,8th-Market,Street Level,No access to/from station,<ul><li>No access to/from station</li></ul>,https://www5.septa.org/about/accessibility/alternative-transportation/bsl-alternate/,2026-02-04 00:11:46,2026-02-04T051146UTC
Market Frankford Line,8th-Market,Westbound,No access to/from station,<ul><li>No access to/from station</li></ul>,https://www5.septa.org/about/accessibility/alternative-transportation/mfl-alternate/,2026-02-04 00:11:46,2026-02-04T051146UTC
Regional Rail,Gray 30th Street,"""A"" Platform",No access to/from Tracks 1 and 2,<ul><li>No access to/from Tracks 1 and 2</li></ul>,https://www5.septa.org/about/accessibility/alternative-transportation/regional-rail-alternate/,2026-02-04 00:11:46,2026-02-04T051146UTC
Broad Street Subway / Broad Ridge Spur,North Philadelphia,Southbound,No access to/from southbound platform ,<ul><li>No access to/from southbound platform</li></ul> ,https://www5.septa.org/about/accessibility/alternative-transportation/bsl-alternate/,2026-02-04 00:11:46,2026-02-04T051146UTC
Regional Rail,Wayne Junction,Outbound,No access to/from outbound platform (From Center City),<ul><li>No access to/from outbound platform (From Center City)</li></ul>,https://www5.septa.org/about/accessibility/alternative-transportation/regional-rail-alternate/,2026-02-04 00:11:46,2026-02-04T051146UTC
Regional Rail,Chester Transit Center,Inbound,No access to/from inbound platform (To Center City),<ul><li>No access to/from inbound platform (To Center City)</li></ul>,https://www5.septa.org/about/accessibility/alternative-transportation/regional-rail-alternate/,2026-02-04 00:11:46,2026-02-04T051146UTC
Market Frankford Line,15th St/City Hall,"Dilworth Park - South End (Street to Concourse)
","No access to/from the concourse on the south end
","<ul><li>No access to/from the concourse on the south end</li></ul>
",https://www5.septa.org/about/accessibility/alternative-transportation/mfl-alternate/,2026-02-04 00:11:46,2026-02-04T051146UTC
Regional Rail,Lansdale,Lansdale Garage #1,"No access to garage parking floors if both elevators out
","<ul><li>No access to garage parking floors if both elevators out</li></ul>
",https://www5.septa.org/about/accessibility/alternative-transportation/regional-rail-alternate/,2026-02-04 00:11:46,2026-02-04T051146UTC
Broad Street Subway / Broad Ridge Spur,Fern Rock Transit Center,Street Level,No access to/from station,<ul><li>No access to/from station</li></ul>,https://www5.septa.org/about/accessibility/alternative-transportation/bsl-alternate/,2026-02-04 02:02:08,2026-02-04T070208UTC
Broad Street Subway / Broad Ridge Spur,Olney Transit Center,Street to Mezzanine,No access to/from station,<ul><li>No access to/from station</li></ul>,https://www5.septa.org/about/accessibility/alternative-transportation/bsl-alternate/,2026-02-04 02:02:08,2026-02-04T070208UTC
Broad Street Subway / Broad Ridge Spur,Walnut-Locust,Southbound,No access to/from southbound platform,<ul><li>No access to/from southbound platform</li></ul>,https://www5.septa.org/about/accessibility/alternative-transportation/bsl-alternate/,2026-02-04 02:02:08,2026-02-04T070208UTC
Broad Street Subway / Broad Ridge Spur,8th-Market,Street Level,No access to/from station,<ul><li>No access to/from station</li></ul>,https://www5.septa.org/about/accessibility/alternative-transportation/bsl-alternate/,2026-02-04 02:02:08,2026-02-04T070208UTC
Market Frankford Line,8th-Market,Westbound,No access to/from station,<ul><li>No access to/from station</li></ul>,https://www5.septa.org/about/accessibility/alternative-transportation/mfl-alternate/,2026-02-04 02:02:08,2026-02-04T070208UTC
Regional Rail,Gray 30th Street,"""A"" Platform",No access to/from Tracks 1 and 2,<ul><li>No access to/from Tracks 1 and 2</li></ul>,https://www5.septa.org/about/accessibility/alternative-transportation/regional-rail-alternate/,2026-02-04 02:02:08,2026-02-04T070208UTC
Broad Street Subway / Broad Ridge Spur,North Philadelphia,Southbound,No access to/from southbound platform ,<ul><li>No access to/from southbound platform</li></ul> ,https://www5.septa.org/about/accessibility/alternative-transportation/bsl-alternate/,2026-02-04 02:02:08,2026-02-04T070208UTC
Regional Rail,Wayne Junction,Outbound,No access to/from outbound platform (From Center City),<ul><li>No access to/from outbound platform (From Center City)</li></ul>,https://www5.septa.org/about/accessibility/alternative-transportation/regional-rail-alternate/,2026-02-04 02:02:08,2026-02-04T070208UTC
Regional Rail,Chester Transit Center,Inbound,No access to/from inbound platform (To Center City),<ul><li>No access to/from inbound platform (To Center City)</li></ul>,https://www5.septa.org/about/accessibility/alternative-transportation/regional-rail-alternate/,2026-02-04 02:02:08,2026-02-04T070208UTC
Market Frankford Line,15th St/City Hall,"Dilworth Park - South End (Street to Concourse)
","No access to/from the concourse on the south end
","<ul><li>No access to/from the concourse on the south end</li></ul>
",https://www5.septa.org/about/accessibility/alternative-transportation/mfl-alternate/,2026-02-04 02:02:08,2026-02-04T070208UTC
Regional Rail,Lansdale,Lansdale Garage #1,"No access to garage parking floors if both elevators out
","<ul><li>No access to garage parking floors if both elevators out</li></ul>
",https://www5.septa.org/about/accessibility/alternative-transportation/regional-rail-alternate/,2026-02-04 02:02:08,2026-02-04T070208UTC
Broad Street Subway / Broad Ridge Spur,Fern Rock Transit Center,Street Level,No access to/from station,<ul><li>No access to/from station</li></ul>,https://www5.septa.org/about/accessibility/alternative-transportation/bsl-alternate/,2026-02-04 03:53:17,2026-02-04T085317UTC
Broad Street Subway / Broad Ridge Spur,Olney Transit Center,Street to Mezzanine,No access to/from station,<ul><li>No access to/from station</li></ul>,https://www5.septa.org/about/accessibility/alternative-transportation/bsl-alternate/,2026-02-04 03:53:17,2026-02-04T085317UTC
Broad Street Subway / Broad Ridge Spur,Walnut-Locust,Southbound,No access to/from southbound platform,<ul><li>No access to/from southbound platform</li></ul>,https://www5.septa.org/about/accessibility/alternative-transportation/bsl-alternate/,2026-02-04 03:53:17,2026-02-04T085317UTC
Broad Street Subway / Broad Ridge Spur,8th-Market,Street Level,No access to/from station,<ul><li>No access to/from station</li></ul>,https://www5.septa.org/about/accessibility/alternative-transportation/bsl-alternate/,2026-02-04 03:53:17,2026-02-04T085317UTC
Market Frankford Line,8th-Market,Westbound,No access to/from station,<ul><li>No access to/from station</li></ul>,https://www5.septa.org/about/accessibility/alternative-transportation/mfl-alternate/,2026-02-04 03:53:17,2026-02-04T085317UTC
Regional Rail,Gray 30th Street,"""A"" Platform",No access to/from Tracks 1 and 2,<ul><li>No access to/from Tracks 1 and 2</li></ul>,https://www5.septa.org/about/accessibility/alternative-transportation/regional-rail-alternate/,2026-02-04 03:53:17,2026-02-04T085317UTC
Broad Street Subway / Broad Ridge Spur,North Philadelphia,Southbound,No access to/from southbound platform ,<ul><li>No access to/from southbound platform</li></ul> ,https://www5.septa.org/about/accessibility/alternative-transportation/bsl-alternate/,2026-02-04 03:53:17,2026-02-04T085317UTC
Regional Rail,Wayne Junction,Outbound,No access to/from outbound platform (From Center City),<ul><li>No access to/from outbound platform (From Center City)</li></ul>,https://www5.septa.org/about/accessibility/alternative-transportation/regional-rail-alternate/,2026-02-04 03:53:17,2026-02-04T085317UTC
Regional Rail,Chester Transit Center,Inbound,No access to/from inbound platform (To Center City),<ul><li>No access to/from inbound platform (To Center City)</li></ul>,https://www5.septa.org/about/accessibility/alternative-transportation/regional-rail-alternate/,2026-02-04 03:53:17,2026-02-04T085317UTC
Market Frankford Line,15th St/City Hall,"Dilworth Park - South End (Street to Concourse)
","No access to/from the concourse on the south end
","<ul><li>No access to/from the concourse on the south end</li></ul>
",https://www5.septa.org/about/accessibility/alternative-transportation/mfl-alternate/,2026-02-04 03:53:17,2026-02-04T085317UTC
Regional Rail,Lansdale,Lansdale Garage #1,"No access to garage parking floors if both elevators out
","<ul><li>No access to garage parking floors if both elevators out</li></ul>
",https://www5.septa.org/about/accessibility/alternative-transportation/regional-rail-alternate/,2026-02-04 03:53:17,2026-02-04T085317UTC
Broad Street Subway / Broad Ridge Spur,Fern Rock Transit Center,Street Level,No access to/from station,<ul><li>No access to/from station</li></ul>,https://www5.septa.org/about/accessibility/alternative-transportation/bsl-alternate/,2026-02-04 05:49:20,2026-02-04T104920UTC
Broad Street Subway / Broad Ridge Spur,Olney Transit Center,Street to Mezzanine,No access to/from station,<ul><li>No access to/from station</li></ul>,https://www5.septa.org/about/accessibility/alternative-transportation/bsl-alternate/,2026-02-04 05:49:20,2026-02-04T104920UTC
Broad Street Subway / Broad Ridge Spur,Walnut-Locust,Southbound,No access to/from southbound platform,<ul><li>No access to/from southbound platform</li></ul>,https://www5.septa.org/about/accessibility/alternative-transportation/bsl-alternate/,2026-02-04 05:49:20,2026-02-04T104920UTC
Broad Street Subway / Broad Ridge Spur,8th-Market,Street Level,No access to/from station,<ul><li>No access to/from station</li></ul>,https://www5.septa.org/about/accessibility/alternative-transportation/bsl-alternate/,2026-02-04 05:49:20,2026-02-04T104920UTC
Market Frankford Line,2nd St,Eastbound,No access to/from eastbound platform,<ul><li>No access to/from eastbound platform</li></ul>,https://www5.septa.org/about/accessibility/alternative-transportation/mfl-alternate/,2026-02-04 05:49:20,2026-02-04T104920UTC
Market Frankford Line,8th-Market,Westbound,No access to/from station,<ul><li>No access to/from station</li></ul>,https://www5.septa.org/about/accessibility/alternative-transportation/mfl-alternate/,2026-02-04 05:49:20,2026-02-04T104920UTC
Regional Rail,Gray 30th Street,"""A"" Platform",No access to/from Tracks 1 and 2,<ul><li>No access to/from Tracks 1 and 2</li></ul>,https://www5.septa.org/about/accessibility/alternative-transportation/regional-rail-alternate/,2026-02-04 05:49:20,2026-02-04T104920UTC
Broad Street Subway / Broad Ridge Spur,North Philadelphia,Southbound,No access to/from southbound platform ,<ul><li>No access to/from southbound platform</li></ul> ,https://www5.septa.org/about/accessibility/alternative-transportation/bsl-alternate/,2026-02-04 05:49:20,2026-02-04T104920UTC
Regional Rail,Wayne Junction,Outbound,No access to/from outbound platform (From Center City),<ul><li>No access to/from outbound platform (From Center City)</li></ul>,https://www5.septa.org/about/accessibility/alternative-transportation/regional-rail-alternate/,2026-02-04 05:49:20,2026-02-04T104920UTC
Regional Rail,Chester Transit Center,Inbound,No access to/from inbound platform (To Center City),<ul><li>No access to/from inbound platform (To Center City)</li></ul>,https://www5.septa.org/about/accessibility/alternative-transportation/regional-rail-alternate/,2026-02-04 05:49:20,2026-02-04T104920UTC
Market Frankford Line,15th St/City Hall,"Dilworth Park - South End (Street to Concourse)
","No access to/from the concourse on the south end
","<ul><li>No access to/from the concourse on the south end</li></ul>
",https://www5.septa.org/about/accessibility/alternative-transportation/mfl-alternate/,2026-02-04 05:49:20,2026-02-04T104920UTC
Regional Rail,Lansdale,Lansdale Garage #1,"No access to garage parking floors if both elevators out
","<ul><li>No access to garage parking floors if both elevators out</li></ul>
",https://www5.septa.org/about/accessibility/alternative-transportation/regional-rail-alternate/,2026-02-04 05:49:20,2026-02-04T104920UTC
Broad Street Subway / Broad Ridge Spur,Fern Rock Transit Center,Street Level,No access to/from station,<ul><li>No access to/from station</li></ul>,https://www5.septa.org/about/accessibility/alternative-transportation/bsl-alternate/,2026-02-04 08:14:54,2026-02-04T131454UTC
Broad Street Subway / Broad Ridge Spur,Olney Transit Center,Street to Mezzanine,No access to/from station,<ul><li>No access to/from station</li></ul>,https://www5.septa.org/about/accessibility/alternative-transportation/bsl-alternate/,2026-02-04 08:14:54,2026-02-04T131454UTC
Broad Street Subway / Broad Ridge Spur,Walnut-Locust,Southbound,No access to/from southbound platform,<ul><li>No access to/from southbound platform</li></ul>,https://www5.septa.org/about/accessibility/alternative-transportation/bsl-alternate/,2026-02-04 08:14:54,2026-02-04T131454UTC
Broad Street Subway / Broad Ridge Spur,8th-Market,Street Level,No access to/from station,<ul><li>No access to/from station</li></ul>,https://www5.septa.org/about/accessibility/alternative-transportation/bsl-alternate/,2026-02-04 08:14:54,2026-02-04T131454UTC
Market Frankford Line,York-Dauphin,Westbound ,No access to/from station,<ul><li>No access to/from station</li></ul>,https://www5.septa.org/about/accessibility/alternative-transportation/mfl-alternate/,2026-02-04 08:14:54,2026-02-04T131454UTC
Market Frankford Line,2nd St,Eastbound,No access to/from eastbound platform,<ul><li>No access to/from eastbound platform</li></ul>,https://www5.septa.org/about/accessibility/alternative-transportation/mfl-alternate/,2026-02-04 08:14:54,2026-02-04T131454UTC
Market Frankford Line,8th-Market,Westbound,No access to/from station,<ul><li>No access to/from station</li></ul>,https://www5.septa.org/about/accessibility/alternative-transportation/mfl-alternate/,2026-02-04 08:14:54,2026-02-04T131454UTC
Market Frankford Line,63rd St,Eastbound,No access to/from station,<ul><li>No access to/from station</li></ul>,https://www5.septa.org/about/accessibility/alternative-transportation/mfl-alternate/,2026-02-04 08:14:54,2026-02-04T131454UTC
Regional Rail,Gray 30th Street,"""A"" Platform",No access to/from Tracks 1 and 2,<ul><li>No access to/from Tracks 1 and 2</li></ul>,https://www5.septa.org/about/accessibility/alternative-transportation/regional-rail-alternate/,2026-02-04 08:14:54,2026-02-04T131454UTC
Broad Street Subway / Broad Ridge Spur,North Philadelphia,Southbound,No access to/from southbound platform ,<ul><li>No access to/from southbound platform</li></ul> ,https://www5.septa.org/about/accessibility/alternative-transportation/bsl-alternate/,2026-02-04 08:14:54,2026-02-04T131454UTC
Regional Rail,Wayne Junction,Outbound,No access to/from outbound platform (From Center City),<ul><li>No access to/from outbound platform (From Center City)</li></ul>,https://www5.septa.org/about/accessibility/alternative-transportation/regional-rail-alternate/,2026-02-04 08:14:54,2026-02-04T131454UTC
Regional Rail,Chester Transit Center,Inbound,No access to/from inbound platform (To Center City),<ul><li>No access to/from inbound platform (To Center City)</li></ul>,https://www5.septa.org/about/accessibility/alternative-transportation/regional-rail-alternate/,2026-02-04 08:14:54,2026-02-04T131454UTC
Market Frankford Line,15th St/City Hall,"Dilworth Park - South End (Street to Concourse)
","No access to/from the concourse on the south end
","<ul><li>No access to/from the concourse on the south end</li></ul>
",https://www5.septa.org/about/accessibility/alternative-transportation/mfl-alternate/,2026-02-04 08:14:54,2026-02-04T131454UTC
Market Frankford Line,15th St/City Hall,"Concourse to Eastbound - East End
","No access to/from eastbound platform on the east end
","<ul><li>No access to/from eastbound platform on the east end</li></ul>
",https://www5.septa.org/about/accessibility/alternative-transportation/mfl-alternate/,2026-02-04 08:14:54,2026-02-04T131454UTC
Regional Rail,Lansdale,Lansdale Garage #1,"No access to garage parking floors if both elevators out
","<ul><li>No access to garage parking floors if both elevators out</li></ul>
",https://www5.septa.org/about/accessibility/alternative-transportation/regional-rail-alternate/,2026-02-04 08:14:54,2026-02-04T131454UTC
Broad Street Subway / Broad Ridge Spur,Fern Rock Transit Center,Street Level,No access to/from station,<ul><li>No access to/from station</li></ul>,https://www5.septa.org/about/accessibility/alternative-transportation/bsl-alternate/,2026-02-04 09:48:49,2026-02-04T144849UTC
Broad Street Subway / Broad Ridge Spur,Olney Transit Center,Street to Mezzanine,No access to/from station,<ul><li>No access to/from station</li></ul>,https://www5.septa.org/about/accessibility/alternative-transportation/bsl-alternate/,2026-02-04 09:48:49,2026-02-04T144849UTC
Broad Street Subway / Broad Ridge Spur,Walnut-Locust,Southbound,No access to/from southbound platform,<ul><li>No access to/from southbound platform</li></ul>,https://www5.septa.org/about/accessibility/alternative-transportation/bsl-alternate/,2026-02-04 09:48:49,2026-02-04T144849UTC
Broad Street Subway / Broad Ridge Spur,8th-Market,Street Level,No access to/from station,<ul><li>No access to/from station</li></ul>,https://www5.septa.org/about/accessibility/alternative-transportation/bsl-alternate/,2026-02-04 09:48:49,2026-02-04T144849UTC
Market Frankford Line,Kensington-Allegheny,Westbound,No access to/from station,<ul><li>No access to/from station</li></ul>,https://www5.septa.org/about/accessibility/alternative-transportation/mfl-alternate/,2026-02-04 09:48:49,2026-02-04T144849UTC
Market Frankford Line,York-Dauphin,Westbound ,No access to/from station,<ul><li>No access to/from station</li></ul>,https://www5.septa.org/about/accessibility/alternative-transportation/mfl-alternate/,2026-02-04 09:48:49,2026-02-04T144849UTC
Market Frankford Line,2nd St,Eastbound,No access to/from eastbound platform,<ul><li>No access to/from eastbound platform</li></ul>,https://www5.septa.org/about/accessibility/alternative-transportation/mfl-alternate/,2026-02-04 09:48:49,2026-02-04T144849UTC
Market Frankford Line,8th-Market,Westbound,No access to/from station,<ul><li>No access to/from station</li></ul>,https://www5.septa.org/about/accessibility/alternative-transportation/mfl-alternate/,2026-02-04 09:48:49,2026-02-04T144849UTC
Regional Rail,Gray 30th Street,"""A"" Platform",No access to/from Tracks 1 and 2,<ul><li>No access to/from Tracks 1 and 2</li></ul>,https://www5.septa.org/about/accessibility/alternative-transportation/regional-rail-alternate/,2026-02-04 09:48:49,2026-02-04T144849UTC
Broad Street Subway / Broad Ridge Spur,North Philadelphia,Southbound,No access to/from southbound platform ,<ul><li>No access to/from southbound platform</li></ul> ,https://www5.septa.org/about/accessibility/alternative-transportation/bsl-alternate/,2026-02-04 09:48:49,2026-02-04T144849UTC
Regional Rail,Wayne Junction,Outbound,No access to/from outbound platform (From Center City),<ul><li>No access to/from outbound platform (From Center City)</li></ul>,https://www5.septa.org/about/accessibility/alternative-transportation/regional-rail-alternate/,2026-02-04 09:48:49,2026-02-04T144849UTC
Regional Rail,Chester Transit Center,Inbound,No access to/from inbound platform (To Center City),<ul><li>No access to/from inbound platform (To Center City)</li></ul>,https://www5.septa.org/about/accessibility/alternative-transportation/regional-rail-alternate/,2026-02-04 09:48:49,2026-02-04T144849UTC
Market Frankford Line,15th St/City Hall,"Dilworth Park - South End (Street to Concourse)
","No access to/from the concourse on the south end
","<ul><li>No access to/from the concourse on the south end</li></ul>
",https://www5.septa.org/about/accessibility/alternative-transportation/mfl-alternate/,2026-02-04 09:48:49,2026-02-04T144849UTC
Market Frankford Line,15th St/City Hall,"Concourse to Eastbound - East End
","No access to/from eastbound platform on the east end
","<ul><li>No access to/from eastbound platform on the east end</li></ul>
",https://www5.septa.org/about/accessibility/alternative-transportation/mfl-alternate/,2026-02-04 09:48:49,2026-02-04T144849UTC
Regional Rail,Lansdale,Lansdale Garage #1,"No access to garage parking floors if both elevators out
","<ul><li>No access to garage parking floors if both elevators out</li></ul>
",https://www5.septa.org/about/accessibility/alternative-transportation/regional-rail-alternate/,2026-02-04 09:48:49,2026-02-04T144849UTC
Broad Street Subway / Broad Ridge Spur,Fern Rock Transit Center,Street Level,No access to/from station,<ul><li>No access to/from station</li></ul>,https://www5.septa.org/about/accessibility/alternative-transportation/bsl-alternate/,2026-02-04 11:58:07,2026-02-04T165807UTC
Broad Street Subway / Broad Ridge Spur,Olney Transit Center,Street to Mezzanine,No access to/from station,<ul><li>No access to/from station</li></ul>,https://www5.septa.org/about/accessibility/alternative-transportation/bsl-alternate/,2026-02-04 11:58:07,2026-02-04T165807UTC
Broad Street Subway / Broad Ridge Spur,Walnut-Locust,Southbound,No access to/from southbound platform,<ul><li>No access to/from southbound platform</li></ul>,https://www5.septa.org/about/accessibility/alternative-transportation/bsl-alternate/,2026-02-04 11:58:07,2026-02-04T165807UTC
Broad Street Subway / Broad Ridge Spur,8th-Market,Street Level,No access to/from station,<ul><li>No access to/from station</li></ul>,https://www5.septa.org/about/accessibility/alternative-transportation/bsl-alternate/,2026-02-04 11:58:07,2026-02-04T165807UTC
Market Frankford Line,2nd St,Eastbound,No access to/from eastbound platform,<ul><li>No access to/from eastbound platform</li></ul>,https://www5.septa.org/about/accessibility/alternative-transportation/mfl-alternate/,2026-02-04 11:58:07,2026-02-04T165807UTC
Market Frankford Line,8th-Market,Westbound,No access to/from station,<ul><li>No access to/from station</li></ul>,https://www5.septa.org/about/accessibility/alternative-transportation/mfl-alternate/,2026-02-04 11:58:07,2026-02-04T165807UTC
Regional Rail,Gray 30th Street,"""A"" Platform",No access to/from Tracks 1 and 2,<ul><li>No access to/from Tracks 1 and 2</li></ul>,https://www5.septa.org/about/accessibility/alternative-transportation/regional-rail-alternate/,2026-02-04 11:58:07,2026-02-04T165807UTC
Broad Street Subway / Broad Ridge Spur,North Philadelphia,Southbound,No access to/from southbound platform ,<ul><li>No access to/from southbound platform</li></ul> ,https://www5.septa.org/about/accessibility/alternative-transportation/bsl-alternate/,2026-02-04 11:58:07,2026-02-04T165807UTC
Regional Rail,Wayne Junction,Outbound,No access to/from outbound platform (From Center City),<ul><li>No access to/from outbound platform (From Center City)</li></ul>,https://www5.septa.org/about/accessibility/alternative-transportation/regional-rail-alternate/,2026-02-04 11:58:07,2026-02-04T165807UTC
Regional Rail,Chester Transit Center,Inbound,No access to/from inbound platform (To Center City),<ul><li>No access to/from inbound platform (To Center City)</li></ul>,https://www5.septa.org/about/accessibility/alternative-transportation/regional-rail-alternate/,2026-02-04 11:58:07,2026-02-04T165807UTC
Market Frankford Line,15th St/City Hall,"Dilworth Park - South End (Street to Concourse)
","No access to/from the concourse on the south end
","<ul><li>No access to/from the concourse on the south end</li></ul>
",https://www5.septa.org/about/accessibility/alternative-transportation/mfl-alternate/,2026-02-04 11:58:07,2026-02-04T165807UTC
Regional Rail,Lansdale,Lansdale Garage #1,"No access to garage parking floors if both elevators out
","<ul><li>No access to garage parking floors if both elevators out</li></ul>
",https://www5.septa.org/about/accessibility/alternative-transportation/regional-rail-alternate/,2026-02-04 11:58:07,2026-02-04T165807UTC
Broad Street Subway / Broad Ridge Spur,Fern Rock Transit Center,Street Level,No access to/from station,<ul><li>No access to/from station</li></ul>,https://www5.septa.org/about/accessibility/alternative-transportation/bsl-alternate/,2026-02-04 13:59:27,2026-02-04T185927UTC
Broad Street Subway / Broad Ridge Spur,Olney Transit Center,Street to Mezzanine,No access to/from station,<ul><li>No access to/from station</li></ul>,https://www5.septa.org/about/accessibility/alternative-transportation/bsl-alternate/,2026-02-04 13:59:27,2026-02-04T185927UTC
Broad Street Subway / Broad Ridge Spur,Walnut-Locust,Southbound,No access to/from southbound platform,<ul><li>No access to/from southbound platform</li></ul>,https://www5.septa.org/about/accessibility/alternative-transportation/bsl-alternate/,2026-02-04 13:59:27,2026-02-04T185927UTC
Broad Street Subway / Broad Ridge Spur,8th-Market,Street Level,No access to/from station,<ul><li>No access to/from station</li></ul>,https://www5.septa.org/about/accessibility/alternative-transportation/bsl-alternate/,2026-02-04 13:59:27,2026-02-04T185927UTC
Market Frankford Line,2nd St,Eastbound,No access to/from eastbound platform,<ul><li>No access to/from eastbound platform</li></ul>,https://www5.septa.org/about/accessibility/alternative-transportation/mfl-alternate/,2026-02-04 13:59:27,2026-02-04T185927UTC
Market Frankford Line,8th-Market,Westbound,No access to/from station,<ul><li>No access to/from station</li></ul>,https://www5.septa.org/about/accessibility/alternative-transportation/mfl-alternate/,2026-02-04 13:59:27,2026-02-04T185927UTC
Regional Rail,Gray 30th Street,"""A"" Platform",No access to/from Tracks 1 and 2,<ul><li>No access to/from Tracks 1 and 2</li></ul>,https://www5.septa.org/about/accessibility/alternative-transportation/regional-rail-alternate/,2026-02-04 13:59:27,2026-02-04T185927UTC
Broad Street Subway / Broad Ridge Spur,North Philadelphia,Southbound,No access to/from southbound platform ,<ul><li>No access to/from southbound platform</li></ul> ,https://www5.septa.org/about/accessibility/alternative-transportation/bsl-alternate/,2026-02-04 13:59:27,2026-02-04T185927UTC
Regional Rail,Wayne Junction,Outbound,No access to/from outbound platform (From Center City),<ul><li>No access to/from outbound platform (From Center City)</li></ul>,https://www5.septa.org/about/accessibility/alternative-transportation/regional-rail-alternate/,2026-02-04 13:59:27,2026-02-04T185927UTC
Regional Rail,Chester Transit Center,Inbound,No access to/from inbound platform (To Center City),<ul><li>No access to/from inbound platform (To Center City)</li></ul>,https://www5.septa.org/about/accessibility/alternative-transportation/regional-rail-alternate/,2026-02-04 13:59:27,2026-02-04T185927UTC
Market Frankford Line,15th St/City Hall,"Dilworth Park - South End (Street to Concourse)
","No access to/from the concourse on the south end
","<ul><li>No access to/from the concourse on the south end</li></ul>
",https://www5.septa.org/about/accessibility/alternative-transportation/mfl-alternate/,2026-02-04 13:59:27,2026-02-04T185927UTC
Regional Rail,Lansdale,Lansdale Garage #1,"No access to garage parking floors if both elevators out
","<ul><li>No access to garage parking floors if both elevators out</li></ul>
",https://www5.septa.org/about/accessibility/alternative-transportation/regional-rail-alternate/,2026-02-04 13:59:27,2026-02-04T185927UTC
Broad Street Subway / Broad Ridge Spur,Fern Rock Transit Center,Street Level,No access to/from station,<ul><li>No access to/from station</li></ul>,https://www5.septa.org/about/accessibility/alternative-transportation/bsl-alternate/,2026-02-04 15:42:03,2026-02-04T204203UTC
Broad Street Subway / Broad Ridge Spur,Olney Transit Center,Street to Mezzanine,No access to/from station,<ul><li>No access to/from station</li></ul>,https://www5.septa.org/about/accessibility/alternative-transportation/bsl-alternate/,2026-02-04 15:42:03,2026-02-04T204203UTC
Broad Street Subway / Broad Ridge Spur,Walnut-Locust,Southbound,No access to/from southbound platform,<ul><li>No access to/from southbound platform</li></ul>,https://www5.septa.org/about/accessibility/alternative-transportation/bsl-alternate/,2026-02-04 15:42:03,2026-02-04T204203UTC
Broad Street Subway / Broad Ridge Spur,8th-Market,Street Level,No access to/from station,<ul><li>No access to/from station</li></ul>,https://www5.septa.org/about/accessibility/alternative-transportation/bsl-alternate/,2026-02-04 15:42:03,2026-02-04T204203UTC
Market Frankford Line,2nd St,Eastbound,No access to/from eastbound platform,<ul><li>No access to/from eastbound platform</li></ul>,https://www5.septa.org/about/accessibility/alternative-transportation/mfl-alternate/,2026-02-04 15:42:03,2026-02-04T204203UTC
Market Frankford Line,8th-Market,Westbound,No access to/from station,<ul><li>No access to/from station</li></ul>,https://www5.septa.org/about/accessibility/alternative-transportation/mfl-alternate/,2026-02-04 15:42:03,2026-02-04T204203UTC
Regional Rail,Gray 30th Street,"""A"" Platform",No access to/from Tracks 1 and 2,<ul><li>No access to/from Tracks 1 and 2</li></ul>,https://www5.septa.org/about/accessibility/alternative-transportation/regional-rail-alternate/,2026-02-04 15:42:03,2026-02-04T204203UTC
Broad Street Subway / Broad Ridge Spur,North Philadelphia,Southbound,No access to/from southbound platform ,<ul><li>No access to/from southbound platform</li></ul> ,https://www5.septa.org/about/accessibility/alternative-transportation/bsl-alternate/,2026-02-04 15:42:03,2026-02-04T204203UTC
Regional Rail,Wayne Junction,Outbound,No access to/from outbound platform (From Center City),<ul><li>No access to/from outbound platform (From Center City)</li></ul>,https://www5.septa.org/about/accessibility/alternative-transportation/regional-rail-alternate/,2026-02-04 15:42:03,2026-02-04T204203UTC
Regional Rail,Chester Transit Center,Inbound,No access to/from inbound platform (To Center City),<ul><li>No access to/from inbound platform (To Center City)</li></ul>,https://www5.septa.org/about/accessibility/alternative-transportation/regional-rail-alternate/,2026-02-04 15:42:03,2026-02-04T204203UTC
Market Frankford Line,15th St/City Hall,"Dilworth Park - South End (Street to Concourse)
","No access to/from the concourse on the south end
","<ul><li>No access to/from the concourse on the south end</li></ul>
",https://www5.septa.org/about/accessibility/alternative-transportation/mfl-alternate/,2026-02-04 15:42:03,2026-02-04T204203UTC
Regional Rail,Lansdale,Lansdale Garage #1,"No access to garage parking floors if both elevators out
","<ul><li>No access to garage parking floors if both elevators out</li></ul>
",https://www5.septa.org/about/accessibility/alternative-transportation/regional-rail-alternate/,2026-02-04 15:42:03,2026-02-04T204203UTC
Broad Street Subway / Broad Ridge Spur,Fern Rock Transit Center,Street Level,No access to/from station,<ul><li>No access to/from station</li></ul>,https://www5.septa.org/about/accessibility/alternative-transportation/bsl-alternate/,2026-02-04 17:35:53,2026-02-04T223553UTC
Broad Street Subway / Broad Ridge Spur,Olney Transit Center,Street to Mezzanine,No access to/from station,<ul><li>No access to/from station</li></ul>,https://www5.septa.org/about/accessibility/alternative-transportation/bsl-alternate/,2026-02-04 17:35:53,2026-02-04T223553UTC
Broad Street Subway / Broad Ridge Spur,Walnut-Locust,Southbound,No access to/from southbound platform,<ul><li>No access to/from southbound platform</li></ul>,https://www5.septa.org/about/accessibility/alternative-transportation/bsl-alternate/,2026-02-04 17:35:53,2026-02-04T223553UTC
Broad Street Subway / Broad Ridge Spur,8th-Market,Street Level,No access to/from station,<ul><li>No access to/from station</li></ul>,https://www5.septa.org/about/accessibility/alternative-transportation/bsl-alternate/,2026-02-04 17:35:53,2026-02-04T223553UTC
Market Frankford Line,2nd St,Eastbound,No access to/from eastbound platform,<ul><li>No access to/from eastbound platform</li></ul>,https://www5.septa.org/about/accessibility/alternative-transportation/mfl-alternate/,2026-02-04 17:35:53,2026-02-04T223553UTC
Market Frankford Line,8th-Market,Westbound,No access to/from station,<ul><li>No access to/from station</li></ul>,https://www5.septa.org/about/accessibility/alternative-transportation/mfl-alternate/,2026-02-04 17:35:53,2026-02-04T223553UTC
Regional Rail,Gray 30th Street,"""A"" Platform",No access to/from Tracks 1 and 2,<ul><li>No access to/from Tracks 1 and 2</li></ul>,https://www5.septa.org/about/accessibility/alternative-transportation/regional-rail-alternate/,2026-02-04 17:35:53,2026-02-04T223553UTC
Broad Street Subway / Broad Ridge Spur,North Philadelphia,Southbound,No access to/from southbound platform ,<ul><li>No access to/from southbound platform</li></ul> ,https://www5.septa.org/about/accessibility/alternative-transportation/bsl-alternate/,2026-02-04 17:35:53,2026-02-04T223553UTC
Regional Rail,Wayne Junction,Outbound,No access to/from outbound platform (From Center City),<ul><li>No access to/from outbound platform (From Center City)</li></ul>,https://www5.septa.org/about/accessibility/alternative-transportation/regional-rail-alternate/,2026-02-04 17:35:53,2026-02-04T223553UTC
Regional Rail,Chester Transit Center,Inbound,No access to/from inbound platform (To Center City),<ul><li>No access to/from inbound platform (To Center City)</li></ul>,https://www5.septa.org/about/accessibility/alternative-transportation/regional-rail-alternate/,2026-02-04 17:35:53,2026-02-04T223553UTC
Market Frankford Line,15th St/City Hall,"Dilworth Park - South End (Street to Concourse)
","No access to/from the concourse on the south end
","<ul><li>No access to/from the concourse on the south end</li></ul>
",https://www5.septa.org/about/accessibility/alternative-transportation/mfl-alternate/,2026-02-04 17:35:53,2026-02-04T223553UTC
Regional Rail,Lansdale,Lansdale Garage #1,"No access to garage parking floors if both elevators out
","<ul><li>No access to garage parking floors if both elevators out</li></ul>
",https://www5.septa.org/about/accessibility/alternative-transportation/regional-rail-alternate/,2026-02-04 17:35:53,2026-02-04T223553UTC
Broad Street Subway / Broad Ridge Spur,Fern Rock Transit Center,Street Level,No access to/from station,<ul><li>No access to/from station</li></ul>,https://www5.septa.org/about/accessibility/alternative-transportation/bsl-alternate/,2026-02-04 21:39:49,2026-02-05T023949UTC
Broad Street Subway / Broad Ridge Spur,Olney Transit Center,Street to Mezzanine,No access to/from station,<ul><li>No access to/from station</li></ul>,https://www5.septa.org/about/accessibility/alternative-transportation/bsl-alternate/,2026-02-04 21:39:49,2026-02-05T023949UTC
Broad Street Subway / Broad Ridge Spur,Walnut-Locust,Southbound,No access to/from southbound platform,<ul><li>No access to/from southbound platform</li></ul>,https://www5.septa.org/about/accessibility/alternative-transportation/bsl-alternate/,2026-02-04 21:39:49,2026-02-05T023949UTC
Broad Street Subway / Broad Ridge Spur,8th-Market,Street Level,No access to/from station,<ul><li>No access to/from station</li></ul>,https://www5.septa.org/about/accessibility/alternative-transportation/bsl-alternate/,2026-02-04 21:39:49,2026-02-05T023949UTC
Market Frankford Line,2nd St,Eastbound,No access to/from eastbound platform,<ul><li>No access to/from eastbound platform</li></ul>,https://www5.septa.org/about/accessibility/alternative-transportation/mfl-alternate/,2026-02-04 21:39:49,2026-02-05T023949UTC
Market Frankford Line,8th-Market,Westbound,No access to/from station,<ul><li>No access to/from station</li></ul>,https://www5.septa.org/about/accessibility/alternative-transportation/mfl-alternate/,2026-02-04 21:39:49,2026-02-05T023949UTC
Regional Rail,Gray 30th Street,"""A"" Platform",No access to/from Tracks 1 and 2,<ul><li>No access to/from Tracks 1 and 2</li></ul>,https://www5.septa.org/about/accessibility/alternative-transportation/regional-rail-alternate/,2026-02-04 21:39:49,2026-02-05T023949UTC
Broad Street Subway / Broad Ridge Spur,North Philadelphia,Southbound,No access to/from southbound platform ,<ul><li>No access to/from southbound platform</li></ul> ,https://www5.septa.org/about/accessibility/alternative-transportation/bsl-alternate/,2026-02-04 21:39:49,2026-02-05T023949UTC
Regional Rail,Wayne Junction,Outbound,No access to/from outbound platform (From Center City),<ul><li>No access to/from outbound platform (From Center City)</li></ul>,https://www5.septa.org/about/accessibility/alternative-transportation/regional-rail-alternate/,2026-02-04 21:39:49,2026-02-05T023949UTC
Regional Rail,Chester Transit Center,Inbound,No access to/from inbound platform (To Center City),<ul><li>No access to/from inbound platform (To Center City)</li></ul>,https://www5.septa.org/about/accessibility/alternative-transportation/regional-rail-alternate/,2026-02-04 21:39:49,2026-02-05T023949UTC
Market Frankford Line,15th St/City Hall,"Dilworth Park - South End (Street to Concourse)
","No access to/from the concourse on the south end
","<ul><li>No access to/from the concourse on the south end</li></ul>
",https://www5.septa.org/about/accessibility/alternative-transportation/mfl-alternate/,2026-02-04 21:39:49,2026-02-05T023949UTC
Regional Rail,Lansdale,Lansdale Garage #1,"No access to garage parking floors if both elevators out
","<ul><li>No access to garage parking floors if both elevators out</li></ul>
",https://www5.septa.org/about/accessibility/alternative-transportation/regional-rail-alternate/,2026-02-04 21:39:49,2026-02-05T023949UTC
Broad Street Subway / Broad Ridge Spur,Fern Rock Transit Center,Street Level,No access to/from station,<ul><li>No access to/from station</li></ul>,https://www5.septa.org/about/accessibility/alternative-transportation/bsl-alternate/,2026-02-05 00:19:19,2026-02-05T051919UTC
Broad Street Subway / Broad Ridge Spur,Olney Transit Center,Street to Mezzanine,No access to/from station,<ul><li>No access to/from station</li></ul>,https://www5.septa.org/about/accessibility/alternative-transportation/bsl-alternate/,2026-02-05 00:19:19,2026-02-05T051919UTC
Broad Street Subway / Broad Ridge Spur,Walnut-Locust,Southbound,No access to/from southbound platform,<ul><li>No access to/from southbound platform</li></ul>,https://www5.septa.org/about/accessibility/alternative-transportation/bsl-alternate/,2026-02-05 00:19:19,2026-02-05T051919UTC
Broad Street Subway / Broad Ridge Spur,8th-Market,Street Level,No access to/from station,<ul><li>No access to/from station</li></ul>,https://www5.septa.org/about/accessibility/alternative-transportation/bsl-alternate/,2026-02-05 00:19:19,2026-02-05T051919UTC
Market Frankford Line,2nd St,Eastbound,No access to/from eastbound platform,<ul><li>No access to/from eastbound platform</li></ul>,https://www5.septa.org/about/accessibility/alternative-transportation/mfl-alternate/,2026-02-05 00:19:19,2026-02-05T051919UTC
Market Frankford Line,8th-Market,Westbound,No access to/from station,<ul><li>No access to/from station</li></ul>,https://www5.septa.org/about/accessibility/alternative-transportation/mfl-alternate/,2026-02-05 00:19:19,2026-02-05T051919UTC
Regional Rail,Gray 30th Street,"""A"" Platform",No access to/from Tracks 1 and 2,<ul><li>No access to/from Tracks 1 and 2</li></ul>,https://www5.septa.org/about/accessibility/alternative-transportation/regional-rail-alternate/,2026-02-05 00:19:19,2026-02-05T051919UTC
Broad Street Subway / Broad Ridge Spur,North Philadelphia,Southbound,No access to/from southbound platform ,<ul><li>No access to/from southbound platform</li></ul> ,https://www5.septa.org/about/accessibility/alternative-transportation/bsl-alternate/,2026-02-05 00:19:19,2026-02-05T051919UTC
Regional Rail,Wayne Junction,Outbound,No access to/from outbound platform (From Center City),<ul><li>No access to/from outbound platform (From Center City)</li></ul>,https://www5.septa.org/about/accessibility/alternative-transportation/regional-rail-alternate/,2026-02-05 00:19:19,2026-02-05T051919UTC
Regional Rail,Chester Transit Center,Inbound,No access to/from inbound platform (To Center City),<ul><li>No access to/from inbound platform (To Center City)</li></ul>,https://www5.septa.org/about/accessibility/alternative-transportation/regional-rail-alternate/,2026-02-05 00:19:19,2026-02-05T051919UTC
Market Frankford Line,15th St/City Hall,"Dilworth Park - South End (Street to Concourse)
","No access to/from the concourse on the south end
","<ul><li>No access to/from the concourse on the south end</li></ul>
",https://www5.septa.org/about/accessibility/alternative-transportation/mfl-alternate/,2026-02-05 00:19:19,2026-02-05T051919UTC
Regional Rail,Lansdale,Lansdale Garage #1,"No access to garage parking floors if both elevators out
","<ul><li>No access to garage parking floors if both elevators out</li></ul>
",https://www5.septa.org/about/accessibility/alternative-transportation/regional-rail-alternate/,2026-02-05 00:19:19,2026-02-05T051919UTC
Broad Street Subway / Broad Ridge Spur,Fern Rock Transit Center,Street Level,No access to/from station,<ul><li>No access to/from station</li></ul>,https://www5.septa.org/about/accessibility/alternative-transportation/bsl-alternate/,2026-02-05 02:08:10,2026-02-05T070810UTC
Broad Street Subway / Broad Ridge Spur,Olney Transit Center,Street to Mezzanine,No access to/from station,<ul><li>No access to/from station</li></ul>,https://www5.septa.org/about/accessibility/alternative-transportation/bsl-alternate/,2026-02-05 02:08:10,2026-02-05T070810UTC
Broad Street Subway / Broad Ridge Spur,Walnut-Locust,Southbound,No access to/from southbound platform,<ul><li>No access to/from southbound platform</li></ul>,https://www5.septa.org/about/accessibility/alternative-transportation/bsl-alternate/,2026-02-05 02:08:10,2026-02-05T070810UTC
Broad Street Subway / Broad Ridge Spur,8th-Market,Street Level,No access to/from station,<ul><li>No access to/from station</li></ul>,https://www5.septa.org/about/accessibility/alternative-transportation/bsl-alternate/,2026-02-05 02:08:10,2026-02-05T070810UTC
Market Frankford Line,2nd St,Eastbound,No access to/from eastbound platform,<ul><li>No access to/from eastbound platform</li></ul>,https://www5.septa.org/about/accessibility/alternative-transportation/mfl-alternate/,2026-02-05 02:08:10,2026-02-05T070810UTC
Market Frankford Line,8th-Market,Westbound,No access to/from station,<ul><li>No access to/from station</li></ul>,https://www5.septa.org/about/accessibility/alternative-transportation/mfl-alternate/,2026-02-05 02:08:10,2026-02-05T070810UTC
Regional Rail,Gray 30th Street,"""A"" Platform",No access to/from Tracks 1 and 2,<ul><li>No access to/from Tracks 1 and 2</li></ul>,https://www5.septa.org/about/accessibility/alternative-transportation/regional-rail-alternate/,2026-02-05 02:08:10,2026-02-05T070810UTC
Broad Street Subway / Broad Ridge Spur,North Philadelphia,Southbound,No access to/from southbound platform ,<ul><li>No access to/from southbound platform</li></ul> ,https://www5.septa.org/about/accessibility/alternative-transportation/bsl-alternate/,2026-02-05 02:08:10,2026-02-05T070810UTC
Regional Rail,Wayne Junction,Outbound,No access to/from outbound platform (From Center City),<ul><li>No access to/from outbound platform (From Center City)</li></ul>,https://www5.septa.org/about/accessibility/alternative-transportation/regional-rail-alternate/,2026-02-05 02:08:10,2026-02-05T070810UTC
Regional Rail,Chester Transit Center,Inbound,No access to/from inbound platform (To Center City),<ul><li>No access to/from inbound platform (To Center City)</li></ul>,https://www5.septa.org/about/accessibility/alternative-transportation/regional-rail-alternate/,2026-02-05 02:08:10,2026-02-05T070810UTC
Market Frankford Line,15th St/City Hall,"Dilworth Park - South End (Street to Concourse)
","No access to/from the concourse on the south end
","<ul><li>No access to/from the concourse on the south end</li></ul>
",https://www5.septa.org/about/accessibility/alternative-transportation/mfl-alternate/,2026-02-05 02:08:10,2026-02-05T070810UTC
Regional Rail,Lansdale,Lansdale Garage #1,"No access to garage parking floors if both elevators out
","<ul><li>No access to garage parking floors if both elevators out</li></ul>
",https://www5.septa.org/about/accessibility/alternative-transportation/regional-rail-alternate/,2026-02-05 02:08:10,2026-02-05T070810UTC
Broad Street Subway / Broad Ridge Spur,Fern Rock Transit Center,Street Level,No access to/from station,<ul><li>No access to/from station</li></ul>,https://www5.septa.org/about/accessibility/alternative-transportation/bsl-alternate/,2026-02-05 03:54:00,2026-02-05T085400UTC
Broad Street Subway / Broad Ridge Spur,Olney Transit Center,Street to Mezzanine,No access to/from station,<ul><li>No access to/from station</li></ul>,https://www5.septa.org/about/accessibility/alternative-transportation/bsl-alternate/,2026-02-05 03:54:00,2026-02-05T085400UTC
Broad Street Subway / Broad Ridge Spur,Walnut-Locust,Southbound,No access to/from southbound platform,<ul><li>No access to/from southbound platform</li></ul>,https://www5.septa.org/about/accessibility/alternative-transportation/bsl-alternate/,2026-02-05 03:54:00,2026-02-05T085400UTC
Broad Street Subway / Broad Ridge Spur,8th-Market,Street Level,No access to/from station,<ul><li>No access to/from station</li></ul>,https://www5.septa.org/about/accessibility/alternative-transportation/bsl-alternate/,2026-02-05 03:54:00,2026-02-05T085400UTC
Market Frankford Line,2nd St,Eastbound,No access to/from eastbound platform,<ul><li>No access to/from eastbound platform</li></ul>,https://www5.septa.org/about/accessibility/alternative-transportation/mfl-alternate/,2026-02-05 03:54:00,2026-02-05T085400UTC
Market Frankford Line,8th-Market,Westbound,No access to/from station,<ul><li>No access to/from station</li></ul>,https://www5.septa.org/about/accessibility/alternative-transportation/mfl-alternate/,2026-02-05 03:54:00,2026-02-05T085400UTC
Regional Rail,Gray 30th Street,"""A"" Platform",No access to/from Tracks 1 and 2,<ul><li>No access to/from Tracks 1 and 2</li></ul>,https://www5.septa.org/about/accessibility/alternative-transportation/regional-rail-alternate/,2026-02-05 03:54:00,2026-02-05T085400UTC
Broad Street Subway / Broad Ridge Spur,North Philadelphia,Southbound,No access to/from southbound platform ,<ul><li>No access to/from southbound platform</li></ul> ,https://www5.septa.org/about/accessibility/alternative-transportation/bsl-alternate/,2026-02-05 03:54:00,2026-02-05T085400UTC
Regional Rail,Wayne Junction,Outbound,No access to/from outbound platform (From Center City),<ul><li>No access to/from outbound platform (From Center City)</li></ul>,https://www5.septa.org/about/accessibility/alternative-transportation/regional-rail-alternate/,2026-02-05 03:54:00,2026-02-05T085400UTC
Regional Rail,Chester Transit Center,Inbound,No access to/from inbound platform (To Center City),<ul><li>No access to/from inbound platform (To Center City)</li></ul>,https://www5.septa.org/about/accessibility/alternative-transportation/regional-rail-alternate/,2026-02-05 03:54:00,2026-02-05T085400UTC
Market Frankford Line,15th St/City Hall,"Dilworth Park - South End (Street to Concourse)
","No access to/from the concourse on the south end
","<ul><li>No access to/from the concourse on the south end</li></ul>
",https://www5.septa.org/about/accessibility/alternative-transportation/mfl-alternate/,2026-02-05 03:54:00,2026-02-05T085400UTC
Regional Rail,Lansdale,Lansdale Garage #1,"No access to garage parking floors if both elevators out
","<ul><li>No access to garage parking floors if both elevators out</li></ul>
",https://www5.septa.org/about/accessibility/alternative-transportation/regional-rail-alternate/,2026-02-05 03:54:00,2026-02-05T085400UTC
Broad Street Subway / Broad Ridge Spur,Fern Rock Transit Center,Street Level,No access to/from station,<ul><li>No access to/from station</li></ul>,https://www5.septa.org/about/accessibility/alternative-transportation/bsl-alternate/,2026-02-05 05:50:48,2026-02-05T105048UTC
Broad Street Subway / Broad Ridge Spur,Olney Transit Center,Street to Mezzanine,No access to/from station,<ul><li>No access to/from station</li></ul>,https://www5.septa.org/about/accessibility/alternative-transportation/bsl-alternate/,2026-02-05 05:50:48,2026-02-05T105048UTC
Broad Street Subway / Broad Ridge Spur,Walnut-Locust,Southbound,No access to/from southbound platform,<ul><li>No access to/from southbound platform</li></ul>,https://www5.septa.org/about/accessibility/alternative-transportation/bsl-alternate/,2026-02-05 05:50:48,2026-02-05T105048UTC
Broad Street Subway / Broad Ridge Spur,8th-Market,Street Level,No access to/from station,<ul><li>No access to/from station</li></ul>,https://www5.septa.org/about/accessibility/alternative-transportation/bsl-alternate/,2026-02-05 05:50:48,2026-02-05T105048UTC
Market Frankford Line,2nd St,Eastbound,No access to/from eastbound platform,<ul><li>No access to/from eastbound platform</li></ul>,https://www5.septa.org/about/accessibility/alternative-transportation/mfl-alternate/,2026-02-05 05:50:48,2026-02-05T105048UTC
Market Frankford Line,8th-Market,Westbound,No access to/from station,<ul><li>No access to/from station</li></ul>,https://www5.septa.org/about/accessibility/alternative-transportation/mfl-alternate/,2026-02-05 05:50:48,2026-02-05T105048UTC
Regional Rail,Gray 30th Street,"""A"" Platform",No access to/from Tracks 1 and 2,<ul><li>No access to/from Tracks 1 and 2</li></ul>,https://www5.septa.org/about/accessibility/alternative-transportation/regional-rail-alternate/,2026-02-05 05:50:48,2026-02-05T105048UTC
Broad Street Subway / Broad Ridge Spur,North Philadelphia,Southbound,No access to/from southbound platform ,<ul><li>No access to/from southbound platform</li></ul> ,https://www5.septa.org/about/accessibility/alternative-transportation/bsl-alternate/,2026-02-05 05:50:48,2026-02-05T105048UTC
Regional Rail,Wayne Junction,Outbound,No access to/from outbound platform (From Center City),<ul><li>No access to/from outbound platform (From Center City)</li></ul>,https://www5.septa.org/about/accessibility/alternative-transportation/regional-rail-alternate/,2026-02-05 05:50:48,2026-02-05T105048UTC
Regional Rail,Chester Transit Center,Inbound,No access to/from inbound platform (To Center City),<ul><li>No access to/from inbound platform (To Center City)</li></ul>,https://www5.septa.org/about/accessibility/alternative-transportation/regional-rail-alternate/,2026-02-05 05:50:48,2026-02-05T105048UTC
Market Frankford Line,15th St/City Hall,"Dilworth Park - South End (Street to Concourse)
","No access to/from the concourse on the south end
","<ul><li>No access to/from the concourse on the south end</li></ul>
",https://www5.septa.org/about/accessibility/alternative-transportation/mfl-alternate/,2026-02-05 05:50:48,2026-02-05T105048UTC
Regional Rail,Lansdale,Lansdale Garage #1,"No access to garage parking floors if both elevators out
","<ul><li>No access to garage parking floors if both elevators out</li></ul>
",https://www5.septa.org/about/accessibility/alternative-transportation/regional-rail-alternate/,2026-02-05 05:50:48,2026-02-05T105048UTC
Broad Street Subway / Broad Ridge Spur,Fern Rock Transit Center,Street Level,No access to/from station,<ul><li>No access to/from station</li></ul>,https://www5.septa.org/about/accessibility/alternative-transportation/bsl-alternate/,2026-02-05 08:17:04,2026-02-05T131704UTC
Broad Street Subway / Broad Ridge Spur,Olney Transit Center,Street to Mezzanine,No access to/from station,<ul><li>No access to/from station</li></ul>,https://www5.septa.org/about/accessibility/alternative-transportation/bsl-alternate/,2026-02-05 08:17:04,2026-02-05T131704UTC
Broad Street Subway / Broad Ridge Spur,Walnut-Locust,Southbound,No access to/from southbound platform,<ul><li>No access to/from southbound platform</li></ul>,https://www5.septa.org/about/accessibility/alternative-transportation/bsl-alternate/,2026-02-05 08:17:04,2026-02-05T131704UTC
Broad Street Subway / Broad Ridge Spur,8th-Market,Street Level,No access to/from station,<ul><li>No access to/from station</li></ul>,https://www5.septa.org/about/accessibility/alternative-transportation/bsl-alternate/,2026-02-05 08:17:04,2026-02-05T131704UTC
Market Frankford Line,2nd St,Eastbound,No access to/from eastbound platform,<ul><li>No access to/from eastbound platform</li></ul>,https://www5.septa.org/about/accessibility/alternative-transportation/mfl-alternate/,2026-02-05 08:17:04,2026-02-05T131704UTC
Market Frankford Line,8th-Market,Westbound,No access to/from station,<ul><li>No access to/from station</li></ul>,https://www5.septa.org/about/accessibility/alternative-transportation/mfl-alternate/,2026-02-05 08:17:04,2026-02-05T131704UTC
Regional Rail,Gray 30th Street,"""A"" Platform",No access to/from Tracks 1 and 2,<ul><li>No access to/from Tracks 1 and 2</li></ul>,https://www5.septa.org/about/accessibility/alternative-transportation/regional-rail-alternate/,2026-02-05 08:17:04,2026-02-05T131704UTC
Broad Street Subway / Broad Ridge Spur,North Philadelphia,Southbound,No access to/from southbound platform ,<ul><li>No access to/from southbound platform</li></ul> ,https://www5.septa.org/about/accessibility/alternative-transportation/bsl-alternate/,2026-02-05 08:17:04,2026-02-05T131704UTC
Regional Rail,Wayne Junction,Outbound,No access to/from outbound platform (From Center City),<ul><li>No access to/from outbound platform (From Center City)</li></ul>,https://www5.septa.org/about/accessibility/alternative-transportation/regional-rail-alternate/,2026-02-05 08:17:04,2026-02-05T131704UTC
Regional Rail,Chester Transit Center,Inbound,No access to/from inbound platform (To Center City),<ul><li>No access to/from inbound platform (To Center City)</li></ul>,https://www5.septa.org/about/accessibility/alternative-transportation/regional-rail-alternate/,2026-02-05 08:17:04,2026-02-05T131704UTC
Market Frankford Line,15th St/City Hall,"Dilworth Park - South End (Street to Concourse)
","No access to/from the concourse on the south end
","<ul><li>No access to/from the concourse on the south end</li></ul>
",https://www5.septa.org/about/accessibility/alternative-transportation/mfl-alternate/,2026-02-05 08:17:04,2026-02-05T131704UTC
Regional Rail,Lansdale,Lansdale Garage #1,"No access to garage parking floors if both elevators out
","<ul><li>No access to garage parking floors if both elevators out</li></ul>
",https://www5.septa.org/about/accessibility/alternative-transportation/regional-rail-alternate/,2026-02-05 08:17:04,2026-02-05T131704UTC
Broad Street Subway / Broad Ridge Spur,Fern Rock Transit Center,Street Level,No access to/from station,<ul><li>No access to/from station</li></ul>,https://www5.septa.org/about/accessibility/alternative-transportation/bsl-alternate/,2026-02-05 09:51:23,2026-02-05T145123UTC
Broad Street Subway / Broad Ridge Spur,Olney Transit Center,Street to Mezzanine,No access to/from station,<ul><li>No access to/from station</li></ul>,https://www5.septa.org/about/accessibility/alternative-transportation/bsl-alternate/,2026-02-05 09:51:23,2026-02-05T145123UTC
Broad Street Subway / Broad Ridge Spur,Walnut-Locust,Southbound,No access to/from southbound platform,<ul><li>No access to/from southbound platform</li></ul>,https://www5.septa.org/about/accessibility/alternative-transportation/bsl-alternate/,2026-02-05 09:51:23,2026-02-05T145123UTC
Broad Street Subway / Broad Ridge Spur,8th-Market,Street Level,No access to/from station,<ul><li>No access to/from station</li></ul>,https://www5.septa.org/about/accessibility/alternative-transportation/bsl-alternate/,2026-02-05 09:51:23,2026-02-05T145123UTC
Market Frankford Line,2nd St,Eastbound,No access to/from eastbound platform,<ul><li>No access to/from eastbound platform</li></ul>,https://www5.septa.org/about/accessibility/alternative-transportation/mfl-alternate/,2026-02-05 09:51:23,2026-02-05T145123UTC
Market Frankford Line,8th-Market,Westbound,No access to/from station,<ul><li>No access to/from station</li></ul>,https://www5.septa.org/about/accessibility/alternative-transportation/mfl-alternate/,2026-02-05 09:51:23,2026-02-05T145123UTC
Regional Rail,Gray 30th Street,"""A"" Platform",No access to/from Tracks 1 and 2,<ul><li>No access to/from Tracks 1 and 2</li></ul>,https://www5.septa.org/about/accessibility/alternative-transportation/regional-rail-alternate/,2026-02-05 09:51:23,2026-02-05T145123UTC
Broad Street Subway / Broad Ridge Spur,North Philadelphia,Southbound,No access to/from southbound platform ,<ul><li>No access to/from southbound platform</li></ul> ,https://www5.septa.org/about/accessibility/alternative-transportation/bsl-alternate/,2026-02-05 09:51:23,2026-02-05T145123UTC
Regional Rail,Wayne Junction,Outbound,No access to/from outbound platform (From Center City),<ul><li>No access to/from outbound platform (From Center City)</li></ul>,https://www5.septa.org/about/accessibility/alternative-transportation/regional-rail-alternate/,2026-02-05 09:51:23,2026-02-05T145123UTC
Regional Rail,Chester Transit Center,Inbound,No access to/from inbound platform (To Center City),<ul><li>No access to/from inbound platform (To Center City)</li></ul>,https://www5.septa.org/about/accessibility/alternative-transportation/regional-rail-alternate/,2026-02-05 09:51:23,2026-02-05T145123UTC
Market Frankford Line,15th St/City Hall,"Dilworth Park - South End (Street to Concourse)
","No access to/from the concourse on the south end
","<ul><li>No access to/from the concourse on the south end</li></ul>
",https://www5.septa.org/about/accessibility/alternative-transportation/mfl-alternate/,2026-02-05 09:51:23,2026-02-05T145123UTC
Regional Rail,Lansdale,Lansdale Garage #1,"No access to garage parking floors if both elevators out
","<ul><li>No access to garage parking floors if both elevators out</li></ul>
",https://www5.septa.org/about/accessibility/alternative-transportation/regional-rail-alternate/,2026-02-05 09:51:23,2026-02-05T145123UTC
Broad Street Subway / Broad Ridge Spur,Fern Rock Transit Center,Street Level,No access to/from station,<ul><li>No access to/from station</li></ul>,https://www5.septa.org/about/accessibility/alternative-transportation/bsl-alternate/,2026-02-05 11:58:09,2026-02-05T165809UTC
Broad Street Subway / Broad Ridge Spur,Olney Transit Center,Street to Mezzanine,No access to/from station,<ul><li>No access to/from station</li></ul>,https://www5.septa.org/about/accessibility/alternative-transportation/bsl-alternate/,2026-02-05 11:58:09,2026-02-05T165809UTC
Broad Street Subway / Broad Ridge Spur,Walnut-Locust,Southbound,No access to/from southbound platform,<ul><li>No access to/from southbound platform</li></ul>,https://www5.septa.org/about/accessibility/alternative-transportation/bsl-alternate/,2026-02-05 11:58:09,2026-02-05T165809UTC
Broad Street Subway / Broad Ridge Spur,8th-Market,Street Level,No access to/from station,<ul><li>No access to/from station</li></ul>,https://www5.septa.org/about/accessibility/alternative-transportation/bsl-alternate/,2026-02-05 11:58:09,2026-02-05T165809UTC
Market Frankford Line,York-Dauphin,Westbound ,No access to/from station,<ul><li>No access to/from station</li></ul>,https://www5.septa.org/about/accessibility/alternative-transportation/mfl-alternate/,2026-02-05 11:58:09,2026-02-05T165809UTC
Market Frankford Line,2nd St,Eastbound,No access to/from eastbound platform,<ul><li>No access to/from eastbound platform</li></ul>,https://www5.septa.org/about/accessibility/alternative-transportation/mfl-alternate/,2026-02-05 11:58:09,2026-02-05T165809UTC
Market Frankford Line,8th-Market,Westbound,No access to/from station,<ul><li>No access to/from station</li></ul>,https://www5.septa.org/about/accessibility/alternative-transportation/mfl-alternate/,2026-02-05 11:58:09,2026-02-05T165809UTC
Regional Rail,Gray 30th Street,"""A"" Platform",No access to/from Tracks 1 and 2,<ul><li>No access to/from Tracks 1 and 2</li></ul>,https://www5.septa.org/about/accessibility/alternative-transportation/regional-rail-alternate/,2026-02-05 11:58:09,2026-02-05T165809UTC
Broad Street Subway / Broad Ridge Spur,North Philadelphia,Southbound,No access to/from southbound platform ,<ul><li>No access to/from southbound platform</li></ul> ,https://www5.septa.org/about/accessibility/alternative-transportation/bsl-alternate/,2026-02-05 11:58:09,2026-02-05T165809UTC
Regional Rail,Wayne Junction,Outbound,No access to/from outbound platform (From Center City),<ul><li>No access to/from outbound platform (From Center City)</li></ul>,https://www5.septa.org/about/accessibility/alternative-transportation/regional-rail-alternate/,2026-02-05 11:58:09,2026-02-05T165809UTC
Regional Rail,Chester Transit Center,Inbound,No access to/from inbound platform (To Center City),<ul><li>No access to/from inbound platform (To Center City)</li></ul>,https://www5.septa.org/about/accessibility/alternative-transportation/regional-rail-alternate/,2026-02-05 11:58:09,2026-02-05T165809UTC
Market Frankford Line,15th St/City Hall,"Dilworth Park - South End (Street to Concourse)
","No access to/from the concourse on the south end
","<ul><li>No access to/from the concourse on the south end</li></ul>
",https://www5.septa.org/about/accessibility/alternative-transportation/mfl-alternate/,2026-02-05 11:58:09,2026-02-05T165809UTC
Regional Rail,Lansdale,Lansdale Garage #1,"No access to garage parking floors if both elevators out
","<ul><li>No access to garage parking floors if both elevators out</li></ul>
",https://www5.septa.org/about/accessibility/alternative-transportation/regional-rail-alternate/,2026-02-05 11:58:09,2026-02-05T165809UTC
Broad Street Subway / Broad Ridge Spur,Fern Rock Transit Center,Street Level,No access to/from station,<ul><li>No access to/from station</li></ul>,https://www5.septa.org/about/accessibility/alternative-transportation/bsl-alternate/,2026-02-05 13:58:40,2026-02-05T185841UTC
Broad Street Subway / Broad Ridge Spur,Olney Transit Center,Street to Mezzanine,No access to/from station,<ul><li>No access to/from station</li></ul>,https://www5.septa.org/about/accessibility/alternative-transportation/bsl-alternate/,2026-02-05 13:58:40,2026-02-05T185841UTC
Broad Street Subway / Broad Ridge Spur,Walnut-Locust,Southbound,No access to/from southbound platform,<ul><li>No access to/from southbound platform</li></ul>,https://www5.septa.org/about/accessibility/alternative-transportation/bsl-alternate/,2026-02-05 13:58:40,2026-02-05T185841UTC
Broad Street Subway / Broad Ridge Spur,8th-Market,Street Level,No access to/from station,<ul><li>No access to/from station</li></ul>,https://www5.septa.org/about/accessibility/alternative-transportation/bsl-alternate/,2026-02-05 13:58:40,2026-02-05T185841UTC
Market Frankford Line,York-Dauphin,Westbound ,No access to/from station,<ul><li>No access to/from station</li></ul>,https://www5.septa.org/about/accessibility/alternative-transportation/mfl-alternate/,2026-02-05 13:58:40,2026-02-05T185841UTC
Market Frankford Line,2nd St,Eastbound,No access to/from eastbound platform,<ul><li>No access to/from eastbound platform</li></ul>,https://www5.septa.org/about/accessibility/alternative-transportation/mfl-alternate/,2026-02-05 13:58:40,2026-02-05T185841UTC
Market Frankford Line,8th-Market,Westbound,No access to/from station,<ul><li>No access to/from station</li></ul>,https://www5.septa.org/about/accessibility/alternative-transportation/mfl-alternate/,2026-02-05 13:58:40,2026-02-05T185841UTC
Regional Rail,Gray 30th Street,"""A"" Platform",No access to/from Tracks 1 and 2,<ul><li>No access to/from Tracks 1 and 2</li></ul>,https://www5.septa.org/about/accessibility/alternative-transportation/regional-rail-alternate/,2026-02-05 13:58:40,2026-02-05T185841UTC
Broad Street Subway / Broad Ridge Spur,North Philadelphia,Southbound,No access to/from southbound platform ,<ul><li>No access to/from southbound platform</li></ul> ,https://www5.septa.org/about/accessibility/alternative-transportation/bsl-alternate/,2026-02-05 13:58:40,2026-02-05T185841UTC
Regional Rail,Wayne Junction,Outbound,No access to/from outbound platform (From Center City),<ul><li>No access to/from outbound platform (From Center City)</li></ul>,https://www5.septa.org/about/accessibility/alternative-transportation/regional-rail-alternate/,2026-02-05 13:58:40,2026-02-05T185841UTC
Regional Rail,Chester Transit Center,Inbound,No access to/from inbound platform (To Center City),<ul><li>No access to/from inbound platform (To Center City)</li></ul>,https://www5.septa.org/about/accessibility/alternative-transportation/regional-rail-alternate/,2026-02-05 13:58:40,2026-02-05T185841UTC
Market Frankford Line,15th St/City Hall,"Dilworth Park - South End (Street to Concourse)
","No access to/from the concourse on the south end
","<ul><li>No access to/from the concourse on the south end</li></ul>
",https://www5.septa.org/about/accessibility/alternative-transportation/mfl-alternate/,2026-02-05 13:58:40,2026-02-05T185841UTC
Regional Rail,Lansdale,Lansdale Garage #1,"No access to garage parking floors if both elevators out
","<ul><li>No access to garage parking floors if both elevators out</li></ul>
",https://www5.septa.org/about/accessibility/alternative-transportation/regional-rail-alternate/,2026-02-05 13:58:40,2026-02-05T185841UTC
Broad Street Subway / Broad Ridge Spur,Fern Rock Transit Center,Street Level,No access to/from station,<ul><li>No access to/from station</li></ul>,https://www5.septa.org/about/accessibility/alternative-transportation/bsl-alternate/,2026-02-05 15:41:22,2026-02-05T204122UTC
Broad Street Subway / Broad Ridge Spur,Olney Transit Center,Street to Mezzanine,No access to/from station,<ul><li>No access to/from station</li></ul>,https://www5.septa.org/about/accessibility/alternative-transportation/bsl-alternate/,2026-02-05 15:41:22,2026-02-05T204122UTC
Broad Street Subway / Broad Ridge Spur,Cecil B. Moore,Northbound Platform,No access to/from northbound platform,<ul><li>No access to/from northbound platform</li></ul>,https://www5.septa.org/about/accessibility/alternative-transportation/bsl-alternate/,2026-02-05 15:41:22,2026-02-05T204122UTC
Broad Street Subway / Broad Ridge Spur,Walnut-Locust,Southbound,No access to/from southbound platform,<ul><li>No access to/from southbound platform</li></ul>,https://www5.septa.org/about/accessibility/alternative-transportation/bsl-alternate/,2026-02-05 15:41:22,2026-02-05T204122UTC
Broad Street Subway / Broad Ridge Spur,8th-Market,Street Level,No access to/from station,<ul><li>No access to/from station</li></ul>,https://www5.septa.org/about/accessibility/alternative-transportation/bsl-alternate/,2026-02-05 15:41:22,2026-02-05T204122UTC
Market Frankford Line,Kensington-Allegheny,Westbound,No access to/from station,<ul><li>No access to/from station</li></ul>,https://www5.septa.org/about/accessibility/alternative-transportation/mfl-alternate/,2026-02-05 15:41:22,2026-02-05T204122UTC
Market Frankford Line,Somerset,Westbound ,No access to/from station,<ul><li>No access to/from station</li></ul>,https://www5.septa.org/about/accessibility/alternative-transportation/mfl-alternate/,2026-02-05 15:41:22,2026-02-05T204122UTC
Market Frankford Line,8th-Market,Westbound,No access to/from station,<ul><li>No access to/from station</li></ul>,https://www5.septa.org/about/accessibility/alternative-transportation/mfl-alternate/,2026-02-05 15:41:22,2026-02-05T204122UTC
Regional Rail,Gray 30th Street,"""A"" Platform",No access to/from Tracks 1 and 2,<ul><li>No access to/from Tracks 1 and 2</li></ul>,https://www5.septa.org/about/accessibility/alternative-transportation/regional-rail-alternate/,2026-02-05 15:41:22,2026-02-05T204122UTC
Broad Street Subway / Broad Ridge Spur,North Philadelphia,Southbound,No access to/from southbound platform ,<ul><li>No access to/from southbound platform</li></ul> ,https://www5.septa.org/about/accessibility/alternative-transportation/bsl-alternate/,2026-02-05 15:41:22,2026-02-05T204122UTC
Regional Rail,Wayne Junction,Outbound,No access to/from outbound platform (From Center City),<ul><li>No access to/from outbound platform (From Center City)</li></ul>,https://www5.septa.org/about/accessibility/alternative-transportation/regional-rail-alternate/,2026-02-05 15:41:22,2026-02-05T204122UTC
Regional Rail,Chester Transit Center,Inbound,No access to/from inbound platform (To Center City),<ul><li>No access to/from inbound platform (To Center City)</li></ul>,https://www5.septa.org/about/accessibility/alternative-transportation/regional-rail-alternate/,2026-02-05 15:41:22,2026-02-05T204122UTC
Market Frankford Line,15th St/City Hall,"Dilworth Park - South End (Street to Concourse)
","No access to/from the concourse on the south end
","<ul><li>No access to/from the concourse on the south end</li></ul>
",https://www5.septa.org/about/accessibility/alternative-transportation/mfl-alternate/,2026-02-05 15:41:22,2026-02-05T204122UTC
Regional Rail,Lansdale,Lansdale Garage #1,"No access to garage parking floors if both elevators out
","<ul><li>No access to garage parking floors if both elevators out</li></ul>
",https://www5.septa.org/about/accessibility/alternative-transportation/regional-rail-alternate/,2026-02-05 15:41:22,2026-02-05T204122UTC
Broad Street Subway / Broad Ridge Spur,Fern Rock Transit Center,Street Level,No access to/from station,<ul><li>No access to/from station</li></ul>,https://www5.septa.org/about/accessibility/alternative-transportation/bsl-alternate/,2026-02-05 17:34:59,2026-02-05T223459UTC
Broad Street Subway / Broad Ridge Spur,Olney Transit Center,Street to Mezzanine,No access to/from station,<ul><li>No access to/from station</li></ul>,https://www5.septa.org/about/accessibility/alternative-transportation/bsl-alternate/,2026-02-05 17:34:59,2026-02-05T223459UTC
Broad Street Subway / Broad Ridge Spur,Cecil B. Moore,Northbound Platform,No access to/from northbound platform,<ul><li>No access to/from northbound platform</li></ul>,https://www5.septa.org/about/accessibility/alternative-transportation/bsl-alternate/,2026-02-05 17:34:59,2026-02-05T223459UTC
Broad Street Subway / Broad Ridge Spur,Walnut-Locust,Southbound,No access to/from southbound platform,<ul><li>No access to/from southbound platform</li></ul>,https://www5.septa.org/about/accessibility/alternative-transportation/bsl-alternate/,2026-02-05 17:34:59,2026-02-05T223459UTC
Broad Street Subway / Broad Ridge Spur,8th-Market,Street Level,No access to/from station,<ul><li>No access to/from station</li></ul>,https://www5.septa.org/about/accessibility/alternative-transportation/bsl-alternate/,2026-02-05 17:34:59,2026-02-05T223459UTC
Market Frankford Line,Kensington-Allegheny,Westbound,No access to/from station,<ul><li>No access to/from station</li></ul>,https://www5.septa.org/about/accessibility/alternative-transportation/mfl-alternate/,2026-02-05 17:34:59,2026-02-05T223459UTC
Market Frankford Line,Somerset,Westbound ,No access to/from station,<ul><li>No access to/from station</li></ul>,https://www5.septa.org/about/accessibility/alternative-transportation/mfl-alternate/,2026-02-05 17:34:59,2026-02-05T223459UTC
Market Frankford Line,8th-Market,Westbound,No access to/from station,<ul><li>No access to/from station</li></ul>,https://www5.septa.org/about/accessibility/alternative-transportation/mfl-alternate/,2026-02-05 17:34:59,2026-02-05T223459UTC
Regional Rail,Gray 30th Street,"""A"" Platform",No access to/from Tracks 1 and 2,<ul><li>No access to/from Tracks 1 and 2</li></ul>,https://www5.septa.org/about/accessibility/alternative-transportation/regional-rail-alternate/,2026-02-05 17:34:59,2026-02-05T223459UTC
Broad Street Subway / Broad Ridge Spur,North Philadelphia,Southbound,No access to/from southbound platform ,<ul><li>No access to/from southbound platform</li></ul> ,https://www5.septa.org/about/accessibility/alternative-transportation/bsl-alternate/,2026-02-05 17:34:59,2026-02-05T223459UTC
Regional Rail,Wayne Junction,Outbound,No access to/from outbound platform (From Center City),<ul><li>No access to/from outbound platform (From Center City)</li></ul>,https://www5.septa.org/about/accessibility/alternative-transportation/regional-rail-alternate/,2026-02-05 17:34:59,2026-02-05T223459UTC
Regional Rail,Chester Transit Center,Inbound,No access to/from inbound platform (To Center City),<ul><li>No access to/from inbound platform (To Center City)</li></ul>,https://www5.septa.org/about/accessibility/alternative-transportation/regional-rail-alternate/,2026-02-05 17:34:59,2026-02-05T223459UTC
Market Frankford Line,15th St/City Hall,"Dilworth Park - South End (Street to Concourse)
","No access to/from the concourse on the south end
","<ul><li>No access to/from the concourse on the south end</li></ul>
",https://www5.septa.org/about/accessibility/alternative-transportation/mfl-alternate/,2026-02-05 17:34:59,2026-02-05T223459UTC
Regional Rail,Lansdale,Lansdale Garage #1,"No access to garage parking floors if both elevators out
","<ul><li>No access to garage parking floors if both elevators out</li></ul>
",https://www5.septa.org/about/accessibility/alternative-transportation/regional-rail-alternate/,2026-02-05 17:34:59,2026-02-05T223459UTC
Broad Street Subway / Broad Ridge Spur,Fern Rock Transit Center,Street Level,No access to/from station,<ul><li>No access to/from station</li></ul>,https://www5.septa.org/about/accessibility/alternative-transportation/bsl-alternate/,2026-02-05 21:39:57,2026-02-06T023957UTC
Broad Street Subway / Broad Ridge Spur,Olney Transit Center,Street to Mezzanine,No access to/from station,<ul><li>No access to/from station</li></ul>,https://www5.septa.org/about/accessibility/alternative-transportation/bsl-alternate/,2026-02-05 21:39:57,2026-02-06T023957UTC
Broad Street Subway / Broad Ridge Spur,Cecil B. Moore,Northbound Platform,No access to/from northbound platform,<ul><li>No access to/from northbound platform</li></ul>,https://www5.septa.org/about/accessibility/alternative-transportation/bsl-alternate/,2026-02-05 21:39:57,2026-02-06T023957UTC
Broad Street Subway / Broad Ridge Spur,Walnut-Locust,Southbound,No access to/from southbound platform,<ul><li>No access to/from southbound platform</li></ul>,https://www5.septa.org/about/accessibility/alternative-transportation/bsl-alternate/,2026-02-05 21:39:57,2026-02-06T023957UTC
Broad Street Subway / Broad Ridge Spur,8th-Market,Street Level,No access to/from station,<ul><li>No access to/from station</li></ul>,https://www5.septa.org/about/accessibility/alternative-transportation/bsl-alternate/,2026-02-05 21:39:57,2026-02-06T023957UTC
Market Frankford Line,Kensington-Allegheny,Westbound,No access to/from station,<ul><li>No access to/from station</li></ul>,https://www5.septa.org/about/accessibility/alternative-transportation/mfl-alternate/,2026-02-05 21:39:57,2026-02-06T023957UTC
Market Frankford Line,Somerset,Westbound ,No access to/from station,<ul><li>No access to/from station</li></ul>,https://www5.septa.org/about/accessibility/alternative-transportation/mfl-alternate/,2026-02-05 21:39:57,2026-02-06T023957UTC
Market Frankford Line,8th-Market,Westbound,No access to/from station,<ul><li>No access to/from station</li></ul>,https://www5.septa.org/about/accessibility/alternative-transportation/mfl-alternate/,2026-02-05 21:39:57,2026-02-06T023957UTC
Regional Rail,Gray 30th Street,"""A"" Platform",No access to/from Tracks 1 and 2,<ul><li>No access to/from Tracks 1 and 2</li></ul>,https://www5.septa.org/about/accessibility/alternative-transportation/regional-rail-alternate/,2026-02-05 21:39:57,2026-02-06T023957UTC
Broad Street Subway / Broad Ridge Spur,North Philadelphia,Southbound,No access to/from southbound platform ,<ul><li>No access to/from southbound platform</li></ul> ,https://www5.septa.org/about/accessibility/alternative-transportation/bsl-alternate/,2026-02-05 21:39:57,2026-02-06T023957UTC
Regional Rail,Wayne Junction,Outbound,No access to/from outbound platform (From Center City),<ul><li>No access to/from outbound platform (From Center City)</li></ul>,https://www5.septa.org/about/accessibility/alternative-transportation/regional-rail-alternate/,2026-02-05 21:39:57,2026-02-06T023957UTC
Regional Rail,Chester Transit Center,Inbound,No access to/from inbound platform (To Center City),<ul><li>No access to/from inbound platform (To Center City)</li></ul>,https://www5.septa.org/about/accessibility/alternative-transportation/regional-rail-alternate/,2026-02-05 21:39:57,2026-02-06T023957UTC
Market Frankford Line,15th St/City Hall,"Dilworth Park - South End (Street to Concourse)
","No access to/from the concourse on the south end
","<ul><li>No access to/from the concourse on the south end</li></ul>
",https://www5.septa.org/about/accessibility/alternative-transportation/mfl-alternate/,2026-02-05 21:39:57,2026-02-06T023957UTC
Regional Rail,Lansdale,Lansdale Garage #1,"No access to garage parking floors if both elevators out
","<ul><li>No access to garage parking floors if both elevators out</li></ul>
",https://www5.septa.org/about/accessibility/alternative-transportation/regional-rail-alternate/,2026-02-05 21:39:57,2026-02-06T023957UTC
Broad Street Subway / Broad Ridge Spur,Fern Rock Transit Center,Street Level,No access to/from station,<ul><li>No access to/from station</li></ul>,https://www5.septa.org/about/accessibility/alternative-transportation/bsl-alternate/,2026-02-06 00:17:57,2026-02-06T051757UTC
Broad Street Subway / Broad Ridge Spur,Olney Transit Center,Street to Mezzanine,No access to/from station,<ul><li>No access to/from station</li></ul>,https://www5.septa.org/about/accessibility/alternative-transportation/bsl-alternate/,2026-02-06 00:17:57,2026-02-06T051757UTC
Broad Street Subway / Broad Ridge Spur,Cecil B. Moore,Northbound Platform,No access to/from northbound platform,<ul><li>No access to/from northbound platform</li></ul>,https://www5.septa.org/about/accessibility/alternative-transportation/bsl-alternate/,2026-02-06 00:17:57,2026-02-06T051757UTC
Broad Street Subway / Broad Ridge Spur,Walnut-Locust,Southbound,No access to/from southbound platform,<ul><li>No access to/from southbound platform</li></ul>,https://www5.septa.org/about/accessibility/alternative-transportation/bsl-alternate/,2026-02-06 00:17:57,2026-02-06T051757UTC
Broad Street Subway / Broad Ridge Spur,8th-Market,Street Level,No access to/from station,<ul><li>No access to/from station</li></ul>,https://www5.septa.org/about/accessibility/alternative-transportation/bsl-alternate/,2026-02-06 00:17:57,2026-02-06T051757UTC
Market Frankford Line,Kensington-Allegheny,Westbound,No access to/from station,<ul><li>No access to/from station</li></ul>,https://www5.septa.org/about/accessibility/alternative-transportation/mfl-alternate/,2026-02-06 00:17:57,2026-02-06T051757UTC
Market Frankford Line,Somerset,Westbound ,No access to/from station,<ul><li>No access to/from station</li></ul>,https://www5.septa.org/about/accessibility/alternative-transportation/mfl-alternate/,2026-02-06 00:17:57,2026-02-06T051757UTC
Market Frankford Line,8th-Market,Westbound,No access to/from station,<ul><li>No access to/from station</li></ul>,https://www5.septa.org/about/accessibility/alternative-transportation/mfl-alternate/,2026-02-06 00:17:57,2026-02-06T051757UTC
Regional Rail,Gray 30th Street,"""A"" Platform",No access to/from Tracks 1 and 2,<ul><li>No access to/from Tracks 1 and 2</li></ul>,https://www5.septa.org/about/accessibility/alternative-transportation/regional-rail-alternate/,2026-02-06 00:17:57,2026-02-06T051757UTC
Broad Street Subway / Broad Ridge Spur,North Philadelphia,Southbound,No access to/from southbound platform ,<ul><li>No access to/from southbound platform</li></ul> ,https://www5.septa.org/about/accessibility/alternative-transportation/bsl-alternate/,2026-02-06 00:17:57,2026-02-06T051757UTC
Regional Rail,Wayne Junction,Outbound,No access to/from outbound platform (From Center City),<ul><li>No access to/from outbound platform (From Center City)</li></ul>,https://www5.septa.org/about/accessibility/alternative-transportation/regional-rail-alternate/,2026-02-06 00:17:57,2026-02-06T051757UTC
Regional Rail,Chester Transit Center,Inbound,No access to/from inbound platform (To Center City),<ul><li>No access to/from inbound platform (To Center City)</li></ul>,https://www5.septa.org/about/accessibility/alternative-transportation/regional-rail-alternate/,2026-02-06 00:17:57,2026-02-06T051757UTC
Market Frankford Line,15th St/City Hall,"Dilworth Park - South End (Street to Concourse)
","No access to/from the concourse on the south end
","<ul><li>No access to/from the concourse on the south end</li></ul>
",https://www5.septa.org/about/accessibility/alternative-transportation/mfl-alternate/,2026-02-06 00:17:57,2026-02-06T051757UTC
Regional Rail,Lansdale,Lansdale Garage #1,"No access to garage parking floors if both elevators out
","<ul><li>No access to garage parking floors if both elevators out</li></ul>
",https://www5.septa.org/about/accessibility/alternative-transportation/regional-rail-alternate/,2026-02-06 00:17:57,2026-02-06T051757UTC
Broad Street Subway / Broad Ridge Spur,Fern Rock Transit Center,Street Level,No access to/from station,<ul><li>No access to/from station</li></ul>,https://www5.septa.org/about/accessibility/alternative-transportation/bsl-alternate/,2026-02-06 02:02:53,2026-02-06T070253UTC
Broad Street Subway / Broad Ridge Spur,Olney Transit Center,Street to Mezzanine,No access to/from station,<ul><li>No access to/from station</li></ul>,https://www5.septa.org/about/accessibility/alternative-transportation/bsl-alternate/,2026-02-06 02:02:53,2026-02-06T070253UTC
Broad Street Subway / Broad Ridge Spur,Cecil B. Moore,Northbound Platform,No access to/from northbound platform,<ul><li>No access to/from northbound platform</li></ul>,https://www5.septa.org/about/accessibility/alternative-transportation/bsl-alternate/,2026-02-06 02:02:53,2026-02-06T070253UTC
Broad Street Subway / Broad Ridge Spur,Walnut-Locust,Southbound,No access to/from southbound platform,<ul><li>No access to/from southbound platform</li></ul>,https://www5.septa.org/about/accessibility/alternative-transportation/bsl-alternate/,2026-02-06 02:02:53,2026-02-06T070253UTC
Broad Street Subway / Broad Ridge Spur,8th-Market,Street Level,No access to/from station,<ul><li>No access to/from station</li></ul>,https://www5.septa.org/about/accessibility/alternative-transportation/bsl-alternate/,2026-02-06 02:02:53,2026-02-06T070253UTC
Market Frankford Line,Kensington-Allegheny,Westbound,No access to/from station,<ul><li>No access to/from station</li></ul>,https://www5.septa.org/about/accessibility/alternative-transportation/mfl-alternate/,2026-02-06 02:02:53,2026-02-06T070253UTC
Market Frankford Line,Somerset,Westbound ,No access to/from station,<ul><li>No access to/from station</li></ul>,https://www5.septa.org/about/accessibility/alternative-transportation/mfl-alternate/,2026-02-06 02:02:53,2026-02-06T070253UTC
Market Frankford Line,8th-Market,Westbound,No access to/from station,<ul><li>No access to/from station</li></ul>,https://www5.septa.org/about/accessibility/alternative-transportation/mfl-alternate/,2026-02-06 02:02:53,2026-02-06T070253UTC
Regional Rail,Gray 30th Street,"""A"" Platform",No access to/from Tracks 1 and 2,<ul><li>No access to/from Tracks 1 and 2</li></ul>,https://www5.septa.org/about/accessibility/alternative-transportation/regional-rail-alternate/,2026-02-06 02:02:53,2026-02-06T070253UTC
Broad Street Subway / Broad Ridge Spur,North Philadelphia,Southbound,No access to/from southbound platform ,<ul><li>No access to/from southbound platform</li></ul> ,https://www5.septa.org/about/accessibility/alternative-transportation/bsl-alternate/,2026-02-06 02:02:53,2026-02-06T070253UTC
Regional Rail,Wayne Junction,Outbound,No access to/from outbound platform (From Center City),<ul><li>No access to/from outbound platform (From Center City)</li></ul>,https://www5.septa.org/about/accessibility/alternative-transportation/regional-rail-alternate/,2026-02-06 02:02:53,2026-02-06T070253UTC
Regional Rail,Chester Transit Center,Inbound,No access to/from inbound platform (To Center City),<ul><li>No access to/from inbound platform (To Center City)</li></ul>,https://www5.septa.org/about/accessibility/alternative-transportation/regional-rail-alternate/,2026-02-06 02:02:53,2026-02-06T070253UTC
Market Frankford Line,15th St/City Hall,"Dilworth Park - South End (Street to Concourse)
","No access to/from the concourse on the south end
","<ul><li>No access to/from the concourse on the south end</li></ul>
",https://www5.septa.org/about/accessibility/alternative-transportation/mfl-alternate/,2026-02-06 02:02:53,2026-02-06T070253UTC
Regional Rail,Lansdale,Lansdale Garage #1,"No access to garage parking floors if both elevators out
","<ul><li>No access to garage parking floors if both elevators out</li></ul>
",https://www5.septa.org/about/accessibility/alternative-transportation/regional-rail-alternate/,2026-02-06 02:02:53,2026-02-06T070253UTC
Broad Street Subway / Broad Ridge Spur,Fern Rock Transit Center,Street Level,No access to/from station,<ul><li>No access to/from station</li></ul>,https://www5.septa.org/about/accessibility/alternative-transportation/bsl-alternate/,2026-02-06 03:53:31,2026-02-06T085331UTC
Broad Street Subway / Broad Ridge Spur,Olney Transit Center,Street to Mezzanine,No access to/from station,<ul><li>No access to/from station</li></ul>,https://www5.septa.org/about/accessibility/alternative-transportation/bsl-alternate/,2026-02-06 03:53:31,2026-02-06T085331UTC
Broad Street Subway / Broad Ridge Spur,Cecil B. Moore,Northbound Platform,No access to/from northbound platform,<ul><li>No access to/from northbound platform</li></ul>,https://www5.septa.org/about/accessibility/alternative-transportation/bsl-alternate/,2026-02-06 03:53:31,2026-02-06T085331UTC
Broad Street Subway / Broad Ridge Spur,Walnut-Locust,Southbound,No access to/from southbound platform,<ul><li>No access to/from southbound platform</li></ul>,https://www5.septa.org/about/accessibility/alternative-transportation/bsl-alternate/,2026-02-06 03:53:31,2026-02-06T085331UTC
Broad Street Subway / Broad Ridge Spur,8th-Market,Street Level,No access to/from station,<ul><li>No access to/from station</li></ul>,https://www5.septa.org/about/accessibility/alternative-transportation/bsl-alternate/,2026-02-06 03:53:31,2026-02-06T085331UTC
Market Frankford Line,Kensington-Allegheny,Westbound,No access to/from station,<ul><li>No access to/from station</li></ul>,https://www5.septa.org/about/accessibility/alternative-transportation/mfl-alternate/,2026-02-06 03:53:31,2026-02-06T085331UTC
Market Frankford Line,Somerset,Westbound ,No access to/from station,<ul><li>No access to/from station</li></ul>,https://www5.septa.org/about/accessibility/alternative-transportation/mfl-alternate/,2026-02-06 03:53:31,2026-02-06T085331UTC
Market Frankford Line,8th-Market,Westbound,No access to/from station,<ul><li>No access to/from station</li></ul>,https://www5.septa.org/about/accessibility/alternative-transportation/mfl-alternate/,2026-02-06 03:53:31,2026-02-06T085331UTC
Regional Rail,Gray 30th Street,"""A"" Platform",No access to/from Tracks 1 and 2,<ul><li>No access to/from Tracks 1 and 2</li></ul>,https://www5.septa.org/about/accessibility/alternative-transportation/regional-rail-alternate/,2026-02-06 03:53:31,2026-02-06T085331UTC
Broad Street Subway / Broad Ridge Spur,North Philadelphia,Southbound,No access to/from southbound platform ,<ul><li>No access to/from southbound platform</li></ul> ,https://www5.septa.org/about/accessibility/alternative-transportation/bsl-alternate/,2026-02-06 03:53:31,2026-02-06T085331UTC
Regional Rail,Wayne Junction,Outbound,No access to/from outbound platform (From Center City),<ul><li>No access to/from outbound platform (From Center City)</li></ul>,https://www5.septa.org/about/accessibility/alternative-transportation/regional-rail-alternate/,2026-02-06 03:53:31,2026-02-06T085331UTC
Regional Rail,Chester Transit Center,Inbound,No access to/from inbound platform (To Center City),<ul><li>No access to/from inbound platform (To Center City)</li></ul>,https://www5.septa.org/about/accessibility/alternative-transportation/regional-rail-alternate/,2026-02-06 03:53:31,2026-02-06T085331UTC
Market Frankford Line,15th St/City Hall,"Dilworth Park - South End (Street to Concourse)
","No access to/from the concourse on the south end
","<ul><li>No access to/from the concourse on the south end</li></ul>
",https://www5.septa.org/about/accessibility/alternative-transportation/mfl-alternate/,2026-02-06 03:53:31,2026-02-06T085331UTC
Regional Rail,Lansdale,Lansdale Garage #1,"No access to garage parking floors if both elevators out
","<ul><li>No access to garage parking floors if both elevators out</li></ul>
",https://www5.septa.org/about/accessibility/alternative-transportation/regional-rail-alternate/,2026-02-06 03:53:31,2026-02-06T085331UTC
Broad Street Subway / Broad Ridge Spur,Fern Rock Transit Center,Street Level,No access to/from station,<ul><li>No access to/from station</li></ul>,https://www5.septa.org/about/accessibility/alternative-transportation/bsl-alternate/,2026-02-06 05:49:35,2026-02-06T104935UTC
Broad Street Subway / Broad Ridge Spur,Olney Transit Center,Street to Mezzanine,No access to/from station,<ul><li>No access to/from station</li></ul>,https://www5.septa.org/about/accessibility/alternative-transportation/bsl-alternate/,2026-02-06 05:49:35,2026-02-06T104935UTC
Broad Street Subway / Broad Ridge Spur,Cecil B. Moore,Northbound Platform,No access to/from northbound platform,<ul><li>No access to/from northbound platform</li></ul>,https://www5.septa.org/about/accessibility/alternative-transportation/bsl-alternate/,2026-02-06 05:49:35,2026-02-06T104935UTC
Broad Street Subway / Broad Ridge Spur,Walnut-Locust,Southbound,No access to/from southbound platform,<ul><li>No access to/from southbound platform</li></ul>,https://www5.septa.org/about/accessibility/alternative-transportation/bsl-alternate/,2026-02-06 05:49:35,2026-02-06T104935UTC
Broad Street Subway / Broad Ridge Spur,8th-Market,Street Level,No access to/from station,<ul><li>No access to/from station</li></ul>,https://www5.septa.org/about/accessibility/alternative-transportation/bsl-alternate/,2026-02-06 05:49:35,2026-02-06T104935UTC
Market Frankford Line,Kensington-Allegheny,Westbound,No access to/from station,<ul><li>No access to/from station</li></ul>,https://www5.septa.org/about/accessibility/alternative-transportation/mfl-alternate/,2026-02-06 05:49:35,2026-02-06T104935UTC
Market Frankford Line,Somerset,Westbound ,No access to/from station,<ul><li>No access to/from station</li></ul>,https://www5.septa.org/about/accessibility/alternative-transportation/mfl-alternate/,2026-02-06 05:49:35,2026-02-06T104935UTC
Market Frankford Line,8th-Market,Westbound,No access to/from station,<ul><li>No access to/from station</li></ul>,https://www5.septa.org/about/accessibility/alternative-transportation/mfl-alternate/,2026-02-06 05:49:35,2026-02-06T104935UTC
Regional Rail,Gray 30th Street,"""A"" Platform",No access to/from Tracks 1 and 2,<ul><li>No access to/from Tracks 1 and 2</li></ul>,https://www5.septa.org/about/accessibility/alternative-transportation/regional-rail-alternate/,2026-02-06 05:49:35,2026-02-06T104935UTC
Broad Street Subway / Broad Ridge Spur,North Philadelphia,Southbound,No access to/from southbound platform ,<ul><li>No access to/from southbound platform</li></ul> ,https://www5.septa.org/about/accessibility/alternative-transportation/bsl-alternate/,2026-02-06 05:49:35,2026-02-06T104935UTC
Regional Rail,Wayne Junction,Outbound,No access to/from outbound platform (From Center City),<ul><li>No access to/from outbound platform (From Center City)</li></ul>,https://www5.septa.org/about/accessibility/alternative-transportation/regional-rail-alternate/,2026-02-06 05:49:35,2026-02-06T104935UTC
Regional Rail,Chester Transit Center,Inbound,No access to/from inbound platform (To Center City),<ul><li>No access to/from inbound platform (To Center City)</li></ul>,https://www5.septa.org/about/accessibility/alternative-transportation/regional-rail-alternate/,2026-02-06 05:49:35,2026-02-06T104935UTC
Market Frankford Line,15th St/City Hall,"Dilworth Park - South End (Street to Concourse)
","No access to/from the concourse on the south end
","<ul><li>No access to/from the concourse on the south end</li></ul>
",https://www5.septa.org/about/accessibility/alternative-transportation/mfl-alternate/,2026-02-06 05:49:35,2026-02-06T104935UTC
Regional Rail,Lansdale,Lansdale Garage #1,"No access to garage parking floors if both elevators out
","<ul><li>No access to garage parking floors if both elevators out</li></ul>
",https://www5.septa.org/about/accessibility/alternative-transportation/regional-rail-alternate/,2026-02-06 05:49:35,2026-02-06T104935UTC
Broad Street Subway / Broad Ridge Spur,Fern Rock Transit Center,Street Level,No access to/from station,<ul><li>No access to/from station</li></ul>,https://www5.septa.org/about/accessibility/alternative-transportation/bsl-alternate/,2026-02-06 08:14:35,2026-02-06T131435UTC
Broad Street Subway / Broad Ridge Spur,Olney Transit Center,Street to Mezzanine,No access to/from station,<ul><li>No access to/from station</li></ul>,https://www5.septa.org/about/accessibility/alternative-transportation/bsl-alternate/,2026-02-06 08:14:35,2026-02-06T131435UTC
Broad Street Subway / Broad Ridge Spur,Cecil B. Moore,Northbound Platform,No access to/from northbound platform,<ul><li>No access to/from northbound platform</li></ul>,https://www5.septa.org/about/accessibility/alternative-transportation/bsl-alternate/,2026-02-06 08:14:35,2026-02-06T131435UTC
Broad Street Subway / Broad Ridge Spur,Walnut-Locust,Southbound,No access to/from southbound platform,<ul><li>No access to/from southbound platform</li></ul>,https://www5.septa.org/about/accessibility/alternative-transportation/bsl-alternate/,2026-02-06 08:14:35,2026-02-06T131435UTC
Broad Street Subway / Broad Ridge Spur,8th-Market,Street Level,No access to/from station,<ul><li>No access to/from station</li></ul>,https://www5.septa.org/about/accessibility/alternative-transportation/bsl-alternate/,2026-02-06 08:14:35,2026-02-06T131435UTC
Market Frankford Line,Kensington-Allegheny,Westbound,No access to/from station,<ul><li>No access to/from station</li></ul>,https://www5.septa.org/about/accessibility/alternative-transportation/mfl-alternate/,2026-02-06 08:14:35,2026-02-06T131435UTC
Market Frankford Line,Somerset,Westbound ,No access to/from station,<ul><li>No access to/from station</li></ul>,https://www5.septa.org/about/accessibility/alternative-transportation/mfl-alternate/,2026-02-06 08:14:35,2026-02-06T131435UTC
Market Frankford Line,8th-Market,Westbound,No access to/from station,<ul><li>No access to/from station</li></ul>,https://www5.septa.org/about/accessibility/alternative-transportation/mfl-alternate/,2026-02-06 08:14:35,2026-02-06T131435UTC
Regional Rail,Gray 30th Street,"""A"" Platform",No access to/from Tracks 1 and 2,<ul><li>No access to/from Tracks 1 and 2</li></ul>,https://www5.septa.org/about/accessibility/alternative-transportation/regional-rail-alternate/,2026-02-06 08:14:35,2026-02-06T131435UTC
Broad Street Subway / Broad Ridge Spur,North Philadelphia,Southbound,No access to/from southbound platform ,<ul><li>No access to/from southbound platform</li></ul> ,https://www5.septa.org/about/accessibility/alternative-transportation/bsl-alternate/,2026-02-06 08:14:35,2026-02-06T131435UTC
Regional Rail,Wayne Junction,Outbound,No access to/from outbound platform (From Center City),<ul><li>No access to/from outbound platform (From Center City)</li></ul>,https://www5.septa.org/about/accessibility/alternative-transportation/regional-rail-alternate/,2026-02-06 08:14:35,2026-02-06T131435UTC
Regional Rail,Chester Transit Center,Inbound,No access to/from inbound platform (To Center City),<ul><li>No access to/from inbound platform (To Center City)</li></ul>,https://www5.septa.org/about/accessibility/alternative-transportation/regional-rail-alternate/,2026-02-06 08:14:35,2026-02-06T131435UTC
Market Frankford Line,15th St/City Hall,"Dilworth Park - South End (Street to Concourse)
","No access to/from the concourse on the south end
","<ul><li>No access to/from the concourse on the south end</li></ul>
",https://www5.septa.org/about/accessibility/alternative-transportation/mfl-alternate/,2026-02-06 08:14:35,2026-02-06T131435UTC
Regional Rail,Lansdale,Lansdale Garage #1,"No access to garage parking floors if both elevators out
","<ul><li>No access to garage parking floors if both elevators out</li></ul>
",https://www5.septa.org/about/accessibility/alternative-transportation/regional-rail-alternate/,2026-02-06 08:14:35,2026-02-06T131435UTC
Broad Street Subway / Broad Ridge Spur,Fern Rock Transit Center,Street Level,No access to/from station,<ul><li>No access to/from station</li></ul>,https://www5.septa.org/about/accessibility/alternative-transportation/bsl-alternate/,2026-02-06 09:46:23,2026-02-06T144623UTC
Broad Street Subway / Broad Ridge Spur,Olney Transit Center,Street to Mezzanine,No access to/from station,<ul><li>No access to/from station</li></ul>,https://www5.septa.org/about/accessibility/alternative-transportation/bsl-alternate/,2026-02-06 09:46:23,2026-02-06T144623UTC
Broad Street Subway / Broad Ridge Spur,Cecil B. Moore,Northbound Platform,No access to/from northbound platform,<ul><li>No access to/from northbound platform</li></ul>,https://www5.septa.org/about/accessibility/alternative-transportation/bsl-alternate/,2026-02-06 09:46:23,2026-02-06T144623UTC
Broad Street Subway / Broad Ridge Spur,Walnut-Locust,Southbound,No access to/from southbound platform,<ul><li>No access to/from southbound platform</li></ul>,https://www5.septa.org/about/accessibility/alternative-transportation/bsl-alternate/,2026-02-06 09:46:23,2026-02-06T144623UTC
Broad Street Subway / Broad Ridge Spur,8th-Market,Street Level,No access to/from station,<ul><li>No access to/from station</li></ul>,https://www5.septa.org/about/accessibility/alternative-transportation/bsl-alternate/,2026-02-06 09:46:23,2026-02-06T144623UTC
Market Frankford Line,Kensington-Allegheny,Westbound,No access to/from station,<ul><li>No access to/from station</li></ul>,https://www5.septa.org/about/accessibility/alternative-transportation/mfl-alternate/,2026-02-06 09:46:23,2026-02-06T144623UTC
Market Frankford Line,Somerset,Westbound ,No access to/from station,<ul><li>No access to/from station</li></ul>,https://www5.septa.org/about/accessibility/alternative-transportation/mfl-alternate/,2026-02-06 09:46:23,2026-02-06T144623UTC
Market Frankford Line,8th-Market,Westbound,No access to/from station,<ul><li>No access to/from station</li></ul>,https://www5.septa.org/about/accessibility/alternative-transportation/mfl-alternate/,2026-02-06 09:46:23,2026-02-06T144623UTC
Regional Rail,Gray 30th Street,"""A"" Platform",No access to/from Tracks 1 and 2,<ul><li>No access to/from Tracks 1 and 2</li></ul>,https://www5.septa.org/about/accessibility/alternative-transportation/regional-rail-alternate/,2026-02-06 09:46:23,2026-02-06T144623UTC
Broad Street Subway / Broad Ridge Spur,North Philadelphia,Southbound,No access to/from southbound platform ,<ul><li>No access to/from southbound platform</li></ul> ,https://www5.septa.org/about/accessibility/alternative-transportation/bsl-alternate/,2026-02-06 09:46:23,2026-02-06T144623UTC
Regional Rail,Wayne Junction,Outbound,No access to/from outbound platform (From Center City),<ul><li>No access to/from outbound platform (From Center City)</li></ul>,https://www5.septa.org/about/accessibility/alternative-transportation/regional-rail-alternate/,2026-02-06 09:46:23,2026-02-06T144623UTC
Regional Rail,Chester Transit Center,Inbound,No access to/from inbound platform (To Center City),<ul><li>No access to/from inbound platform (To Center City)</li></ul>,https://www5.septa.org/about/accessibility/alternative-transportation/regional-rail-alternate/,2026-02-06 09:46:23,2026-02-06T144623UTC
Market Frankford Line,15th St/City Hall,"Dilworth Park - South End (Street to Concourse)
","No access to/from the concourse on the south end
","<ul><li>No access to/from the concourse on the south end</li></ul>
",https://www5.septa.org/about/accessibility/alternative-transportation/mfl-alternate/,2026-02-06 09:46:23,2026-02-06T144623UTC
Regional Rail,Lansdale,Lansdale Garage #1,"No access to garage parking floors if both elevators out
","<ul><li>No access to garage parking floors if both elevators out</li></ul>
",https://www5.septa.org/about/accessibility/alternative-transportation/regional-rail-alternate/,2026-02-06 09:46:23,2026-02-06T144623UTC
Broad Street Subway / Broad Ridge Spur,Fern Rock Transit Center,Street Level,No access to/from station,<ul><li>No access to/from station</li></ul>,https://www5.septa.org/about/accessibility/alternative-transportation/bsl-alternate/,2026-02-06 11:55:33,2026-02-06T165533UTC
Broad Street Subway / Broad Ridge Spur,Olney Transit Center,Street to Mezzanine,No access to/from station,<ul><li>No access to/from station</li></ul>,https://www5.septa.org/about/accessibility/alternative-transportation/bsl-alternate/,2026-02-06 11:55:33,2026-02-06T165533UTC
Broad Street Subway / Broad Ridge Spur,Cecil B. Moore,Northbound Platform,No access to/from northbound platform,<ul><li>No access to/from northbound platform</li></ul>,https://www5.septa.org/about/accessibility/alternative-transportation/bsl-alternate/,2026-02-06 11:55:33,2026-02-06T165533UTC
Broad Street Subway / Broad Ridge Spur,Walnut-Locust,Southbound,No access to/from southbound platform,<ul><li>No access to/from southbound platform</li></ul>,https://www5.septa.org/about/accessibility/alternative-transportation/bsl-alternate/,2026-02-06 11:55:33,2026-02-06T165533UTC
Broad Street Subway / Broad Ridge Spur,8th-Market,Street Level,No access to/from station,<ul><li>No access to/from station</li></ul>,https://www5.septa.org/about/accessibility/alternative-transportation/bsl-alternate/,2026-02-06 11:55:33,2026-02-06T165533UTC
Market Frankford Line,Kensington-Allegheny,Westbound,No access to/from station,<ul><li>No access to/from station</li></ul>,https://www5.septa.org/about/accessibility/alternative-transportation/mfl-alternate/,2026-02-06 11:55:33,2026-02-06T165533UTC
Market Frankford Line,Somerset,Westbound ,No access to/from station,<ul><li>No access to/from station</li></ul>,https://www5.septa.org/about/accessibility/alternative-transportation/mfl-alternate/,2026-02-06 11:55:33,2026-02-06T165533UTC
Market Frankford Line,8th-Market,Westbound,No access to/from station,<ul><li>No access to/from station</li></ul>,https://www5.septa.org/about/accessibility/alternative-transportation/mfl-alternate/,2026-02-06 11:55:33,2026-02-06T165533UTC
Regional Rail,Gray 30th Street,"""A"" Platform",No access to/from Tracks 1 and 2,<ul><li>No access to/from Tracks 1 and 2</li></ul>,https://www5.septa.org/about/accessibility/alternative-transportation/regional-rail-alternate/,2026-02-06 11:55:33,2026-02-06T165533UTC
Broad Street Subway / Broad Ridge Spur,North Philadelphia,Southbound,No access to/from southbound platform ,<ul><li>No access to/from southbound platform</li></ul> ,https://www5.septa.org/about/accessibility/alternative-transportation/bsl-alternate/,2026-02-06 11:55:33,2026-02-06T165533UTC
Regional Rail,Wayne Junction,Outbound,No access to/from outbound platform (From Center City),<ul><li>No access to/from outbound platform (From Center City)</li></ul>,https://www5.septa.org/about/accessibility/alternative-transportation/regional-rail-alternate/,2026-02-06 11:55:33,2026-02-06T165533UTC
Regional Rail,Chester Transit Center,Inbound,No access to/from inbound platform (To Center City),<ul><li>No access to/from inbound platform (To Center City)</li></ul>,https://www5.septa.org/about/accessibility/alternative-transportation/regional-rail-alternate/,2026-02-06 11:55:33,2026-02-06T165533UTC
Market Frankford Line,15th St/City Hall,"Dilworth Park - South End (Street to Concourse)
","No access to/from the concourse on the south end
","<ul><li>No access to/from the concourse on the south end</li></ul>
",https://www5.septa.org/about/accessibility/alternative-transportation/mfl-alternate/,2026-02-06 11:55:33,2026-02-06T165533UTC
Regional Rail,Lansdale,Lansdale Garage #1,"No access to garage parking floors if both elevators out
","<ul><li>No access to garage parking floors if both elevators out</li></ul>
",https://www5.septa.org/about/accessibility/alternative-transportation/regional-rail-alternate/,2026-02-06 11:55:33,2026-02-06T165533UTC
Broad Street Subway / Broad Ridge Spur,Fern Rock Transit Center,Street Level,No access to/from station,<ul><li>No access to/from station</li></ul>,https://www5.septa.org/about/accessibility/alternative-transportation/bsl-alternate/,2026-02-06 14:00:18,2026-02-06T190018UTC
Broad Street Subway / Broad Ridge Spur,Olney Transit Center,Street to Mezzanine,No access to/from station,<ul><li>No access to/from station</li></ul>,https://www5.septa.org/about/accessibility/alternative-transportation/bsl-alternate/,2026-02-06 14:00:18,2026-02-06T190018UTC
Broad Street Subway / Broad Ridge Spur,Cecil B. Moore,Northbound Platform,No access to/from northbound platform,<ul><li>No access to/from northbound platform</li></ul>,https://www5.septa.org/about/accessibility/alternative-transportation/bsl-alternate/,2026-02-06 14:00:18,2026-02-06T190018UTC
Broad Street Subway / Broad Ridge Spur,Walnut-Locust,Southbound,No access to/from southbound platform,<ul><li>No access to/from southbound platform</li></ul>,https://www5.septa.org/about/accessibility/alternative-transportation/bsl-alternate/,2026-02-06 14:00:18,2026-02-06T190018UTC
Broad Street Subway / Broad Ridge Spur,8th-Market,Street Level,No access to/from station,<ul><li>No access to/from station</li></ul>,https://www5.septa.org/about/accessibility/alternative-transportation/bsl-alternate/,2026-02-06 14:00:18,2026-02-06T190018UTC
Market Frankford Line,Kensington-Allegheny,Westbound,No access to/from station,<ul><li>No access to/from station</li></ul>,https://www5.septa.org/about/accessibility/alternative-transportation/mfl-alternate/,2026-02-06 14:00:18,2026-02-06T190018UTC
Market Frankford Line,Somerset,Westbound ,No access to/from station,<ul><li>No access to/from station</li></ul>,https://www5.septa.org/about/accessibility/alternative-transportation/mfl-alternate/,2026-02-06 14:00:18,2026-02-06T190018UTC
Market Frankford Line,8th-Market,Westbound,No access to/from station,<ul><li>No access to/from station</li></ul>,https://www5.septa.org/about/accessibility/alternative-transportation/mfl-alternate/,2026-02-06 14:00:18,2026-02-06T190018UTC
Regional Rail,Gray 30th Street,"""A"" Platform",No access to/from Tracks 1 and 2,<ul><li>No access to/from Tracks 1 and 2</li></ul>,https://www5.septa.org/about/accessibility/alternative-transportation/regional-rail-alternate/,2026-02-06 14:00:18,2026-02-06T190018UTC
Broad Street Subway / Broad Ridge Spur,North Philadelphia,Southbound,No access to/from southbound platform ,<ul><li>No access to/from southbound platform</li></ul> ,https://www5.septa.org/about/accessibility/alternative-transportation/bsl-alternate/,2026-02-06 14:00:18,2026-02-06T190018UTC
Regional Rail,Wayne Junction,Outbound,No access to/from outbound platform (From Center City),<ul><li>No access to/from outbound platform (From Center City)</li></ul>,https://www5.septa.org/about/accessibility/alternative-transportation/regional-rail-alternate/,2026-02-06 14:00:18,2026-02-06T190018UTC
Regional Rail,Chester Transit Center,Inbound,No access to/from inbound platform (To Center City),<ul><li>No access to/from inbound platform (To Center City)</li></ul>,https://www5.septa.org/about/accessibility/alternative-transportation/regional-rail-alternate/,2026-02-06 14:00:18,2026-02-06T190018UTC
Market Frankford Line,15th St/City Hall,"Dilworth Park - South End (Street to Concourse)
","No access to/from the concourse on the south end
","<ul><li>No access to/from the concourse on the south end</li></ul>
",https://www5.septa.org/about/accessibility/alternative-transportation/mfl-alternate/,2026-02-06 14:00:18,2026-02-06T190018UTC
Regional Rail,Lansdale,Lansdale Garage #1,"No access to garage parking floors if both elevators out
","<ul><li>No access to garage parking floors if both elevators out</li></ul>
",https://www5.septa.org/about/accessibility/alternative-transportation/regional-rail-alternate/,2026-02-06 14:00:18,2026-02-06T190018UTC
Broad Street Subway / Broad Ridge Spur,Fern Rock Transit Center,Street Level,No access to/from station,<ul><li>No access to/from station</li></ul>,https://www5.septa.org/about/accessibility/alternative-transportation/bsl-alternate/,2026-02-06 15:41:10,2026-02-06T204110UTC
Broad Street Subway / Broad Ridge Spur,Olney Transit Center,Street to Mezzanine,No access to/from station,<ul><li>No access to/from station</li></ul>,https://www5.septa.org/about/accessibility/alternative-transportation/bsl-alternate/,2026-02-06 15:41:10,2026-02-06T204110UTC
Broad Street Subway / Broad Ridge Spur,Cecil B. Moore,Northbound Platform,No access to/from northbound platform,<ul><li>No access to/from northbound platform</li></ul>,https://www5.septa.org/about/accessibility/alternative-transportation/bsl-alternate/,2026-02-06 15:41:10,2026-02-06T204110UTC
Broad Street Subway / Broad Ridge Spur,Walnut-Locust,Southbound,No access to/from southbound platform,<ul><li>No access to/from southbound platform</li></ul>,https://www5.septa.org/about/accessibility/alternative-transportation/bsl-alternate/,2026-02-06 15:41:10,2026-02-06T204110UTC
Broad Street Subway / Broad Ridge Spur,8th-Market,Street Level,No access to/from station,<ul><li>No access to/from station</li></ul>,https://www5.septa.org/about/accessibility/alternative-transportation/bsl-alternate/,2026-02-06 15:41:10,2026-02-06T204110UTC
Market Frankford Line,Kensington-Allegheny,Westbound,No access to/from station,<ul><li>No access to/from station</li></ul>,https://www5.septa.org/about/accessibility/alternative-transportation/mfl-alternate/,2026-02-06 15:41:10,2026-02-06T204110UTC
Market Frankford Line,Somerset,Westbound ,No access to/from station,<ul><li>No access to/from station</li></ul>,https://www5.septa.org/about/accessibility/alternative-transportation/mfl-alternate/,2026-02-06 15:41:10,2026-02-06T204110UTC
Market Frankford Line,8th-Market,Westbound,No access to/from station,<ul><li>No access to/from station</li></ul>,https://www5.septa.org/about/accessibility/alternative-transportation/mfl-alternate/,2026-02-06 15:41:10,2026-02-06T204110UTC
Regional Rail,Gray 30th Street,"""A"" Platform",No access to/from Tracks 1 and 2,<ul><li>No access to/from Tracks 1 and 2</li></ul>,https://www5.septa.org/about/accessibility/alternative-transportation/regional-rail-alternate/,2026-02-06 15:41:10,2026-02-06T204110UTC
Broad Street Subway / Broad Ridge Spur,North Philadelphia,Southbound,No access to/from southbound platform ,<ul><li>No access to/from southbound platform</li></ul> ,https://www5.septa.org/about/accessibility/alternative-transportation/bsl-alternate/,2026-02-06 15:41:10,2026-02-06T204110UTC
Regional Rail,Wayne Junction,Outbound,No access to/from outbound platform (From Center City),<ul><li>No access to/from outbound platform (From Center City)</li></ul>,https://www5.septa.org/about/accessibility/alternative-transportation/regional-rail-alternate/,2026-02-06 15:41:10,2026-02-06T204110UTC
Regional Rail,Chester Transit Center,Inbound,No access to/from inbound platform (To Center City),<ul><li>No access to/from inbound platform (To Center City)</li></ul>,https://www5.septa.org/about/accessibility/alternative-transportation/regional-rail-alternate/,2026-02-06 15:41:10,2026-02-06T204110UTC
Market Frankford Line,15th St/City Hall,"Dilworth Park - South End (Street to Concourse)
","No access to/from the concourse on the south end
","<ul><li>No access to/from the concourse on the south end</li></ul>
",https://www5.septa.org/about/accessibility/alternative-transportation/mfl-alternate/,2026-02-06 15:41:10,2026-02-06T204110UTC
Regional Rail,Lansdale,Lansdale Garage #1,"No access to garage parking floors if both elevators out
","<ul><li>No access to garage parking floors if both elevators out</li></ul>
",https://www5.septa.org/about/accessibility/alternative-transportation/regional-rail-alternate/,2026-02-06 15:41:10,2026-02-06T204110UTC
Broad Street Subway / Broad Ridge Spur,Fern Rock Transit Center,Street Level,No access to/from station,<ul><li>No access to/from station</li></ul>,https://www5.septa.org/about/accessibility/alternative-transportation/bsl-alternate/,2026-02-06 17:32:50,2026-02-06T223250UTC
Broad Street Subway / Broad Ridge Spur,Olney Transit Center,Street to Mezzanine,No access to/from station,<ul><li>No access to/from station</li></ul>,https://www5.septa.org/about/accessibility/alternative-transportation/bsl-alternate/,2026-02-06 17:32:50,2026-02-06T223250UTC
Broad Street Subway / Broad Ridge Spur,Cecil B. Moore,Northbound Platform,No access to/from northbound platform,<ul><li>No access to/from northbound platform</li></ul>,https://www5.septa.org/about/accessibility/alternative-transportation/bsl-alternate/,2026-02-06 17:32:50,2026-02-06T223250UTC
Broad Street Subway / Broad Ridge Spur,Walnut-Locust,Southbound,No access to/from southbound platform,<ul><li>No access to/from southbound platform</li></ul>,https://www5.septa.org/about/accessibility/alternative-transportation/bsl-alternate/,2026-02-06 17:32:50,2026-02-06T223250UTC
Broad Street Subway / Broad Ridge Spur,8th-Market,Street Level,No access to/from station,<ul><li>No access to/from station</li></ul>,https://www5.septa.org/about/accessibility/alternative-transportation/bsl-alternate/,2026-02-06 17:32:50,2026-02-06T223250UTC
Market Frankford Line,Kensington-Allegheny,Westbound,No access to/from station,<ul><li>No access to/from station</li></ul>,https://www5.septa.org/about/accessibility/alternative-transportation/mfl-alternate/,2026-02-06 17:32:50,2026-02-06T223250UTC
Market Frankford Line,Somerset,Westbound ,No access to/from station,<ul><li>No access to/from station</li></ul>,https://www5.septa.org/about/accessibility/alternative-transportation/mfl-alternate/,2026-02-06 17:32:50,2026-02-06T223250UTC
Market Frankford Line,8th-Market,Westbound,No access to/from station,<ul><li>No access to/from station</li></ul>,https://www5.septa.org/about/accessibility/alternative-transportation/mfl-alternate/,2026-02-06 17:32:50,2026-02-06T223250UTC
Regional Rail,Gray 30th Street,"""A"" Platform",No access to/from Tracks 1 and 2,<ul><li>No access to/from Tracks 1 and 2</li></ul>,https://www5.septa.org/about/accessibility/alternative-transportation/regional-rail-alternate/,2026-02-06 17:32:50,2026-02-06T223250UTC
Broad Street Subway / Broad Ridge Spur,North Philadelphia,Southbound,No access to/from southbound platform ,<ul><li>No access to/from southbound platform</li></ul> ,https://www5.septa.org/about/accessibility/alternative-transportation/bsl-alternate/,2026-02-06 17:32:50,2026-02-06T223250UTC
Regional Rail,Wayne Junction,Outbound,No access to/from outbound platform (From Center City),<ul><li>No access to/from outbound platform (From Center City)</li></ul>,https://www5.septa.org/about/accessibility/alternative-transportation/regional-rail-alternate/,2026-02-06 17:32:50,2026-02-06T223250UTC
Regional Rail,Chester Transit Center,Inbound,No access to/from inbound platform (To Center City),<ul><li>No access to/from inbound platform (To Center City)</li></ul>,https://www5.septa.org/about/accessibility/alternative-transportation/regional-rail-alternate/,2026-02-06 17:32:50,2026-02-06T223250UTC
Market Frankford Line,15th St/City Hall,"Dilworth Park - South End (Street to Concourse)
","No access to/from the concourse on the south end
","<ul><li>No access to/from the concourse on the south end</li></ul>
",https://www5.septa.org/about/accessibility/alternative-transportation/mfl-alternate/,2026-02-06 17:32:50,2026-02-06T223250UTC
Regional Rail,Lansdale,Lansdale Garage #1,"No access to garage parking floors if both elevators out
","<ul><li>No access to garage parking floors if both elevators out</li></ul>
",https://www5.septa.org/about/accessibility/alternative-transportation/regional-rail-alternate/,2026-02-06 17:32:50,2026-02-06T223250UTC
Broad Street Subway / Broad Ridge Spur,Fern Rock Transit Center,Street Level,No access to/from station,<ul><li>No access to/from station</li></ul>,https://www5.septa.org/about/accessibility/alternative-transportation/bsl-alternate/,2026-02-06 21:35:00,2026-02-07T023500UTC
Broad Street Subway / Broad Ridge Spur,Olney Transit Center,Street to Mezzanine,No access to/from station,<ul><li>No access to/from station</li></ul>,https://www5.septa.org/about/accessibility/alternative-transportation/bsl-alternate/,2026-02-06 21:35:00,2026-02-07T023500UTC
Broad Street Subway / Broad Ridge Spur,Cecil B. Moore,Northbound Platform,No access to/from northbound platform,<ul><li>No access to/from northbound platform</li></ul>,https://www5.septa.org/about/accessibility/alternative-transportation/bsl-alternate/,2026-02-06 21:35:00,2026-02-07T023500UTC
Broad Street Subway / Broad Ridge Spur,Walnut-Locust,Southbound,No access to/from southbound platform,<ul><li>No access to/from southbound platform</li></ul>,https://www5.septa.org/about/accessibility/alternative-transportation/bsl-alternate/,2026-02-06 21:35:00,2026-02-07T023500UTC
Broad Street Subway / Broad Ridge Spur,8th-Market,Street Level,No access to/from station,<ul><li>No access to/from station</li></ul>,https://www5.septa.org/about/accessibility/alternative-transportation/bsl-alternate/,2026-02-06 21:35:00,2026-02-07T023500UTC
Market Frankford Line,Kensington-Allegheny,Westbound,No access to/from station,<ul><li>No access to/from station</li></ul>,https://www5.septa.org/about/accessibility/alternative-transportation/mfl-alternate/,2026-02-06 21:35:00,2026-02-07T023500UTC
Market Frankford Line,Somerset,Westbound ,No access to/from station,<ul><li>No access to/from station</li></ul>,https://www5.septa.org/about/accessibility/alternative-transportation/mfl-alternate/,2026-02-06 21:35:00,2026-02-07T023500UTC
Market Frankford Line,8th-Market,Westbound,No access to/from station,<ul><li>No access to/from station</li></ul>,https://www5.septa.org/about/accessibility/alternative-transportation/mfl-alternate/,2026-02-06 21:35:00,2026-02-07T023500UTC
Regional Rail,Gray 30th Street,"""A"" Platform",No access to/from Tracks 1 and 2,<ul><li>No access to/from Tracks 1 and 2</li></ul>,https://www5.septa.org/about/accessibility/alternative-transportation/regional-rail-alternate/,2026-02-06 21:35:00,2026-02-07T023500UTC
Broad Street Subway / Broad Ridge Spur,North Philadelphia,Southbound,No access to/from southbound platform ,<ul><li>No access to/from southbound platform</li></ul> ,https://www5.septa.org/about/accessibility/alternative-transportation/bsl-alternate/,2026-02-06 21:35:00,2026-02-07T023500UTC
Regional Rail,Wayne Junction,Outbound,No access to/from outbound platform (From Center City),<ul><li>No access to/from outbound platform (From Center City)</li></ul>,https://www5.septa.org/about/accessibility/alternative-transportation/regional-rail-alternate/,2026-02-06 21:35:00,2026-02-07T023500UTC
Regional Rail,Chester Transit Center,Inbound,No access to/from inbound platform (To Center City),<ul><li>No access to/from inbound platform (To Center City)</li></ul>,https://www5.septa.org/about/accessibility/alternative-transportation/regional-rail-alternate/,2026-02-06 21:35:00,2026-02-07T023500UTC
Market Frankford Line,15th St/City Hall,"Dilworth Park - South End (Street to Concourse)
","No access to/from the concourse on the south end
","<ul><li>No access to/from the concourse on the south end</li></ul>
",https://www5.septa.org/about/accessibility/alternative-transportation/mfl-alternate/,2026-02-06 21:35:00,2026-02-07T023500UTC
Regional Rail,Lansdale,Lansdale Garage #1,"No access to garage parking floors if both elevators out
","<ul><li>No access to garage parking floors if both elevators out</li></ul>
",https://www5.septa.org/about/accessibility/alternative-transportation/regional-rail-alternate/,2026-02-06 21:35:00,2026-02-07T023500UTC
Broad Street Subway / Broad Ridge Spur,Fern Rock Transit Center,Street Level,No access to/from station,<ul><li>No access to/from station</li></ul>,https://www5.septa.org/about/accessibility/alternative-transportation/bsl-alternate/,2026-02-07 00:08:18,2026-02-07T050818UTC
Broad Street Subway / Broad Ridge Spur,Olney Transit Center,Street to Mezzanine,No access to/from station,<ul><li>No access to/from station</li></ul>,https://www5.septa.org/about/accessibility/alternative-transportation/bsl-alternate/,2026-02-07 00:08:18,2026-02-07T050818UTC
Broad Street Subway / Broad Ridge Spur,Cecil B. Moore,Northbound Platform,No access to/from northbound platform,<ul><li>No access to/from northbound platform</li></ul>,https://www5.septa.org/about/accessibility/alternative-transportation/bsl-alternate/,2026-02-07 00:08:18,2026-02-07T050818UTC
Broad Street Subway / Broad Ridge Spur,Walnut-Locust,Southbound,No access to/from southbound platform,<ul><li>No access to/from southbound platform</li></ul>,https://www5.septa.org/about/accessibility/alternative-transportation/bsl-alternate/,2026-02-07 00:08:18,2026-02-07T050818UTC
Broad Street Subway / Broad Ridge Spur,8th-Market,Street Level,No access to/from station,<ul><li>No access to/from station</li></ul>,https://www5.septa.org/about/accessibility/alternative-transportation/bsl-alternate/,2026-02-07 00:08:18,2026-02-07T050818UTC
Market Frankford Line,Kensington-Allegheny,Westbound,No access to/from station,<ul><li>No access to/from station</li></ul>,https://www5.septa.org/about/accessibility/alternative-transportation/mfl-alternate/,2026-02-07 00:08:18,2026-02-07T050818UTC
Market Frankford Line,Somerset,Westbound ,No access to/from station,<ul><li>No access to/from station</li></ul>,https://www5.septa.org/about/accessibility/alternative-transportation/mfl-alternate/,2026-02-07 00:08:18,2026-02-07T050818UTC
Market Frankford Line,8th-Market,Westbound,No access to/from station,<ul><li>No access to/from station</li></ul>,https://www5.septa.org/about/accessibility/alternative-transportation/mfl-alternate/,2026-02-07 00:08:18,2026-02-07T050818UTC
Regional Rail,Gray 30th Street,"""A"" Platform",No access to/from Tracks 1 and 2,<ul><li>No access to/from Tracks 1 and 2</li></ul>,https://www5.septa.org/about/accessibility/alternative-transportation/regional-rail-alternate/,2026-02-07 00:08:18,2026-02-07T050818UTC
Broad Street Subway / Broad Ridge Spur,North Philadelphia,Southbound,No access to/from southbound platform ,<ul><li>No access to/from southbound platform</li></ul> ,https://www5.septa.org/about/accessibility/alternative-transportation/bsl-alternate/,2026-02-07 00:08:18,2026-02-07T050818UTC
Regional Rail,Wayne Junction,Outbound,No access to/from outbound platform (From Center City),<ul><li>No access to/from outbound platform (From Center City)</li></ul>,https://www5.septa.org/about/accessibility/alternative-transportation/regional-rail-alternate/,2026-02-07 00:08:18,2026-02-07T050818UTC
Regional Rail,Chester Transit Center,Inbound,No access to/from inbound platform (To Center City),<ul><li>No access to/from inbound platform (To Center City)</li></ul>,https://www5.septa.org/about/accessibility/alternative-transportation/regional-rail-alternate/,2026-02-07 00:08:18,2026-02-07T050818UTC
Market Frankford Line,15th St/City Hall,"Dilworth Park - South End (Street to Concourse)
","No access to/from the concourse on the south end
","<ul><li>No access to/from the concourse on the south end</li></ul>
",https://www5.septa.org/about/accessibility/alternative-transportation/mfl-alternate/,2026-02-07 00:08:18,2026-02-07T050818UTC
Regional Rail,Lansdale,Lansdale Garage #1,"No access to garage parking floors if both elevators out
","<ul><li>No access to garage parking floors if both elevators out</li></ul>
",https://www5.septa.org/about/accessibility/alternative-transportation/regional-rail-alternate/,2026-02-07 00:08:18,2026-02-07T050818UTC
Broad Street Subway / Broad Ridge Spur,Fern Rock Transit Center,Street Level,No access to/from station,<ul><li>No access to/from station</li></ul>,https://www5.septa.org/about/accessibility/alternative-transportation/bsl-alternate/,2026-02-07 01:52:54,2026-02-07T065254UTC
Broad Street Subway / Broad Ridge Spur,Olney Transit Center,Street to Mezzanine,No access to/from station,<ul><li>No access to/from station</li></ul>,https://www5.septa.org/about/accessibility/alternative-transportation/bsl-alternate/,2026-02-07 01:52:54,2026-02-07T065254UTC
Broad Street Subway / Broad Ridge Spur,Cecil B. Moore,Northbound Platform,No access to/from northbound platform,<ul><li>No access to/from northbound platform</li></ul>,https://www5.septa.org/about/accessibility/alternative-transportation/bsl-alternate/,2026-02-07 01:52:54,2026-02-07T065254UTC
Broad Street Subway / Broad Ridge Spur,Walnut-Locust,Southbound,No access to/from southbound platform,<ul><li>No access to/from southbound platform</li></ul>,https://www5.septa.org/about/accessibility/alternative-transportation/bsl-alternate/,2026-02-07 01:52:54,2026-02-07T065254UTC
Broad Street Subway / Broad Ridge Spur,8th-Market,Street Level,No access to/from station,<ul><li>No access to/from station</li></ul>,https://www5.septa.org/about/accessibility/alternative-transportation/bsl-alternate/,2026-02-07 01:52:54,2026-02-07T065254UTC
Market Frankford Line,Kensington-Allegheny,Westbound,No access to/from station,<ul><li>No access to/from station</li></ul>,https://www5.septa.org/about/accessibility/alternative-transportation/mfl-alternate/,2026-02-07 01:52:54,2026-02-07T065254UTC
Market Frankford Line,Somerset,Westbound ,No access to/from station,<ul><li>No access to/from station</li></ul>,https://www5.septa.org/about/accessibility/alternative-transportation/mfl-alternate/,2026-02-07 01:52:54,2026-02-07T065254UTC
Market Frankford Line,8th-Market,Westbound,No access to/from station,<ul><li>No access to/from station</li></ul>,https://www5.septa.org/about/accessibility/alternative-transportation/mfl-alternate/,2026-02-07 01:52:54,2026-02-07T065254UTC
Regional Rail,Gray 30th Street,"""A"" Platform",No access to/from Tracks 1 and 2,<ul><li>No access to/from Tracks 1 and 2</li></ul>,https://www5.septa.org/about/accessibility/alternative-transportation/regional-rail-alternate/,2026-02-07 01:52:54,2026-02-07T065254UTC
Broad Street Subway / Broad Ridge Spur,North Philadelphia,Southbound,No access to/from southbound platform ,<ul><li>No access to/from southbound platform</li></ul> ,https://www5.septa.org/about/accessibility/alternative-transportation/bsl-alternate/,2026-02-07 01:52:54,2026-02-07T065254UTC
Regional Rail,Wayne Junction,Outbound,No access to/from outbound platform (From Center City),<ul><li>No access to/from outbound platform (From Center City)</li></ul>,https://www5.septa.org/about/accessibility/alternative-transportation/regional-rail-alternate/,2026-02-07 01:52:54,2026-02-07T065254UTC
Regional Rail,Chester Transit Center,Inbound,No access to/from inbound platform (To Center City),<ul><li>No access to/from inbound platform (To Center City)</li></ul>,https://www5.septa.org/about/accessibility/alternative-transportation/regional-rail-alternate/,2026-02-07 01:52:54,2026-02-07T065254UTC
Market Frankford Line,15th St/City Hall,"Dilworth Park - South End (Street to Concourse)
","No access to/from the concourse on the south end
","<ul><li>No access to/from the concourse on the south end</li></ul>
",https://www5.septa.org/about/accessibility/alternative-transportation/mfl-alternate/,2026-02-07 01:52:54,2026-02-07T065254UTC
Regional Rail,Lansdale,Lansdale Garage #1,"No access to garage parking floors if both elevators out
","<ul><li>No access to garage parking floors if both elevators out</li></ul>
",https://www5.septa.org/about/accessibility/alternative-transportation/regional-rail-alternate/,2026-02-07 01:52:54,2026-02-07T065254UTC
Broad Street Subway / Broad Ridge Spur,Fern Rock Transit Center,Street Level,No access to/from station,<ul><li>No access to/from station</li></ul>,https://www5.septa.org/about/accessibility/alternative-transportation/bsl-alternate/,2026-02-07 03:39:38,2026-02-07T083938UTC
Broad Street Subway / Broad Ridge Spur,Olney Transit Center,Street to Mezzanine,No access to/from station,<ul><li>No access to/from station</li></ul>,https://www5.septa.org/about/accessibility/alternative-transportation/bsl-alternate/,2026-02-07 03:39:38,2026-02-07T083938UTC
Broad Street Subway / Broad Ridge Spur,Cecil B. Moore,Northbound Platform,No access to/from northbound platform,<ul><li>No access to/from northbound platform</li></ul>,https://www5.septa.org/about/accessibility/alternative-transportation/bsl-alternate/,2026-02-07 03:39:38,2026-02-07T083938UTC
Broad Street Subway / Broad Ridge Spur,Walnut-Locust,Southbound,No access to/from southbound platform,<ul><li>No access to/from southbound platform</li></ul>,https://www5.septa.org/about/accessibility/alternative-transportation/bsl-alternate/,2026-02-07 03:39:38,2026-02-07T083938UTC
Broad Street Subway / Broad Ridge Spur,8th-Market,Street Level,No access to/from station,<ul><li>No access to/from station</li></ul>,https://www5.septa.org/about/accessibility/alternative-transportation/bsl-alternate/,2026-02-07 03:39:38,2026-02-07T083938UTC
Market Frankford Line,Kensington-Allegheny,Westbound,No access to/from station,<ul><li>No access to/from station</li></ul>,https://www5.septa.org/about/accessibility/alternative-transportation/mfl-alternate/,2026-02-07 03:39:38,2026-02-07T083938UTC
Market Frankford Line,Somerset,Westbound ,No access to/from station,<ul><li>No access to/from station</li></ul>,https://www5.septa.org/about/accessibility/alternative-transportation/mfl-alternate/,2026-02-07 03:39:38,2026-02-07T083938UTC
Market Frankford Line,8th-Market,Westbound,No access to/from station,<ul><li>No access to/from station</li></ul>,https://www5.septa.org/about/accessibility/alternative-transportation/mfl-alternate/,2026-02-07 03:39:38,2026-02-07T083938UTC
Regional Rail,Gray 30th Street,"""A"" Platform",No access to/from Tracks 1 and 2,<ul><li>No access to/from Tracks 1 and 2</li></ul>,https://www5.septa.org/about/accessibility/alternative-transportation/regional-rail-alternate/,2026-02-07 03:39:38,2026-02-07T083938UTC
Broad Street Subway / Broad Ridge Spur,North Philadelphia,Southbound,No access to/from southbound platform ,<ul><li>No access to/from southbound platform</li></ul> ,https://www5.septa.org/about/accessibility/alternative-transportation/bsl-alternate/,2026-02-07 03:39:38,2026-02-07T083938UTC
Regional Rail,Wayne Junction,Outbound,No access to/from outbound platform (From Center City),<ul><li>No access to/from outbound platform (From Center City)</li></ul>,https://www5.septa.org/about/accessibility/alternative-transportation/regional-rail-alternate/,2026-02-07 03:39:38,2026-02-07T083938UTC
Regional Rail,Chester Transit Center,Inbound,No access to/from inbound platform (To Center City),<ul><li>No access to/from inbound platform (To Center City)</li></ul>,https://www5.septa.org/about/accessibility/alternative-transportation/regional-rail-alternate/,2026-02-07 03:39:38,2026-02-07T083938UTC
Market Frankford Line,15th St/City Hall,"Dilworth Park - South End (Street to Concourse)
","No access to/from the concourse on the south end
","<ul><li>No access to/from the concourse on the south end</li></ul>
",https://www5.septa.org/about/accessibility/alternative-transportation/mfl-alternate/,2026-02-07 03:39:38,2026-02-07T083938UTC
Regional Rail,Lansdale,Lansdale Garage #1,"No access to garage parking floors if both elevators out
","<ul><li>No access to garage parking floors if both elevators out</li></ul>
",https://www5.septa.org/about/accessibility/alternative-transportation/regional-rail-alternate/,2026-02-07 03:39:38,2026-02-07T083938UTC
Broad Street Subway / Broad Ridge Spur,Fern Rock Transit Center,Street Level,No access to/from station,<ul><li>No access to/from station</li></ul>,https://www5.septa.org/about/accessibility/alternative-transportation/bsl-alternate/,2026-02-07 05:34:00,2026-02-07T103400UTC
Broad Street Subway / Broad Ridge Spur,Olney Transit Center,Street to Mezzanine,No access to/from station,<ul><li>No access to/from station</li></ul>,https://www5.septa.org/about/accessibility/alternative-transportation/bsl-alternate/,2026-02-07 05:34:00,2026-02-07T103400UTC
Broad Street Subway / Broad Ridge Spur,Cecil B. Moore,Northbound Platform,No access to/from northbound platform,<ul><li>No access to/from northbound platform</li></ul>,https://www5.septa.org/about/accessibility/alternative-transportation/bsl-alternate/,2026-02-07 05:34:00,2026-02-07T103400UTC
Broad Street Subway / Broad Ridge Spur,Walnut-Locust,Southbound,No access to/from southbound platform,<ul><li>No access to/from southbound platform</li></ul>,https://www5.septa.org/about/accessibility/alternative-transportation/bsl-alternate/,2026-02-07 05:34:00,2026-02-07T103400UTC
Broad Street Subway / Broad Ridge Spur,8th-Market,Street Level,No access to/from station,<ul><li>No access to/from station</li></ul>,https://www5.septa.org/about/accessibility/alternative-transportation/bsl-alternate/,2026-02-07 05:34:00,2026-02-07T103400UTC
Market Frankford Line,Kensington-Allegheny,Westbound,No access to/from station,<ul><li>No access to/from station</li></ul>,https://www5.septa.org/about/accessibility/alternative-transportation/mfl-alternate/,2026-02-07 05:34:00,2026-02-07T103400UTC
Market Frankford Line,Somerset,Westbound ,No access to/from station,<ul><li>No access to/from station</li></ul>,https://www5.septa.org/about/accessibility/alternative-transportation/mfl-alternate/,2026-02-07 05:34:00,2026-02-07T103400UTC
Market Frankford Line,8th-Market,Westbound,No access to/from station,<ul><li>No access to/from station</li></ul>,https://www5.septa.org/about/accessibility/alternative-transportation/mfl-alternate/,2026-02-07 05:34:00,2026-02-07T103400UTC
Regional Rail,Gray 30th Street,"""A"" Platform",No access to/from Tracks 1 and 2,<ul><li>No access to/from Tracks 1 and 2</li></ul>,https://www5.septa.org/about/accessibility/alternative-transportation/regional-rail-alternate/,2026-02-07 05:34:00,2026-02-07T103400UTC
Broad Street Subway / Broad Ridge Spur,North Philadelphia,Southbound,No access to/from southbound platform ,<ul><li>No access to/from southbound platform</li></ul> ,https://www5.septa.org/about/accessibility/alternative-transportation/bsl-alternate/,2026-02-07 05:34:00,2026-02-07T103400UTC
Regional Rail,Wayne Junction,Outbound,No access to/from outbound platform (From Center City),<ul><li>No access to/from outbound platform (From Center City)</li></ul>,https://www5.septa.org/about/accessibility/alternative-transportation/regional-rail-alternate/,2026-02-07 05:34:00,2026-02-07T103400UTC
Regional Rail,Chester Transit Center,Inbound,No access to/from inbound platform (To Center City),<ul><li>No access to/from inbound platform (To Center City)</li></ul>,https://www5.septa.org/about/accessibility/alternative-transportation/regional-rail-alternate/,2026-02-07 05:34:00,2026-02-07T103400UTC
Market Frankford Line,15th St/City Hall,"Dilworth Park - South End (Street to Concourse)
","No access to/from the concourse on the south end
","<ul><li>No access to/from the concourse on the south end</li></ul>
",https://www5.septa.org/about/accessibility/alternative-transportation/mfl-alternate/,2026-02-07 05:34:00,2026-02-07T103400UTC
Regional Rail,Lansdale,Lansdale Garage #1,"No access to garage parking floors if both elevators out
","<ul><li>No access to garage parking floors if both elevators out</li></ul>
",https://www5.septa.org/about/accessibility/alternative-transportation/regional-rail-alternate/,2026-02-07 05:34:00,2026-02-07T103400UTC
Broad Street Subway / Broad Ridge Spur,Fern Rock Transit Center,Street Level,No access to/from station,<ul><li>No access to/from station</li></ul>,https://www5.septa.org/about/accessibility/alternative-transportation/bsl-alternate/,2026-02-07 08:03:23,2026-02-07T130323UTC
Broad Street Subway / Broad Ridge Spur,Olney Transit Center,Street to Mezzanine,No access to/from station,<ul><li>No access to/from station</li></ul>,https://www5.septa.org/about/accessibility/alternative-transportation/bsl-alternate/,2026-02-07 08:03:23,2026-02-07T130323UTC
Broad Street Subway / Broad Ridge Spur,Cecil B. Moore,Northbound Platform,No access to/from northbound platform,<ul><li>No access to/from northbound platform</li></ul>,https://www5.septa.org/about/accessibility/alternative-transportation/bsl-alternate/,2026-02-07 08:03:23,2026-02-07T130323UTC
Broad Street Subway / Broad Ridge Spur,Walnut-Locust,Southbound,No access to/from southbound platform,<ul><li>No access to/from southbound platform</li></ul>,https://www5.septa.org/about/accessibility/alternative-transportation/bsl-alternate/,2026-02-07 08:03:23,2026-02-07T130323UTC
Broad Street Subway / Broad Ridge Spur,8th-Market,Street Level,No access to/from station,<ul><li>No access to/from station</li></ul>,https://www5.septa.org/about/accessibility/alternative-transportation/bsl-alternate/,2026-02-07 08:03:23,2026-02-07T130323UTC
Market Frankford Line,Kensington-Allegheny,Westbound,No access to/from station,<ul><li>No access to/from station</li></ul>,https://www5.septa.org/about/accessibility/alternative-transportation/mfl-alternate/,2026-02-07 08:03:23,2026-02-07T130323UTC
Market Frankford Line,Somerset,Westbound ,No access to/from station,<ul><li>No access to/from station</li></ul>,https://www5.septa.org/about/accessibility/alternative-transportation/mfl-alternate/,2026-02-07 08:03:23,2026-02-07T130323UTC
Market Frankford Line,8th-Market,Westbound,No access to/from station,<ul><li>No access to/from station</li></ul>,https://www5.septa.org/about/accessibility/alternative-transportation/mfl-alternate/,2026-02-07 08:03:23,2026-02-07T130323UTC
Regional Rail,Gray 30th Street,"""A"" Platform",No access to/from Tracks 1 and 2,<ul><li>No access to/from Tracks 1 and 2</li></ul>,https://www5.septa.org/about/accessibility/alternative-transportation/regional-rail-alternate/,2026-02-07 08:03:23,2026-02-07T130323UTC
Broad Street Subway / Broad Ridge Spur,North Philadelphia,Southbound,No access to/from southbound platform ,<ul><li>No access to/from southbound platform</li></ul> ,https://www5.septa.org/about/accessibility/alternative-transportation/bsl-alternate/,2026-02-07 08:03:23,2026-02-07T130323UTC
Regional Rail,Wayne Junction,Outbound,No access to/from outbound platform (From Center City),<ul><li>No access to/from outbound platform (From Center City)</li></ul>,https://www5.septa.org/about/accessibility/alternative-transportation/regional-rail-alternate/,2026-02-07 08:03:23,2026-02-07T130323UTC
Regional Rail,Chester Transit Center,Inbound,No access to/from inbound platform (To Center City),<ul><li>No access to/from inbound platform (To Center City)</li></ul>,https://www5.septa.org/about/accessibility/alternative-transportation/regional-rail-alternate/,2026-02-07 08:03:23,2026-02-07T130323UTC
Market Frankford Line,15th St/City Hall,"Dilworth Park - South End (Street to Concourse)
","No access to/from the concourse on the south end
","<ul><li>No access to/from the concourse on the south end</li></ul>
",https://www5.septa.org/about/accessibility/alternative-transportation/mfl-alternate/,2026-02-07 08:03:23,2026-02-07T130323UTC
Regional Rail,Lansdale,Lansdale Garage #1,"No access to garage parking floors if both elevators out
","<ul><li>No access to garage parking floors if both elevators out</li></ul>
",https://www5.septa.org/about/accessibility/alternative-transportation/regional-rail-alternate/,2026-02-07 08:03:23,2026-02-07T130323UTC
Broad Street Subway / Broad Ridge Spur,Fern Rock Transit Center,Street Level,No access to/from station,<ul><li>No access to/from station</li></ul>,https://www5.septa.org/about/accessibility/alternative-transportation/bsl-alternate/,2026-02-07 09:33:14,2026-02-07T143314UTC
Broad Street Subway / Broad Ridge Spur,Olney Transit Center,Street to Mezzanine,No access to/from station,<ul><li>No access to/from station</li></ul>,https://www5.septa.org/about/accessibility/alternative-transportation/bsl-alternate/,2026-02-07 09:33:14,2026-02-07T143314UTC
Broad Street Subway / Broad Ridge Spur,Cecil B. Moore,Northbound Platform,No access to/from northbound platform,<ul><li>No access to/from northbound platform</li></ul>,https://www5.septa.org/about/accessibility/alternative-transportation/bsl-alternate/,2026-02-07 09:33:14,2026-02-07T143314UTC
Broad Street Subway / Broad Ridge Spur,Walnut-Locust,Southbound,No access to/from southbound platform,<ul><li>No access to/from southbound platform</li></ul>,https://www5.septa.org/about/accessibility/alternative-transportation/bsl-alternate/,2026-02-07 09:33:14,2026-02-07T143314UTC
Broad Street Subway / Broad Ridge Spur,8th-Market,Street Level,No access to/from station,<ul><li>No access to/from station</li></ul>,https://www5.septa.org/about/accessibility/alternative-transportation/bsl-alternate/,2026-02-07 09:33:14,2026-02-07T143314UTC
Market Frankford Line,Kensington-Allegheny,Westbound,No access to/from station,<ul><li>No access to/from station</li></ul>,https://www5.septa.org/about/accessibility/alternative-transportation/mfl-alternate/,2026-02-07 09:33:14,2026-02-07T143314UTC
Market Frankford Line,Somerset,Westbound ,No access to/from station,<ul><li>No access to/from station</li></ul>,https://www5.septa.org/about/accessibility/alternative-transportation/mfl-alternate/,2026-02-07 09:33:14,2026-02-07T143314UTC
Market Frankford Line,8th-Market,Westbound,No access to/from station,<ul><li>No access to/from station</li></ul>,https://www5.septa.org/about/accessibility/alternative-transportation/mfl-alternate/,2026-02-07 09:33:14,2026-02-07T143314UTC
Regional Rail,Gray 30th Street,"""A"" Platform",No access to/from Tracks 1 and 2,<ul><li>No access to/from Tracks 1 and 2</li></ul>,https://www5.septa.org/about/accessibility/alternative-transportation/regional-rail-alternate/,2026-02-07 09:33:14,2026-02-07T143314UTC
Broad Street Subway / Broad Ridge Spur,North Philadelphia,Southbound,No access to/from southbound platform ,<ul><li>No access to/from southbound platform</li></ul> ,https://www5.septa.org/about/accessibility/alternative-transportation/bsl-alternate/,2026-02-07 09:33:14,2026-02-07T143314UTC
Regional Rail,Wayne Junction,Outbound,No access to/from outbound platform (From Center City),<ul><li>No access to/from outbound platform (From Center City)</li></ul>,https://www5.septa.org/about/accessibility/alternative-transportation/regional-rail-alternate/,2026-02-07 09:33:14,2026-02-07T143314UTC
Regional Rail,Chester Transit Center,Inbound,No access to/from inbound platform (To Center City),<ul><li>No access to/from inbound platform (To Center City)</li></ul>,https://www5.septa.org/about/accessibility/alternative-transportation/regional-rail-alternate/,2026-02-07 09:33:14,2026-02-07T143314UTC
Market Frankford Line,15th St/City Hall,"Dilworth Park - South End (Street to Concourse)
","No access to/from the concourse on the south end
","<ul><li>No access to/from the concourse on the south end</li></ul>
",https://www5.septa.org/about/accessibility/alternative-transportation/mfl-alternate/,2026-02-07 09:33:14,2026-02-07T143314UTC
Regional Rail,Lansdale,Lansdale Garage #1,"No access to garage parking floors if both elevators out
","<ul><li>No access to garage parking floors if both elevators out</li></ul>
",https://www5.septa.org/about/accessibility/alternative-transportation/regional-rail-alternate/,2026-02-07 09:33:14,2026-02-07T143314UTC
Broad Street Subway / Broad Ridge Spur,Fern Rock Transit Center,Street Level,No access to/from station,<ul><li>No access to/from station</li></ul>,https://www5.septa.org/about/accessibility/alternative-transportation/bsl-alternate/,2026-02-07 11:38:41,2026-02-07T163841UTC
Broad Street Subway / Broad Ridge Spur,Olney Transit Center,Street to Mezzanine,No access to/from station,<ul><li>No access to/from station</li></ul>,https://www5.septa.org/about/accessibility/alternative-transportation/bsl-alternate/,2026-02-07 11:38:41,2026-02-07T163841UTC
Broad Street Subway / Broad Ridge Spur,Cecil B. Moore,Northbound Platform,No access to/from northbound platform,<ul><li>No access to/from northbound platform</li></ul>,https://www5.septa.org/about/accessibility/alternative-transportation/bsl-alternate/,2026-02-07 11:38:41,2026-02-07T163841UTC
Broad Street Subway / Broad Ridge Spur,Walnut-Locust,Southbound,No access to/from southbound platform,<ul><li>No access to/from southbound platform</li></ul>,https://www5.septa.org/about/accessibility/alternative-transportation/bsl-alternate/,2026-02-07 11:38:41,2026-02-07T163841UTC
Broad Street Subway / Broad Ridge Spur,8th-Market,Street Level,No access to/from station,<ul><li>No access to/from station</li></ul>,https://www5.septa.org/about/accessibility/alternative-transportation/bsl-alternate/,2026-02-07 11:38:41,2026-02-07T163841UTC
Market Frankford Line,Kensington-Allegheny,Westbound,No access to/from station,<ul><li>No access to/from station</li></ul>,https://www5.septa.org/about/accessibility/alternative-transportation/mfl-alternate/,2026-02-07 11:38:41,2026-02-07T163841UTC
Market Frankford Line,Somerset,Westbound ,No access to/from station,<ul><li>No access to/from station</li></ul>,https://www5.septa.org/about/accessibility/alternative-transportation/mfl-alternate/,2026-02-07 11:38:41,2026-02-07T163841UTC
Market Frankford Line,8th-Market,Westbound,No access to/from station,<ul><li>No access to/from station</li></ul>,https://www5.septa.org/about/accessibility/alternative-transportation/mfl-alternate/,2026-02-07 11:38:41,2026-02-07T163841UTC
Regional Rail,Gray 30th Street,"""A"" Platform",No access to/from Tracks 1 and 2,<ul><li>No access to/from Tracks 1 and 2</li></ul>,https://www5.septa.org/about/accessibility/alternative-transportation/regional-rail-alternate/,2026-02-07 11:38:41,2026-02-07T163841UTC
Broad Street Subway / Broad Ridge Spur,North Philadelphia,Southbound,No access to/from southbound platform ,<ul><li>No access to/from southbound platform</li></ul> ,https://www5.septa.org/about/accessibility/alternative-transportation/bsl-alternate/,2026-02-07 11:38:41,2026-02-07T163841UTC
Regional Rail,Wayne Junction,Outbound,No access to/from outbound platform (From Center City),<ul><li>No access to/from outbound platform (From Center City)</li></ul>,https://www5.septa.org/about/accessibility/alternative-transportation/regional-rail-alternate/,2026-02-07 11:38:41,2026-02-07T163841UTC
Regional Rail,Chester Transit Center,Inbound,No access to/from inbound platform (To Center City),<ul><li>No access to/from inbound platform (To Center City)</li></ul>,https://www5.septa.org/about/accessibility/alternative-transportation/regional-rail-alternate/,2026-02-07 11:38:41,2026-02-07T163841UTC
Market Frankford Line,15th St/City Hall,"Dilworth Park - South End (Street to Concourse)
","No access to/from the concourse on the south end
","<ul><li>No access to/from the concourse on the south end</li></ul>
",https://www5.septa.org/about/accessibility/alternative-transportation/mfl-alternate/,2026-02-07 11:38:41,2026-02-07T163841UTC
Regional Rail,Lansdale,Lansdale Garage #1,"No access to garage parking floors if both elevators out
","<ul><li>No access to garage parking floors if both elevators out</li></ul>
",https://www5.septa.org/about/accessibility/alternative-transportation/regional-rail-alternate/,2026-02-07 11:38:41,2026-02-07T163841UTC
Broad Street Subway / Broad Ridge Spur,Fern Rock Transit Center,Street Level,No access to/from station,<ul><li>No access to/from station</li></ul>,https://www5.septa.org/about/accessibility/alternative-transportation/bsl-alternate/,2026-02-07 13:45:44,2026-02-07T184544UTC
Broad Street Subway / Broad Ridge Spur,Olney Transit Center,Street to Mezzanine,No access to/from station,<ul><li>No access to/from station</li></ul>,https://www5.septa.org/about/accessibility/alternative-transportation/bsl-alternate/,2026-02-07 13:45:44,2026-02-07T184544UTC
Broad Street Subway / Broad Ridge Spur,Cecil B. Moore,Northbound Platform,No access to/from northbound platform,<ul><li>No access to/from northbound platform</li></ul>,https://www5.septa.org/about/accessibility/alternative-transportation/bsl-alternate/,2026-02-07 13:45:44,2026-02-07T184544UTC
Broad Street Subway / Broad Ridge Spur,Walnut-Locust,Southbound,No access to/from southbound platform,<ul><li>No access to/from southbound platform</li></ul>,https://www5.septa.org/about/accessibility/alternative-transportation/bsl-alternate/,2026-02-07 13:45:44,2026-02-07T184544UTC
Broad Street Subway / Broad Ridge Spur,8th-Market,Street Level,No access to/from station,<ul><li>No access to/from station</li></ul>,https://www5.septa.org/about/accessibility/alternative-transportation/bsl-alternate/,2026-02-07 13:45:44,2026-02-07T184544UTC
Market Frankford Line,Kensington-Allegheny,Westbound,No access to/from station,<ul><li>No access to/from station</li></ul>,https://www5.septa.org/about/accessibility/alternative-transportation/mfl-alternate/,2026-02-07 13:45:44,2026-02-07T184544UTC
Market Frankford Line,Somerset,Westbound ,No access to/from station,<ul><li>No access to/from station</li></ul>,https://www5.septa.org/about/accessibility/alternative-transportation/mfl-alternate/,2026-02-07 13:45:44,2026-02-07T184544UTC
Market Frankford Line,8th-Market,Westbound,No access to/from station,<ul><li>No access to/from station</li></ul>,https://www5.septa.org/about/accessibility/alternative-transportation/mfl-alternate/,2026-02-07 13:45:44,2026-02-07T184544UTC
Regional Rail,Gray 30th Street,"""A"" Platform",No access to/from Tracks 1 and 2,<ul><li>No access to/from Tracks 1 and 2</li></ul>,https://www5.septa.org/about/accessibility/alternative-transportation/regional-rail-alternate/,2026-02-07 13:45:44,2026-02-07T184544UTC
Broad Street Subway / Broad Ridge Spur,North Philadelphia,Southbound,No access to/from southbound platform ,<ul><li>No access to/from southbound platform</li></ul> ,https://www5.septa.org/about/accessibility/alternative-transportation/bsl-alternate/,2026-02-07 13:45:44,2026-02-07T184544UTC
Regional Rail,Wayne Junction,Outbound,No access to/from outbound platform (From Center City),<ul><li>No access to/from outbound platform (From Center City)</li></ul>,https://www5.septa.org/about/accessibility/alternative-transportation/regional-rail-alternate/,2026-02-07 13:45:44,2026-02-07T184544UTC
Regional Rail,Chester Transit Center,Inbound,No access to/from inbound platform (To Center City),<ul><li>No access to/from inbound platform (To Center City)</li></ul>,https://www5.septa.org/about/accessibility/alternative-transportation/regional-rail-alternate/,2026-02-07 13:45:44,2026-02-07T184544UTC
Market Frankford Line,15th St/City Hall,"Dilworth Park - South End (Street to Concourse)
","No access to/from the concourse on the south end
","<ul><li>No access to/from the concourse on the south end</li></ul>
",https://www5.septa.org/about/accessibility/alternative-transportation/mfl-alternate/,2026-02-07 13:45:44,2026-02-07T184544UTC
Regional Rail,Lansdale,Lansdale Garage #1,"No access to garage parking floors if both elevators out
","<ul><li>No access to garage parking floors if both elevators out</li></ul>
",https://www5.septa.org/about/accessibility/alternative-transportation/regional-rail-alternate/,2026-02-07 13:45:44,2026-02-07T184544UTC
Broad Street Subway / Broad Ridge Spur,Fern Rock Transit Center,Street Level,No access to/from station,<ul><li>No access to/from station</li></ul>,https://www5.septa.org/about/accessibility/alternative-transportation/bsl-alternate/,2026-02-07 15:35:46,2026-02-07T203546UTC
Broad Street Subway / Broad Ridge Spur,Olney Transit Center,Street to Mezzanine,No access to/from station,<ul><li>No access to/from station</li></ul>,https://www5.septa.org/about/accessibility/alternative-transportation/bsl-alternate/,2026-02-07 15:35:46,2026-02-07T203546UTC
Broad Street Subway / Broad Ridge Spur,Cecil B. Moore,Northbound Platform,No access to/from northbound platform,<ul><li>No access to/from northbound platform</li></ul>,https://www5.septa.org/about/accessibility/alternative-transportation/bsl-alternate/,2026-02-07 15:35:46,2026-02-07T203546UTC
Broad Street Subway / Broad Ridge Spur,Walnut-Locust,Southbound,No access to/from southbound platform,<ul><li>No access to/from southbound platform</li></ul>,https://www5.septa.org/about/accessibility/alternative-transportation/bsl-alternate/,2026-02-07 15:35:46,2026-02-07T203546UTC
Broad Street Subway / Broad Ridge Spur,8th-Market,Street Level,No access to/from station,<ul><li>No access to/from station</li></ul>,https://www5.septa.org/about/accessibility/alternative-transportation/bsl-alternate/,2026-02-07 15:35:46,2026-02-07T203546UTC
Market Frankford Line,Kensington-Allegheny,Westbound,No access to/from station,<ul><li>No access to/from station</li></ul>,https://www5.septa.org/about/accessibility/alternative-transportation/mfl-alternate/,2026-02-07 15:35:46,2026-02-07T203546UTC
Market Frankford Line,Somerset,Westbound ,No access to/from station,<ul><li>No access to/from station</li></ul>,https://www5.septa.org/about/accessibility/alternative-transportation/mfl-alternate/,2026-02-07 15:35:46,2026-02-07T203546UTC
Market Frankford Line,8th-Market,Westbound,No access to/from station,<ul><li>No access to/from station</li></ul>,https://www5.septa.org/about/accessibility/alternative-transportation/mfl-alternate/,2026-02-07 15:35:46,2026-02-07T203546UTC
Regional Rail,Gray 30th Street,"""A"" Platform",No access to/from Tracks 1 and 2,<ul><li>No access to/from Tracks 1 and 2</li></ul>,https://www5.septa.org/about/accessibility/alternative-transportation/regional-rail-alternate/,2026-02-07 15:35:46,2026-02-07T203546UTC
Broad Street Subway / Broad Ridge Spur,North Philadelphia,Southbound,No access to/from southbound platform ,<ul><li>No access to/from southbound platform</li></ul> ,https://www5.septa.org/about/accessibility/alternative-transportation/bsl-alternate/,2026-02-07 15:35:46,2026-02-07T203546UTC
Regional Rail,Wayne Junction,Outbound,No access to/from outbound platform (From Center City),<ul><li>No access to/from outbound platform (From Center City)</li></ul>,https://www5.septa.org/about/accessibility/alternative-transportation/regional-rail-alternate/,2026-02-07 15:35:46,2026-02-07T203546UTC
Regional Rail,Chester Transit Center,Inbound,No access to/from inbound platform (To Center City),<ul><li>No access to/from inbound platform (To Center City)</li></ul>,https://www5.septa.org/about/accessibility/alternative-transportation/regional-rail-alternate/,2026-02-07 15:35:46,2026-02-07T203546UTC
Market Frankford Line,15th St/City Hall,"Dilworth Park - South End (Street to Concourse)
","No access to/from the concourse on the south end
","<ul><li>No access to/from the concourse on the south end</li></ul>
",https://www5.septa.org/about/accessibility/alternative-transportation/mfl-alternate/,2026-02-07 15:35:46,2026-02-07T203546UTC
Regional Rail,Lansdale,Lansdale Garage #1,"No access to garage parking floors if both elevators out
","<ul><li>No access to garage parking floors if both elevators out</li></ul>
",https://www5.septa.org/about/accessibility/alternative-transportation/regional-rail-alternate/,2026-02-07 15:35:46,2026-02-07T203546UTC
Broad Street Subway / Broad Ridge Spur,Fern Rock Transit Center,Street Level,No access to/from station,<ul><li>No access to/from station</li></ul>,https://www5.septa.org/about/accessibility/alternative-transportation/bsl-alternate/,2026-02-07 17:33:48,2026-02-07T223348UTC
Broad Street Subway / Broad Ridge Spur,Olney Transit Center,Street to Mezzanine,No access to/from station,<ul><li>No access to/from station</li></ul>,https://www5.septa.org/about/accessibility/alternative-transportation/bsl-alternate/,2026-02-07 17:33:48,2026-02-07T223348UTC
Broad Street Subway / Broad Ridge Spur,Cecil B. Moore,Northbound Platform,No access to/from northbound platform,<ul><li>No access to/from northbound platform</li></ul>,https://www5.septa.org/about/accessibility/alternative-transportation/bsl-alternate/,2026-02-07 17:33:48,2026-02-07T223348UTC
Broad Street Subway / Broad Ridge Spur,Walnut-Locust,Southbound,No access to/from southbound platform,<ul><li>No access to/from southbound platform</li></ul>,https://www5.septa.org/about/accessibility/alternative-transportation/bsl-alternate/,2026-02-07 17:33:48,2026-02-07T223348UTC
Broad Street Subway / Broad Ridge Spur,8th-Market,Street Level,No access to/from station,<ul><li>No access to/from station</li></ul>,https://www5.septa.org/about/accessibility/alternative-transportation/bsl-alternate/,2026-02-07 17:33:48,2026-02-07T223348UTC
Market Frankford Line,Kensington-Allegheny,Westbound,No access to/from station,<ul><li>No access to/from station</li></ul>,https://www5.septa.org/about/accessibility/alternative-transportation/mfl-alternate/,2026-02-07 17:33:48,2026-02-07T223348UTC
Market Frankford Line,Somerset,Westbound ,No access to/from station,<ul><li>No access to/from station</li></ul>,https://www5.septa.org/about/accessibility/alternative-transportation/mfl-alternate/,2026-02-07 17:33:48,2026-02-07T223348UTC
Market Frankford Line,8th-Market,Westbound,No access to/from station,<ul><li>No access to/from station</li></ul>,https://www5.septa.org/about/accessibility/alternative-transportation/mfl-alternate/,2026-02-07 17:33:48,2026-02-07T223348UTC
Regional Rail,Gray 30th Street,"""A"" Platform",No access to/from Tracks 1 and 2,<ul><li>No access to/from Tracks 1 and 2</li></ul>,https://www5.septa.org/about/accessibility/alternative-transportation/regional-rail-alternate/,2026-02-07 17:33:48,2026-02-07T223348UTC
Broad Street Subway / Broad Ridge Spur,North Philadelphia,Southbound,No access to/from southbound platform ,<ul><li>No access to/from southbound platform</li></ul> ,https://www5.septa.org/about/accessibility/alternative-transportation/bsl-alternate/,2026-02-07 17:33:48,2026-02-07T223348UTC
Regional Rail,Wayne Junction,Outbound,No access to/from outbound platform (From Center City),<ul><li>No access to/from outbound platform (From Center City)</li></ul>,https://www5.septa.org/about/accessibility/alternative-transportation/regional-rail-alternate/,2026-02-07 17:33:48,2026-02-07T223348UTC
Regional Rail,Chester Transit Center,Inbound,No access to/from inbound platform (To Center City),<ul><li>No access to/from inbound platform (To Center City)</li></ul>,https://www5.septa.org/about/accessibility/alternative-transportation/regional-rail-alternate/,2026-02-07 17:33:48,2026-02-07T223348UTC
Market Frankford Line,15th St/City Hall,"Dilworth Park - South End (Street to Concourse)
","No access to/from the concourse on the south end
","<ul><li>No access to/from the concourse on the south end</li></ul>
",https://www5.septa.org/about/accessibility/alternative-transportation/mfl-alternate/,2026-02-07 17:33:48,2026-02-07T223348UTC
Regional Rail,Lansdale,Lansdale Garage #1,"No access to garage parking floors if both elevators out
","<ul><li>No access to garage parking floors if both elevators out</li></ul>
",https://www5.septa.org/about/accessibility/alternative-transportation/regional-rail-alternate/,2026-02-07 17:33:48,2026-02-07T223348UTC
Broad Street Subway / Broad Ridge Spur,Fern Rock Transit Center,Street Level,No access to/from station,<ul><li>No access to/from station</li></ul>,https://www5.septa.org/about/accessibility/alternative-transportation/bsl-alternate/,2026-02-07 22:18:57,2026-02-08T031857UTC
Broad Street Subway / Broad Ridge Spur,Olney Transit Center,Street to Mezzanine,No access to/from station,<ul><li>No access to/from station</li></ul>,https://www5.septa.org/about/accessibility/alternative-transportation/bsl-alternate/,2026-02-07 22:18:57,2026-02-08T031857UTC
Broad Street Subway / Broad Ridge Spur,Cecil B. Moore,Northbound Platform,No access to/from northbound platform,<ul><li>No access to/from northbound platform</li></ul>,https://www5.septa.org/about/accessibility/alternative-transportation/bsl-alternate/,2026-02-07 22:18:57,2026-02-08T031857UTC
Broad Street Subway / Broad Ridge Spur,Walnut-Locust,Southbound,No access to/from southbound platform,<ul><li>No access to/from southbound platform</li></ul>,https://www5.septa.org/about/accessibility/alternative-transportation/bsl-alternate/,2026-02-07 22:18:57,2026-02-08T031857UTC
Broad Street Subway / Broad Ridge Spur,8th-Market,Street Level,No access to/from station,<ul><li>No access to/from station</li></ul>,https://www5.septa.org/about/accessibility/alternative-transportation/bsl-alternate/,2026-02-07 22:18:57,2026-02-08T031857UTC
Market Frankford Line,Kensington-Allegheny,Westbound,No access to/from station,<ul><li>No access to/from station</li></ul>,https://www5.septa.org/about/accessibility/alternative-transportation/mfl-alternate/,2026-02-07 22:18:57,2026-02-08T031857UTC
Market Frankford Line,Somerset,Westbound ,No access to/from station,<ul><li>No access to/from station</li></ul>,https://www5.septa.org/about/accessibility/alternative-transportation/mfl-alternate/,2026-02-07 22:18:57,2026-02-08T031857UTC
Market Frankford Line,8th-Market,Westbound,No access to/from station,<ul><li>No access to/from station</li></ul>,https://www5.septa.org/about/accessibility/alternative-transportation/mfl-alternate/,2026-02-07 22:18:57,2026-02-08T031857UTC
Regional Rail,Gray 30th Street,"""A"" Platform",No access to/from Tracks 1 and 2,<ul><li>No access to/from Tracks 1 and 2</li></ul>,https://www5.septa.org/about/accessibility/alternative-transportation/regional-rail-alternate/,2026-02-07 22:18:57,2026-02-08T031857UTC
Broad Street Subway / Broad Ridge Spur,North Philadelphia,Southbound,No access to/from southbound platform ,<ul><li>No access to/from southbound platform</li></ul> ,https://www5.septa.org/about/accessibility/alternative-transportation/bsl-alternate/,2026-02-07 22:18:57,2026-02-08T031857UTC
Regional Rail,Wayne Junction,Outbound,No access to/from outbound platform (From Center City),<ul><li>No access to/from outbound platform (From Center City)</li></ul>,https://www5.septa.org/about/accessibility/alternative-transportation/regional-rail-alternate/,2026-02-07 22:18:57,2026-02-08T031857UTC
Regional Rail,Chester Transit Center,Inbound,No access to/from inbound platform (To Center City),<ul><li>No access to/from inbound platform (To Center City)</li></ul>,https://www5.septa.org/about/accessibility/alternative-transportation/regional-rail-alternate/,2026-02-07 22:18:57,2026-02-08T031857UTC
Market Frankford Line,15th St/City Hall,"Dilworth Park - South End (Street to Concourse)
","No access to/from the concourse on the south end
","<ul><li>No access to/from the concourse on the south end</li></ul>
",https://www5.septa.org/about/accessibility/alternative-transportation/mfl-alternate/,2026-02-07 22:18:57,2026-02-08T031857UTC
Regional Rail,Lansdale,Lansdale Garage #1,"No access to garage parking floors if both elevators out
","<ul><li>No access to garage parking floors if both elevators out</li></ul>
",https://www5.septa.org/about/accessibility/alternative-transportation/regional-rail-alternate/,2026-02-07 22:18:57,2026-02-08T031857UTC
Broad Street Subway / Broad Ridge Spur,Fern Rock Transit Center,Street Level,No access to/from station,<ul><li>No access to/from station</li></ul>,https://www5.septa.org/about/accessibility/alternative-transportation/bsl-alternate/,2026-02-08 00:25:52,2026-02-08T052552UTC
Broad Street Subway / Broad Ridge Spur,Olney Transit Center,Street to Mezzanine,No access to/from station,<ul><li>No access to/from station</li></ul>,https://www5.septa.org/about/accessibility/alternative-transportation/bsl-alternate/,2026-02-08 00:25:52,2026-02-08T052552UTC
Broad Street Subway / Broad Ridge Spur,Cecil B. Moore,Northbound Platform,No access to/from northbound platform,<ul><li>No access to/from northbound platform</li></ul>,https://www5.septa.org/about/accessibility/alternative-transportation/bsl-alternate/,2026-02-08 00:25:52,2026-02-08T052552UTC
Broad Street Subway / Broad Ridge Spur,Walnut-Locust,Southbound,No access to/from southbound platform,<ul><li>No access to/from southbound platform</li></ul>,https://www5.septa.org/about/accessibility/alternative-transportation/bsl-alternate/,2026-02-08 00:25:52,2026-02-08T052552UTC
Broad Street Subway / Broad Ridge Spur,8th-Market,Street Level,No access to/from station,<ul><li>No access to/from station</li></ul>,https://www5.septa.org/about/accessibility/alternative-transportation/bsl-alternate/,2026-02-08 00:25:52,2026-02-08T052552UTC
Market Frankford Line,Kensington-Allegheny,Westbound,No access to/from station,<ul><li>No access to/from station</li></ul>,https://www5.septa.org/about/accessibility/alternative-transportation/mfl-alternate/,2026-02-08 00:25:52,2026-02-08T052552UTC
Market Frankford Line,Somerset,Westbound ,No access to/from station,<ul><li>No access to/from station</li></ul>,https://www5.septa.org/about/accessibility/alternative-transportation/mfl-alternate/,2026-02-08 00:25:52,2026-02-08T052552UTC
Market Frankford Line,8th-Market,Westbound,No access to/from station,<ul><li>No access to/from station</li></ul>,https://www5.septa.org/about/accessibility/alternative-transportation/mfl-alternate/,2026-02-08 00:25:52,2026-02-08T052552UTC
Regional Rail,Gray 30th Street,"""A"" Platform",No access to/from Tracks 1 and 2,<ul><li>No access to/from Tracks 1 and 2</li></ul>,https://www5.septa.org/about/accessibility/alternative-transportation/regional-rail-alternate/,2026-02-08 00:25:52,2026-02-08T052552UTC
Broad Street Subway / Broad Ridge Spur,North Philadelphia,Southbound,No access to/from southbound platform ,<ul><li>No access to/from southbound platform</li></ul> ,https://www5.septa.org/about/accessibility/alternative-transportation/bsl-alternate/,2026-02-08 00:25:52,2026-02-08T052552UTC
Regional Rail,Wayne Junction,Outbound,No access to/from outbound platform (From Center City),<ul><li>No access to/from outbound platform (From Center City)</li></ul>,https://www5.septa.org/about/accessibility/alternative-transportation/regional-rail-alternate/,2026-02-08 00:25:52,2026-02-08T052552UTC
Regional Rail,Chester Transit Center,Inbound,No access to/from inbound platform (To Center City),<ul><li>No access to/from inbound platform (To Center City)</li></ul>,https://www5.septa.org/about/accessibility/alternative-transportation/regional-rail-alternate/,2026-02-08 00:25:52,2026-02-08T052552UTC
Market Frankford Line,15th St/City Hall,"Dilworth Park - South End (Street to Concourse)
","No access to/from the concourse on the south end
","<ul><li>No access to/from the concourse on the south end</li></ul>
",https://www5.septa.org/about/accessibility/alternative-transportation/mfl-alternate/,2026-02-08 00:25:52,2026-02-08T052552UTC
Regional Rail,Lansdale,Lansdale Garage #1,"No access to garage parking floors if both elevators out
","<ul><li>No access to garage parking floors if both elevators out</li></ul>
",https://www5.septa.org/about/accessibility/alternative-transportation/regional-rail-alternate/,2026-02-08 00:25:52,2026-02-08T052552UTC
Broad Street Subway / Broad Ridge Spur,Fern Rock Transit Center,Street Level,No access to/from station,<ul><li>No access to/from station</li></ul>,https://www5.septa.org/about/accessibility/alternative-transportation/bsl-alternate/,2026-02-08 01:59:19,2026-02-08T065919UTC
Broad Street Subway / Broad Ridge Spur,Olney Transit Center,Street to Mezzanine,No access to/from station,<ul><li>No access to/from station</li></ul>,https://www5.septa.org/about/accessibility/alternative-transportation/bsl-alternate/,2026-02-08 01:59:19,2026-02-08T065919UTC
Broad Street Subway / Broad Ridge Spur,Cecil B. Moore,Northbound Platform,No access to/from northbound platform,<ul><li>No access to/from northbound platform</li></ul>,https://www5.septa.org/about/accessibility/alternative-transportation/bsl-alternate/,2026-02-08 01:59:19,2026-02-08T065919UTC
Broad Street Subway / Broad Ridge Spur,Walnut-Locust,Southbound,No access to/from southbound platform,<ul><li>No access to/from southbound platform</li></ul>,https://www5.septa.org/about/accessibility/alternative-transportation/bsl-alternate/,2026-02-08 01:59:19,2026-02-08T065919UTC
Broad Street Subway / Broad Ridge Spur,8th-Market,Street Level,No access to/from station,<ul><li>No access to/from station</li></ul>,https://www5.septa.org/about/accessibility/alternative-transportation/bsl-alternate/,2026-02-08 01:59:19,2026-02-08T065919UTC
Market Frankford Line,Kensington-Allegheny,Westbound,No access to/from station,<ul><li>No access to/from station</li></ul>,https://www5.septa.org/about/accessibility/alternative-transportation/mfl-alternate/,2026-02-08 01:59:19,2026-02-08T065919UTC
Market Frankford Line,Somerset,Westbound ,No access to/from station,<ul><li>No access to/from station</li></ul>,https://www5.septa.org/about/accessibility/alternative-transportation/mfl-alternate/,2026-02-08 01:59:19,2026-02-08T065919UTC
Market Frankford Line,8th-Market,Westbound,No access to/from station,<ul><li>No access to/from station</li></ul>,https://www5.septa.org/about/accessibility/alternative-transportation/mfl-alternate/,2026-02-08 01:59:19,2026-02-08T065919UTC
Regional Rail,Gray 30th Street,"""A"" Platform",No access to/from Tracks 1 and 2,<ul><li>No access to/from Tracks 1 and 2</li></ul>,https://www5.septa.org/about/accessibility/alternative-transportation/regional-rail-alternate/,2026-02-08 01:59:19,2026-02-08T065919UTC
Broad Street Subway / Broad Ridge Spur,North Philadelphia,Southbound,No access to/from southbound platform ,<ul><li>No access to/from southbound platform</li></ul> ,https://www5.septa.org/about/accessibility/alternative-transportation/bsl-alternate/,2026-02-08 01:59:19,2026-02-08T065919UTC
Regional Rail,Wayne Junction,Outbound,No access to/from outbound platform (From Center City),<ul><li>No access to/from outbound platform (From Center City)</li></ul>,https://www5.septa.org/about/accessibility/alternative-transportation/regional-rail-alternate/,2026-02-08 01:59:19,2026-02-08T065919UTC
Regional Rail,Chester Transit Center,Inbound,No access to/from inbound platform (To Center City),<ul><li>No access to/from inbound platform (To Center City)</li></ul>,https://www5.septa.org/about/accessibility/alternative-transportation/regional-rail-alternate/,2026-02-08 01:59:19,2026-02-08T065919UTC
Market Frankford Line,15th St/City Hall,"Dilworth Park - South End (Street to Concourse)
","No access to/from the concourse on the south end
","<ul><li>No access to/from the concourse on the south end</li></ul>
",https://www5.septa.org/about/accessibility/alternative-transportation/mfl-alternate/,2026-02-08 01:59:19,2026-02-08T065919UTC
Regional Rail,Lansdale,Lansdale Garage #1,"No access to garage parking floors if both elevators out
","<ul><li>No access to garage parking floors if both elevators out</li></ul>
",https://www5.septa.org/about/accessibility/alternative-transportation/regional-rail-alternate/,2026-02-08 01:59:19,2026-02-08T065919UTC
Broad Street Subway / Broad Ridge Spur,Fern Rock Transit Center,Street Level,No access to/from station,<ul><li>No access to/from station</li></ul>,https://www5.septa.org/about/accessibility/alternative-transportation/bsl-alternate/,2026-02-08 03:40:58,2026-02-08T084058UTC
Broad Street Subway / Broad Ridge Spur,Olney Transit Center,Street to Mezzanine,No access to/from station,<ul><li>No access to/from station</li></ul>,https://www5.septa.org/about/accessibility/alternative-transportation/bsl-alternate/,2026-02-08 03:40:58,2026-02-08T084058UTC
Broad Street Subway / Broad Ridge Spur,Cecil B. Moore,Northbound Platform,No access to/from northbound platform,<ul><li>No access to/from northbound platform</li></ul>,https://www5.septa.org/about/accessibility/alternative-transportation/bsl-alternate/,2026-02-08 03:40:58,2026-02-08T084058UTC
Broad Street Subway / Broad Ridge Spur,Walnut-Locust,Southbound,No access to/from southbound platform,<ul><li>No access to/from southbound platform</li></ul>,https://www5.septa.org/about/accessibility/alternative-transportation/bsl-alternate/,2026-02-08 03:40:58,2026-02-08T084058UTC
Broad Street Subway / Broad Ridge Spur,8th-Market,Street Level,No access to/from station,<ul><li>No access to/from station</li></ul>,https://www5.septa.org/about/accessibility/alternative-transportation/bsl-alternate/,2026-02-08 03:40:58,2026-02-08T084058UTC
Market Frankford Line,Kensington-Allegheny,Westbound,No access to/from station,<ul><li>No access to/from station</li></ul>,https://www5.septa.org/about/accessibility/alternative-transportation/mfl-alternate/,2026-02-08 03:40:58,2026-02-08T084058UTC
Market Frankford Line,Somerset,Westbound ,No access to/from station,<ul><li>No access to/from station</li></ul>,https://www5.septa.org/about/accessibility/alternative-transportation/mfl-alternate/,2026-02-08 03:40:58,2026-02-08T084058UTC
Market Frankford Line,8th-Market,Westbound,No access to/from station,<ul><li>No access to/from station</li></ul>,https://www5.septa.org/about/accessibility/alternative-transportation/mfl-alternate/,2026-02-08 03:40:58,2026-02-08T084058UTC
Regional Rail,Gray 30th Street,"""A"" Platform",No access to/from Tracks 1 and 2,<ul><li>No access to/from Tracks 1 and 2</li></ul>,https://www5.septa.org/about/accessibility/alternative-transportation/regional-rail-alternate/,2026-02-08 03:40:58,2026-02-08T084058UTC
Broad Street Subway / Broad Ridge Spur,North Philadelphia,Southbound,No access to/from southbound platform ,<ul><li>No access to/from southbound platform</li></ul> ,https://www5.septa.org/about/accessibility/alternative-transportation/bsl-alternate/,2026-02-08 03:40:58,2026-02-08T084058UTC
Regional Rail,Wayne Junction,Outbound,No access to/from outbound platform (From Center City),<ul><li>No access to/from outbound platform (From Center City)</li></ul>,https://www5.septa.org/about/accessibility/alternative-transportation/regional-rail-alternate/,2026-02-08 03:40:58,2026-02-08T084058UTC
Regional Rail,Chester Transit Center,Inbound,No access to/from inbound platform (To Center City),<ul><li>No access to/from inbound platform (To Center City)</li></ul>,https://www5.septa.org/about/accessibility/alternative-transportation/regional-rail-alternate/,2026-02-08 03:40:58,2026-02-08T084058UTC
Market Frankford Line,15th St/City Hall,"Dilworth Park - South End (Street to Concourse)
","No access to/from the concourse on the south end
","<ul><li>No access to/from the concourse on the south end</li></ul>
",https://www5.septa.org/about/accessibility/alternative-transportation/mfl-alternate/,2026-02-08 03:40:58,2026-02-08T084058UTC
Regional Rail,Lansdale,Lansdale Garage #1,"No access to garage parking floors if both elevators out
","<ul><li>No access to garage parking floors if both elevators out</li></ul>
",https://www5.septa.org/about/accessibility/alternative-transportation/regional-rail-alternate/,2026-02-08 03:40:58,2026-02-08T084058UTC
Broad Street Subway / Broad Ridge Spur,Fern Rock Transit Center,Street Level,No access to/from station,<ul><li>No access to/from station</li></ul>,https://www5.septa.org/about/accessibility/alternative-transportation/bsl-alternate/,2026-02-08 05:35:07,2026-02-08T103507UTC
Broad Street Subway / Broad Ridge Spur,Olney Transit Center,Street to Mezzanine,No access to/from station,<ul><li>No access to/from station</li></ul>,https://www5.septa.org/about/accessibility/alternative-transportation/bsl-alternate/,2026-02-08 05:35:07,2026-02-08T103507UTC
Broad Street Subway / Broad Ridge Spur,Cecil B. Moore,Northbound Platform,No access to/from northbound platform,<ul><li>No access to/from northbound platform</li></ul>,https://www5.septa.org/about/accessibility/alternative-transportation/bsl-alternate/,2026-02-08 05:35:07,2026-02-08T103507UTC
Broad Street Subway / Broad Ridge Spur,Walnut-Locust,Southbound,No access to/from southbound platform,<ul><li>No access to/from southbound platform</li></ul>,https://www5.septa.org/about/accessibility/alternative-transportation/bsl-alternate/,2026-02-08 05:35:07,2026-02-08T103507UTC
Broad Street Subway / Broad Ridge Spur,8th-Market,Street Level,No access to/from station,<ul><li>No access to/from station</li></ul>,https://www5.septa.org/about/accessibility/alternative-transportation/bsl-alternate/,2026-02-08 05:35:07,2026-02-08T103507UTC
Market Frankford Line,Kensington-Allegheny,Westbound,No access to/from station,<ul><li>No access to/from station</li></ul>,https://www5.septa.org/about/accessibility/alternative-transportation/mfl-alternate/,2026-02-08 05:35:07,2026-02-08T103507UTC
Market Frankford Line,Somerset,Westbound ,No access to/from station,<ul><li>No access to/from station</li></ul>,https://www5.septa.org/about/accessibility/alternative-transportation/mfl-alternate/,2026-02-08 05:35:07,2026-02-08T103507UTC
Market Frankford Line,8th-Market,Westbound,No access to/from station,<ul><li>No access to/from station</li></ul>,https://www5.septa.org/about/accessibility/alternative-transportation/mfl-alternate/,2026-02-08 05:35:07,2026-02-08T103507UTC
Regional Rail,Gray 30th Street,"""A"" Platform",No access to/from Tracks 1 and 2,<ul><li>No access to/from Tracks 1 and 2</li></ul>,https://www5.septa.org/about/accessibility/alternative-transportation/regional-rail-alternate/,2026-02-08 05:35:07,2026-02-08T103507UTC
Broad Street Subway / Broad Ridge Spur,North Philadelphia,Southbound,No access to/from southbound platform ,<ul><li>No access to/from southbound platform</li></ul> ,https://www5.septa.org/about/accessibility/alternative-transportation/bsl-alternate/,2026-02-08 05:35:07,2026-02-08T103507UTC
Regional Rail,Wayne Junction,Outbound,No access to/from outbound platform (From Center City),<ul><li>No access to/from outbound platform (From Center City)</li></ul>,https://www5.septa.org/about/accessibility/alternative-transportation/regional-rail-alternate/,2026-02-08 05:35:07,2026-02-08T103507UTC
Regional Rail,Chester Transit Center,Inbound,No access to/from inbound platform (To Center City),<ul><li>No access to/from inbound platform (To Center City)</li></ul>,https://www5.septa.org/about/accessibility/alternative-transportation/regional-rail-alternate/,2026-02-08 05:35:07,2026-02-08T103507UTC
Market Frankford Line,15th St/City Hall,"Dilworth Park - South End (Street to Concourse)
","No access to/from the concourse on the south end
","<ul><li>No access to/from the concourse on the south end</li></ul>
",https://www5.septa.org/about/accessibility/alternative-transportation/mfl-alternate/,2026-02-08 05:35:07,2026-02-08T103507UTC
Regional Rail,Lansdale,Lansdale Garage #1,"No access to garage parking floors if both elevators out
","<ul><li>No access to garage parking floors if both elevators out</li></ul>
",https://www5.septa.org/about/accessibility/alternative-transportation/regional-rail-alternate/,2026-02-08 05:35:07,2026-02-08T103507UTC
Broad Street Subway / Broad Ridge Spur,Fern Rock Transit Center,Street Level,No access to/from station,<ul><li>No access to/from station</li></ul>,https://www5.septa.org/about/accessibility/alternative-transportation/bsl-alternate/,2026-02-08 08:04:08,2026-02-08T130408UTC
Broad Street Subway / Broad Ridge Spur,Olney Transit Center,Street to Mezzanine,No access to/from station,<ul><li>No access to/from station</li></ul>,https://www5.septa.org/about/accessibility/alternative-transportation/bsl-alternate/,2026-02-08 08:04:08,2026-02-08T130408UTC
Broad Street Subway / Broad Ridge Spur,Cecil B. Moore,Northbound Platform,No access to/from northbound platform,<ul><li>No access to/from northbound platform</li></ul>,https://www5.septa.org/about/accessibility/alternative-transportation/bsl-alternate/,2026-02-08 08:04:08,2026-02-08T130408UTC
Broad Street Subway / Broad Ridge Spur,Walnut-Locust,Southbound,No access to/from southbound platform,<ul><li>No access to/from southbound platform</li></ul>,https://www5.septa.org/about/accessibility/alternative-transportation/bsl-alternate/,2026-02-08 08:04:08,2026-02-08T130408UTC
Broad Street Subway / Broad Ridge Spur,8th-Market,Street Level,No access to/from station,<ul><li>No access to/from station</li></ul>,https://www5.septa.org/about/accessibility/alternative-transportation/bsl-alternate/,2026-02-08 08:04:08,2026-02-08T130408UTC
Market Frankford Line,Kensington-Allegheny,Westbound,No access to/from station,<ul><li>No access to/from station</li></ul>,https://www5.septa.org/about/accessibility/alternative-transportation/mfl-alternate/,2026-02-08 08:04:08,2026-02-08T130408UTC
Market Frankford Line,Somerset,Westbound ,No access to/from station,<ul><li>No access to/from station</li></ul>,https://www5.septa.org/about/accessibility/alternative-transportation/mfl-alternate/,2026-02-08 08:04:08,2026-02-08T130408UTC
Market Frankford Line,Berks,Westbound,No access to/from station,<ul><li>No access to/from station</li></ul>,https://www5.septa.org/about/accessibility/alternative-transportation/mfl-alternate/,2026-02-08 08:04:08,2026-02-08T130408UTC
Market Frankford Line,8th-Market,Westbound,No access to/from station,<ul><li>No access to/from station</li></ul>,https://www5.septa.org/about/accessibility/alternative-transportation/mfl-alternate/,2026-02-08 08:04:08,2026-02-08T130408UTC
Regional Rail,Gray 30th Street,"""A"" Platform",No access to/from Tracks 1 and 2,<ul><li>No access to/from Tracks 1 and 2</li></ul>,https://www5.septa.org/about/accessibility/alternative-transportation/regional-rail-alternate/,2026-02-08 08:04:08,2026-02-08T130408UTC
Broad Street Subway / Broad Ridge Spur,North Philadelphia,Southbound,No access to/from southbound platform ,<ul><li>No access to/from southbound platform</li></ul> ,https://www5.septa.org/about/accessibility/alternative-transportation/bsl-alternate/,2026-02-08 08:04:08,2026-02-08T130408UTC
Regional Rail,Wayne Junction,Outbound,No access to/from outbound platform (From Center City),<ul><li>No access to/from outbound platform (From Center City)</li></ul>,https://www5.septa.org/about/accessibility/alternative-transportation/regional-rail-alternate/,2026-02-08 08:04:08,2026-02-08T130408UTC
Regional Rail,Chester Transit Center,Inbound,No access to/from inbound platform (To Center City),<ul><li>No access to/from inbound platform (To Center City)</li></ul>,https://www5.septa.org/about/accessibility/alternative-transportation/regional-rail-alternate/,2026-02-08 08:04:08,2026-02-08T130408UTC
Market Frankford Line,15th St/City Hall,"Dilworth Park - South End (Street to Concourse)
","No access to/from the concourse on the south end
","<ul><li>No access to/from the concourse on the south end</li></ul>
",https://www5.septa.org/about/accessibility/alternative-transportation/mfl-alternate/,2026-02-08 08:04:08,2026-02-08T130408UTC
Regional Rail,Lansdale,Lansdale Garage #1,"No access to garage parking floors if both elevators out
","<ul><li>No access to garage parking floors if both elevators out</li></ul>
",https://www5.septa.org/about/accessibility/alternative-transportation/regional-rail-alternate/,2026-02-08 08:04:08,2026-02-08T130408UTC
Broad Street Subway / Broad Ridge Spur,Fern Rock Transit Center,Street Level,No access to/from station,<ul><li>No access to/from station</li></ul>,https://www5.septa.org/about/accessibility/alternative-transportation/bsl-alternate/,2026-02-08 09:35:22,2026-02-08T143522UTC
Broad Street Subway / Broad Ridge Spur,Olney Transit Center,Street to Mezzanine,No access to/from station,<ul><li>No access to/from station</li></ul>,https://www5.septa.org/about/accessibility/alternative-transportation/bsl-alternate/,2026-02-08 09:35:22,2026-02-08T143522UTC
Broad Street Subway / Broad Ridge Spur,Cecil B. Moore,Northbound Platform,No access to/from northbound platform,<ul><li>No access to/from northbound platform</li></ul>,https://www5.septa.org/about/accessibility/alternative-transportation/bsl-alternate/,2026-02-08 09:35:22,2026-02-08T143522UTC
Broad Street Subway / Broad Ridge Spur,Walnut-Locust,Southbound,No access to/from southbound platform,<ul><li>No access to/from southbound platform</li></ul>,https://www5.septa.org/about/accessibility/alternative-transportation/bsl-alternate/,2026-02-08 09:35:22,2026-02-08T143522UTC
Broad Street Subway / Broad Ridge Spur,8th-Market,Street Level,No access to/from station,<ul><li>No access to/from station</li></ul>,https://www5.septa.org/about/accessibility/alternative-transportation/bsl-alternate/,2026-02-08 09:35:22,2026-02-08T143522UTC
Market Frankford Line,Kensington-Allegheny,Westbound,No access to/from station,<ul><li>No access to/from station</li></ul>,https://www5.septa.org/about/accessibility/alternative-transportation/mfl-alternate/,2026-02-08 09:35:22,2026-02-08T143522UTC
Market Frankford Line,Somerset,Westbound ,No access to/from station,<ul><li>No access to/from station</li></ul>,https://www5.septa.org/about/accessibility/alternative-transportation/mfl-alternate/,2026-02-08 09:35:22,2026-02-08T143522UTC
Market Frankford Line,Berks,Westbound,No access to/from station,<ul><li>No access to/from station</li></ul>,https://www5.septa.org/about/accessibility/alternative-transportation/mfl-alternate/,2026-02-08 09:35:22,2026-02-08T143522UTC
Market Frankford Line,8th-Market,Westbound,No access to/from station,<ul><li>No access to/from station</li></ul>,https://www5.septa.org/about/accessibility/alternative-transportation/mfl-alternate/,2026-02-08 09:35:22,2026-02-08T143522UTC
Regional Rail,Gray 30th Street,"""A"" Platform",No access to/from Tracks 1 and 2,<ul><li>No access to/from Tracks 1 and 2</li></ul>,https://www5.septa.org/about/accessibility/alternative-transportation/regional-rail-alternate/,2026-02-08 09:35:22,2026-02-08T143522UTC
Broad Street Subway / Broad Ridge Spur,North Philadelphia,Southbound,No access to/from southbound platform ,<ul><li>No access to/from southbound platform</li></ul> ,https://www5.septa.org/about/accessibility/alternative-transportation/bsl-alternate/,2026-02-08 09:35:22,2026-02-08T143522UTC
Regional Rail,Wayne Junction,Outbound,No access to/from outbound platform (From Center City),<ul><li>No access to/from outbound platform (From Center City)</li></ul>,https://www5.septa.org/about/accessibility/alternative-transportation/regional-rail-alternate/,2026-02-08 09:35:22,2026-02-08T143522UTC
Regional Rail,Chester Transit Center,Inbound,No access to/from inbound platform (To Center City),<ul><li>No access to/from inbound platform (To Center City)</li></ul>,https://www5.septa.org/about/accessibility/alternative-transportation/regional-rail-alternate/,2026-02-08 09:35:22,2026-02-08T143522UTC
Market Frankford Line,15th St/City Hall,"Dilworth Park - South End (Street to Concourse)
","No access to/from the concourse on the south end
","<ul><li>No access to/from the concourse on the south end</li></ul>
",https://www5.septa.org/about/accessibility/alternative-transportation/mfl-alternate/,2026-02-08 09:35:22,2026-02-08T143522UTC
Regional Rail,Lansdale,Lansdale Garage #1,"No access to garage parking floors if both elevators out
","<ul><li>No access to garage parking floors if both elevators out</li></ul>
",https://www5.septa.org/about/accessibility/alternative-transportation/regional-rail-alternate/,2026-02-08 09:35:22,2026-02-08T143522UTC
Broad Street Subway / Broad Ridge Spur,Fern Rock Transit Center,Street Level,No access to/from station,<ul><li>No access to/from station</li></ul>,https://www5.septa.org/about/accessibility/alternative-transportation/bsl-alternate/,2026-02-08 11:39:31,2026-02-08T163931UTC
Broad Street Subway / Broad Ridge Spur,Olney Transit Center,Street to Mezzanine,No access to/from station,<ul><li>No access to/from station</li></ul>,https://www5.septa.org/about/accessibility/alternative-transportation/bsl-alternate/,2026-02-08 11:39:31,2026-02-08T163931UTC
Broad Street Subway / Broad Ridge Spur,Cecil B. Moore,Northbound Platform,No access to/from northbound platform,<ul><li>No access to/from northbound platform</li></ul>,https://www5.septa.org/about/accessibility/alternative-transportation/bsl-alternate/,2026-02-08 11:39:31,2026-02-08T163931UTC
Broad Street Subway / Broad Ridge Spur,Walnut-Locust,Southbound,No access to/from southbound platform,<ul><li>No access to/from southbound platform</li></ul>,https://www5.septa.org/about/accessibility/alternative-transportation/bsl-alternate/,2026-02-08 11:39:31,2026-02-08T163931UTC
Broad Street Subway / Broad Ridge Spur,8th-Market,Street Level,No access to/from station,<ul><li>No access to/from station</li></ul>,https://www5.septa.org/about/accessibility/alternative-transportation/bsl-alternate/,2026-02-08 11:39:31,2026-02-08T163931UTC
Market Frankford Line,Kensington-Allegheny,Westbound,No access to/from station,<ul><li>No access to/from station</li></ul>,https://www5.septa.org/about/accessibility/alternative-transportation/mfl-alternate/,2026-02-08 11:39:31,2026-02-08T163931UTC
Market Frankford Line,Somerset,Westbound ,No access to/from station,<ul><li>No access to/from station</li></ul>,https://www5.septa.org/about/accessibility/alternative-transportation/mfl-alternate/,2026-02-08 11:39:31,2026-02-08T163931UTC
Market Frankford Line,Berks,Westbound,No access to/from station,<ul><li>No access to/from station</li></ul>,https://www5.septa.org/about/accessibility/alternative-transportation/mfl-alternate/,2026-02-08 11:39:31,2026-02-08T163931UTC
Market Frankford Line,8th-Market,Westbound,No access to/from station,<ul><li>No access to/from station</li></ul>,https://www5.septa.org/about/accessibility/alternative-transportation/mfl-alternate/,2026-02-08 11:39:31,2026-02-08T163931UTC
Regional Rail,Gray 30th Street,"""A"" Platform",No access to/from Tracks 1 and 2,<ul><li>No access to/from Tracks 1 and 2</li></ul>,https://www5.septa.org/about/accessibility/alternative-transportation/regional-rail-alternate/,2026-02-08 11:39:31,2026-02-08T163931UTC
Broad Street Subway / Broad Ridge Spur,North Philadelphia,Southbound,No access to/from southbound platform ,<ul><li>No access to/from southbound platform</li></ul> ,https://www5.septa.org/about/accessibility/alternative-transportation/bsl-alternate/,2026-02-08 11:39:31,2026-02-08T163931UTC
Regional Rail,Wayne Junction,Outbound,No access to/from outbound platform (From Center City),<ul><li>No access to/from outbound platform (From Center City)</li></ul>,https://www5.septa.org/about/accessibility/alternative-transportation/regional-rail-alternate/,2026-02-08 11:39:31,2026-02-08T163931UTC
Regional Rail,Chester Transit Center,Inbound,No access to/from inbound platform (To Center City),<ul><li>No access to/from inbound platform (To Center City)</li></ul>,https://www5.septa.org/about/accessibility/alternative-transportation/regional-rail-alternate/,2026-02-08 11:39:31,2026-02-08T163931UTC
Market Frankford Line,15th St/City Hall,"Dilworth Park - South End (Street to Concourse)
","No access to/from the concourse on the south end
","<ul><li>No access to/from the concourse on the south end</li></ul>
",https://www5.septa.org/about/accessibility/alternative-transportation/mfl-alternate/,2026-02-08 11:39:31,2026-02-08T163931UTC
Regional Rail,Lansdale,Lansdale Garage #1,"No access to garage parking floors if both elevators out
","<ul><li>No access to garage parking floors if both elevators out</li></ul>
",https://www5.septa.org/about/accessibility/alternative-transportation/regional-rail-alternate/,2026-02-08 11:39:31,2026-02-08T163931UTC
Broad Street Subway / Broad Ridge Spur,Fern Rock Transit Center,Street Level,No access to/from station,<ul><li>No access to/from station</li></ul>,https://www5.septa.org/about/accessibility/alternative-transportation/bsl-alternate/,2026-02-08 13:47:26,2026-02-08T184726UTC
Broad Street Subway / Broad Ridge Spur,Olney Transit Center,Street to Mezzanine,No access to/from station,<ul><li>No access to/from station</li></ul>,https://www5.septa.org/about/accessibility/alternative-transportation/bsl-alternate/,2026-02-08 13:47:26,2026-02-08T184726UTC
Broad Street Subway / Broad Ridge Spur,Cecil B. Moore,Northbound Platform,No access to/from northbound platform,<ul><li>No access to/from northbound platform</li></ul>,https://www5.septa.org/about/accessibility/alternative-transportation/bsl-alternate/,2026-02-08 13:47:26,2026-02-08T184726UTC
Broad Street Subway / Broad Ridge Spur,Walnut-Locust,Southbound,No access to/from southbound platform,<ul><li>No access to/from southbound platform</li></ul>,https://www5.septa.org/about/accessibility/alternative-transportation/bsl-alternate/,2026-02-08 13:47:26,2026-02-08T184726UTC
Broad Street Subway / Broad Ridge Spur,8th-Market,Street Level,No access to/from station,<ul><li>No access to/from station</li></ul>,https://www5.septa.org/about/accessibility/alternative-transportation/bsl-alternate/,2026-02-08 13:47:26,2026-02-08T184726UTC
Market Frankford Line,Kensington-Allegheny,Westbound,No access to/from station,<ul><li>No access to/from station</li></ul>,https://www5.septa.org/about/accessibility/alternative-transportation/mfl-alternate/,2026-02-08 13:47:26,2026-02-08T184726UTC
Market Frankford Line,Somerset,Westbound ,No access to/from station,<ul><li>No access to/from station</li></ul>,https://www5.septa.org/about/accessibility/alternative-transportation/mfl-alternate/,2026-02-08 13:47:26,2026-02-08T184726UTC
Market Frankford Line,Berks,Westbound,No access to/from station,<ul><li>No access to/from station</li></ul>,https://www5.septa.org/about/accessibility/alternative-transportation/mfl-alternate/,2026-02-08 13:47:26,2026-02-08T184726UTC
Market Frankford Line,8th-Market,Westbound,No access to/from station,<ul><li>No access to/from station</li></ul>,https://www5.septa.org/about/accessibility/alternative-transportation/mfl-alternate/,2026-02-08 13:47:26,2026-02-08T184726UTC
Regional Rail,Gray 30th Street,"""A"" Platform",No access to/from Tracks 1 and 2,<ul><li>No access to/from Tracks 1 and 2</li></ul>,https://www5.septa.org/about/accessibility/alternative-transportation/regional-rail-alternate/,2026-02-08 13:47:26,2026-02-08T184726UTC
Broad Street Subway / Broad Ridge Spur,North Philadelphia,Southbound,No access to/from southbound platform ,<ul><li>No access to/from southbound platform</li></ul> ,https://www5.septa.org/about/accessibility/alternative-transportation/bsl-alternate/,2026-02-08 13:47:26,2026-02-08T184726UTC
Regional Rail,Wayne Junction,Outbound,No access to/from outbound platform (From Center City),<ul><li>No access to/from outbound platform (From Center City)</li></ul>,https://www5.septa.org/about/accessibility/alternative-transportation/regional-rail-alternate/,2026-02-08 13:47:26,2026-02-08T184726UTC
Regional Rail,Chester Transit Center,Inbound,No access to/from inbound platform (To Center City),<ul><li>No access to/from inbound platform (To Center City)</li></ul>,https://www5.septa.org/about/accessibility/alternative-transportation/regional-rail-alternate/,2026-02-08 13:47:26,2026-02-08T184726UTC
Market Frankford Line,15th St/City Hall,"Dilworth Park - South End (Street to Concourse)
","No access to/from the concourse on the south end
","<ul><li>No access to/from the concourse on the south end</li></ul>
",https://www5.septa.org/about/accessibility/alternative-transportation/mfl-alternate/,2026-02-08 13:47:26,2026-02-08T184726UTC
Regional Rail,Lansdale,Lansdale Garage #1,"No access to garage parking floors if both elevators out
","<ul><li>No access to garage parking floors if both elevators out</li></ul>
",https://www5.septa.org/about/accessibility/alternative-transportation/regional-rail-alternate/,2026-02-08 13:47:26,2026-02-08T184726UTC
Broad Street Subway / Broad Ridge Spur,Fern Rock Transit Center,Street Level,No access to/from station,<ul><li>No access to/from station</li></ul>,https://www5.septa.org/about/accessibility/alternative-transportation/bsl-alternate/,2026-02-08 15:35:46,2026-02-08T203546UTC
Broad Street Subway / Broad Ridge Spur,Olney Transit Center,Street to Mezzanine,No access to/from station,<ul><li>No access to/from station</li></ul>,https://www5.septa.org/about/accessibility/alternative-transportation/bsl-alternate/,2026-02-08 15:35:46,2026-02-08T203546UTC
Broad Street Subway / Broad Ridge Spur,Cecil B. Moore,Northbound Platform,No access to/from northbound platform,<ul><li>No access to/from northbound platform</li></ul>,https://www5.septa.org/about/accessibility/alternative-transportation/bsl-alternate/,2026-02-08 15:35:46,2026-02-08T203546UTC
Broad Street Subway / Broad Ridge Spur,Walnut-Locust,Southbound,No access to/from southbound platform,<ul><li>No access to/from southbound platform</li></ul>,https://www5.septa.org/about/accessibility/alternative-transportation/bsl-alternate/,2026-02-08 15:35:46,2026-02-08T203546UTC
Broad Street Subway / Broad Ridge Spur,8th-Market,Street Level,No access to/from station,<ul><li>No access to/from station</li></ul>,https://www5.septa.org/about/accessibility/alternative-transportation/bsl-alternate/,2026-02-08 15:35:46,2026-02-08T203546UTC
Market Frankford Line,Kensington-Allegheny,Westbound,No access to/from station,<ul><li>No access to/from station</li></ul>,https://www5.septa.org/about/accessibility/alternative-transportation/mfl-alternate/,2026-02-08 15:35:46,2026-02-08T203546UTC
Market Frankford Line,Somerset,Westbound ,No access to/from station,<ul><li>No access to/from station</li></ul>,https://www5.septa.org/about/accessibility/alternative-transportation/mfl-alternate/,2026-02-08 15:35:46,2026-02-08T203546UTC
Market Frankford Line,Berks,Westbound,No access to/from station,<ul><li>No access to/from station</li></ul>,https://www5.septa.org/about/accessibility/alternative-transportation/mfl-alternate/,2026-02-08 15:35:46,2026-02-08T203546UTC
Market Frankford Line,8th-Market,Westbound,No access to/from station,<ul><li>No access to/from station</li></ul>,https://www5.septa.org/about/accessibility/alternative-transportation/mfl-alternate/,2026-02-08 15:35:46,2026-02-08T203546UTC
Regional Rail,Gray 30th Street,"""A"" Platform",No access to/from Tracks 1 and 2,<ul><li>No access to/from Tracks 1 and 2</li></ul>,https://www5.septa.org/about/accessibility/alternative-transportation/regional-rail-alternate/,2026-02-08 15:35:46,2026-02-08T203546UTC
Broad Street Subway / Broad Ridge Spur,North Philadelphia,Southbound,No access to/from southbound platform ,<ul><li>No access to/from southbound platform</li></ul> ,https://www5.septa.org/about/accessibility/alternative-transportation/bsl-alternate/,2026-02-08 15:35:46,2026-02-08T203546UTC
Regional Rail,Wayne Junction,Outbound,No access to/from outbound platform (From Center City),<ul><li>No access to/from outbound platform (From Center City)</li></ul>,https://www5.septa.org/about/accessibility/alternative-transportation/regional-rail-alternate/,2026-02-08 15:35:46,2026-02-08T203546UTC
Regional Rail,Chester Transit Center,Inbound,No access to/from inbound platform (To Center City),<ul><li>No access to/from inbound platform (To Center City)</li></ul>,https://www5.septa.org/about/accessibility/alternative-transportation/regional-rail-alternate/,2026-02-08 15:35:46,2026-02-08T203546UTC
Market Frankford Line,15th St/City Hall,"Dilworth Park - South End (Street to Concourse)
","No access to/from the concourse on the south end
","<ul><li>No access to/from the concourse on the south end</li></ul>
",https://www5.septa.org/about/accessibility/alternative-transportation/mfl-alternate/,2026-02-08 15:35:46,2026-02-08T203546UTC
Regional Rail,Lansdale,Lansdale Garage #1,"No access to garage parking floors if both elevators out
","<ul><li>No access to garage parking floors if both elevators out</li></ul>
",https://www5.septa.org/about/accessibility/alternative-transportation/regional-rail-alternate/,2026-02-08 15:35:46,2026-02-08T203546UTC
Broad Street Subway / Broad Ridge Spur,Fern Rock Transit Center,Street Level,No access to/from station,<ul><li>No access to/from station</li></ul>,https://www5.septa.org/about/accessibility/alternative-transportation/bsl-alternate/,2026-02-08 17:34:51,2026-02-08T223451UTC
Broad Street Subway / Broad Ridge Spur,Olney Transit Center,Street to Mezzanine,No access to/from station,<ul><li>No access to/from station</li></ul>,https://www5.septa.org/about/accessibility/alternative-transportation/bsl-alternate/,2026-02-08 17:34:51,2026-02-08T223451UTC
Broad Street Subway / Broad Ridge Spur,Walnut-Locust,Southbound,No access to/from southbound platform,<ul><li>No access to/from southbound platform</li></ul>,https://www5.septa.org/about/accessibility/alternative-transportation/bsl-alternate/,2026-02-08 17:34:51,2026-02-08T223451UTC
Broad Street Subway / Broad Ridge Spur,8th-Market,Street Level,No access to/from station,<ul><li>No access to/from station</li></ul>,https://www5.septa.org/about/accessibility/alternative-transportation/bsl-alternate/,2026-02-08 17:34:51,2026-02-08T223451UTC
Market Frankford Line,2nd St,Eastbound,No access to/from eastbound platform,<ul><li>No access to/from eastbound platform</li></ul>,https://www5.septa.org/about/accessibility/alternative-transportation/mfl-alternate/,2026-02-08 17:34:51,2026-02-08T223451UTC
Market Frankford Line,8th-Market,Westbound,No access to/from station,<ul><li>No access to/from station</li></ul>,https://www5.septa.org/about/accessibility/alternative-transportation/mfl-alternate/,2026-02-08 17:34:51,2026-02-08T223451UTC
Regional Rail,Gray 30th Street,"""A"" Platform",No access to/from Tracks 1 and 2,<ul><li>No access to/from Tracks 1 and 2</li></ul>,https://www5.septa.org/about/accessibility/alternative-transportation/regional-rail-alternate/,2026-02-08 17:34:51,2026-02-08T223451UTC
Broad Street Subway / Broad Ridge Spur,North Philadelphia,Southbound,No access to/from southbound platform ,<ul><li>No access to/from southbound platform</li></ul> ,https://www5.septa.org/about/accessibility/alternative-transportation/bsl-alternate/,2026-02-08 17:34:51,2026-02-08T223451UTC
Regional Rail,Wayne Junction,Outbound,No access to/from outbound platform (From Center City),<ul><li>No access to/from outbound platform (From Center City)</li></ul>,https://www5.septa.org/about/accessibility/alternative-transportation/regional-rail-alternate/,2026-02-08 17:34:51,2026-02-08T223451UTC
Regional Rail,Chester Transit Center,Inbound,No access to/from inbound platform (To Center City),<ul><li>No access to/from inbound platform (To Center City)</li></ul>,https://www5.septa.org/about/accessibility/alternative-transportation/regional-rail-alternate/,2026-02-08 17:34:51,2026-02-08T223451UTC
Regional Rail,Lansdale,Lansdale Garage #1,"No access to garage parking floors if both elevators out
","<ul><li>No access to garage parking floors if both elevators out</li></ul>
",https://www5.septa.org/about/accessibility/alternative-transportation/regional-rail-alternate/,2026-02-08 17:34:51,2026-02-08T223451UTC
Broad Street Subway / Broad Ridge Spur,Fern Rock Transit Center,Street Level,No access to/from station,<ul><li>No access to/from station</li></ul>,https://www5.septa.org/about/accessibility/alternative-transportation/bsl-alternate/,2026-02-08 21:47:45,2026-02-09T024745UTC
Broad Street Subway / Broad Ridge Spur,Olney Transit Center,Street to Mezzanine,No access to/from station,<ul><li>No access to/from station</li></ul>,https://www5.septa.org/about/accessibility/alternative-transportation/bsl-alternate/,2026-02-08 21:47:45,2026-02-09T024745UTC
Broad Street Subway / Broad Ridge Spur,Walnut-Locust,Southbound,No access to/from southbound platform,<ul><li>No access to/from southbound platform</li></ul>,https://www5.septa.org/about/accessibility/alternative-transportation/bsl-alternate/,2026-02-08 21:47:45,2026-02-09T024745UTC
Broad Street Subway / Broad Ridge Spur,8th-Market,Street Level,No access to/from station,<ul><li>No access to/from station</li></ul>,https://www5.septa.org/about/accessibility/alternative-transportation/bsl-alternate/,2026-02-08 21:47:45,2026-02-09T024745UTC
Market Frankford Line,2nd St,Eastbound,No access to/from eastbound platform,<ul><li>No access to/from eastbound platform</li></ul>,https://www5.septa.org/about/accessibility/alternative-transportation/mfl-alternate/,2026-02-08 21:47:45,2026-02-09T024745UTC
Market Frankford Line,8th-Market,Westbound,No access to/from station,<ul><li>No access to/from station</li></ul>,https://www5.septa.org/about/accessibility/alternative-transportation/mfl-alternate/,2026-02-08 21:47:45,2026-02-09T024745UTC
Regional Rail,Gray 30th Street,"""A"" Platform",No access to/from Tracks 1 and 2,<ul><li>No access to/from Tracks 1 and 2</li></ul>,https://www5.septa.org/about/accessibility/alternative-transportation/regional-rail-alternate/,2026-02-08 21:47:45,2026-02-09T024745UTC
Broad Street Subway / Broad Ridge Spur,North Philadelphia,Southbound,No access to/from southbound platform ,<ul><li>No access to/from southbound platform</li></ul> ,https://www5.septa.org/about/accessibility/alternative-transportation/bsl-alternate/,2026-02-08 21:47:45,2026-02-09T024745UTC
Regional Rail,Wayne Junction,Outbound,No access to/from outbound platform (From Center City),<ul><li>No access to/from outbound platform (From Center City)</li></ul>,https://www5.septa.org/about/accessibility/alternative-transportation/regional-rail-alternate/,2026-02-08 21:47:45,2026-02-09T024745UTC
Regional Rail,Chester Transit Center,Inbound,No access to/from inbound platform (To Center City),<ul><li>No access to/from inbound platform (To Center City)</li></ul>,https://www5.septa.org/about/accessibility/alternative-transportation/regional-rail-alternate/,2026-02-08 21:47:45,2026-02-09T024745UTC
Regional Rail,Lansdale,Lansdale Garage #1,"No access to garage parking floors if both elevators out
","<ul><li>No access to garage parking floors if both elevators out</li></ul>
",https://www5.septa.org/about/accessibility/alternative-transportation/regional-rail-alternate/,2026-02-08 21:47:45,2026-02-09T024745UTC
Broad Street Subway / Broad Ridge Spur,Fern Rock Transit Center,Street Level,No access to/from station,<ul><li>No access to/from station</li></ul>,https://www5.septa.org/about/accessibility/alternative-transportation/bsl-alternate/,2026-02-09 00:39:51,2026-02-09T053951UTC
Broad Street Subway / Broad Ridge Spur,Olney Transit Center,Street to Mezzanine,No access to/from station,<ul><li>No access to/from station</li></ul>,https://www5.septa.org/about/accessibility/alternative-transportation/bsl-alternate/,2026-02-09 00:39:51,2026-02-09T053951UTC
Broad Street Subway / Broad Ridge Spur,Walnut-Locust,Southbound,No access to/from southbound platform,<ul><li>No access to/from southbound platform</li></ul>,https://www5.septa.org/about/accessibility/alternative-transportation/bsl-alternate/,2026-02-09 00:39:51,2026-02-09T053951UTC
Broad Street Subway / Broad Ridge Spur,8th-Market,Street Level,No access to/from station,<ul><li>No access to/from station</li></ul>,https://www5.septa.org/about/accessibility/alternative-transportation/bsl-alternate/,2026-02-09 00:39:51,2026-02-09T053951UTC
Market Frankford Line,2nd St,Eastbound,No access to/from eastbound platform,<ul><li>No access to/from eastbound platform</li></ul>,https://www5.septa.org/about/accessibility/alternative-transportation/mfl-alternate/,2026-02-09 00:39:51,2026-02-09T053951UTC
Market Frankford Line,8th-Market,Westbound,No access to/from station,<ul><li>No access to/from station</li></ul>,https://www5.septa.org/about/accessibility/alternative-transportation/mfl-alternate/,2026-02-09 00:39:51,2026-02-09T053951UTC
Regional Rail,Gray 30th Street,"""A"" Platform",No access to/from Tracks 1 and 2,<ul><li>No access to/from Tracks 1 and 2</li></ul>,https://www5.septa.org/about/accessibility/alternative-transportation/regional-rail-alternate/,2026-02-09 00:39:51,2026-02-09T053951UTC
Broad Street Subway / Broad Ridge Spur,North Philadelphia,Southbound,No access to/from southbound platform ,<ul><li>No access to/from southbound platform</li></ul> ,https://www5.septa.org/about/accessibility/alternative-transportation/bsl-alternate/,2026-02-09 00:39:51,2026-02-09T053951UTC
Regional Rail,Wayne Junction,Outbound,No access to/from outbound platform (From Center City),<ul><li>No access to/from outbound platform (From Center City)</li></ul>,https://www5.septa.org/about/accessibility/alternative-transportation/regional-rail-alternate/,2026-02-09 00:39:51,2026-02-09T053951UTC
Regional Rail,Chester Transit Center,Inbound,No access to/from inbound platform (To Center City),<ul><li>No access to/from inbound platform (To Center City)</li></ul>,https://www5.septa.org/about/accessibility/alternative-transportation/regional-rail-alternate/,2026-02-09 00:39:51,2026-02-09T053951UTC
Regional Rail,Lansdale,Lansdale Garage #1,"No access to garage parking floors if both elevators out
","<ul><li>No access to garage parking floors if both elevators out</li></ul>
",https://www5.septa.org/about/accessibility/alternative-transportation/regional-rail-alternate/,2026-02-09 00:39:51,2026-02-09T053951UTC
Broad Street Subway / Broad Ridge Spur,Fern Rock Transit Center,Street Level,No access to/from station,<ul><li>No access to/from station</li></ul>,https://www5.septa.org/about/accessibility/alternative-transportation/bsl-alternate/,2026-02-09 02:13:40,2026-02-09T071340UTC
Broad Street Subway / Broad Ridge Spur,Olney Transit Center,Street to Mezzanine,No access to/from station,<ul><li>No access to/from station</li></ul>,https://www5.septa.org/about/accessibility/alternative-transportation/bsl-alternate/,2026-02-09 02:13:40,2026-02-09T071340UTC
Broad Street Subway / Broad Ridge Spur,Walnut-Locust,Southbound,No access to/from southbound platform,<ul><li>No access to/from southbound platform</li></ul>,https://www5.septa.org/about/accessibility/alternative-transportation/bsl-alternate/,2026-02-09 02:13:40,2026-02-09T071340UTC
Broad Street Subway / Broad Ridge Spur,8th-Market,Street Level,No access to/from station,<ul><li>No access to/from station</li></ul>,https://www5.septa.org/about/accessibility/alternative-transportation/bsl-alternate/,2026-02-09 02:13:40,2026-02-09T071340UTC
Market Frankford Line,2nd St,Eastbound,No access to/from eastbound platform,<ul><li>No access to/from eastbound platform</li></ul>,https://www5.septa.org/about/accessibility/alternative-transportation/mfl-alternate/,2026-02-09 02:13:40,2026-02-09T071340UTC
Market Frankford Line,8th-Market,Westbound,No access to/from station,<ul><li>No access to/from station</li></ul>,https://www5.septa.org/about/accessibility/alternative-transportation/mfl-alternate/,2026-02-09 02:13:40,2026-02-09T071340UTC
Regional Rail,Gray 30th Street,"""A"" Platform",No access to/from Tracks 1 and 2,<ul><li>No access to/from Tracks 1 and 2</li></ul>,https://www5.septa.org/about/accessibility/alternative-transportation/regional-rail-alternate/,2026-02-09 02:13:40,2026-02-09T071340UTC
Broad Street Subway / Broad Ridge Spur,North Philadelphia,Southbound,No access to/from southbound platform ,<ul><li>No access to/from southbound platform</li></ul> ,https://www5.septa.org/about/accessibility/alternative-transportation/bsl-alternate/,2026-02-09 02:13:40,2026-02-09T071340UTC
Regional Rail,Wayne Junction,Outbound,No access to/from outbound platform (From Center City),<ul><li>No access to/from outbound platform (From Center City)</li></ul>,https://www5.septa.org/about/accessibility/alternative-transportation/regional-rail-alternate/,2026-02-09 02:13:40,2026-02-09T071340UTC
Regional Rail,Chester Transit Center,Inbound,No access to/from inbound platform (To Center City),<ul><li>No access to/from inbound platform (To Center City)</li></ul>,https://www5.septa.org/about/accessibility/alternative-transportation/regional-rail-alternate/,2026-02-09 02:13:40,2026-02-09T071340UTC
Regional Rail,Lansdale,Lansdale Garage #1,"No access to garage parking floors if both elevators out
","<ul><li>No access to garage parking floors if both elevators out</li></ul>
",https://www5.septa.org/about/accessibility/alternative-transportation/regional-rail-alternate/,2026-02-09 02:13:40,2026-02-09T071340UTC
Broad Street Subway / Broad Ridge Spur,Fern Rock Transit Center,Street Level,No access to/from station,<ul><li>No access to/from station</li></ul>,https://www5.septa.org/about/accessibility/alternative-transportation/bsl-alternate/,2026-02-09 04:02:15,2026-02-09T090215UTC
Broad Street Subway / Broad Ridge Spur,Olney Transit Center,Street to Mezzanine,No access to/from station,<ul><li>No access to/from station</li></ul>,https://www5.septa.org/about/accessibility/alternative-transportation/bsl-alternate/,2026-02-09 04:02:15,2026-02-09T090215UTC
Broad Street Subway / Broad Ridge Spur,Walnut-Locust,Southbound,No access to/from southbound platform,<ul><li>No access to/from southbound platform</li></ul>,https://www5.septa.org/about/accessibility/alternative-transportation/bsl-alternate/,2026-02-09 04:02:15,2026-02-09T090215UTC
Broad Street Subway / Broad Ridge Spur,8th-Market,Street Level,No access to/from station,<ul><li>No access to/from station</li></ul>,https://www5.septa.org/about/accessibility/alternative-transportation/bsl-alternate/,2026-02-09 04:02:15,2026-02-09T090215UTC
Market Frankford Line,2nd St,Eastbound,No access to/from eastbound platform,<ul><li>No access to/from eastbound platform</li></ul>,https://www5.septa.org/about/accessibility/alternative-transportation/mfl-alternate/,2026-02-09 04:02:15,2026-02-09T090215UTC
Market Frankford Line,8th-Market,Westbound,No access to/from station,<ul><li>No access to/from station</li></ul>,https://www5.septa.org/about/accessibility/alternative-transportation/mfl-alternate/,2026-02-09 04:02:15,2026-02-09T090215UTC
Regional Rail,Gray 30th Street,"""A"" Platform",No access to/from Tracks 1 and 2,<ul><li>No access to/from Tracks 1 and 2</li></ul>,https://www5.septa.org/about/accessibility/alternative-transportation/regional-rail-alternate/,2026-02-09 04:02:15,2026-02-09T090215UTC
Broad Street Subway / Broad Ridge Spur,North Philadelphia,Southbound,No access to/from southbound platform ,<ul><li>No access to/from southbound platform</li></ul> ,https://www5.septa.org/about/accessibility/alternative-transportation/bsl-alternate/,2026-02-09 04:02:15,2026-02-09T090215UTC
Regional Rail,Wayne Junction,Outbound,No access to/from outbound platform (From Center City),<ul><li>No access to/from outbound platform (From Center City)</li></ul>,https://www5.septa.org/about/accessibility/alternative-transportation/regional-rail-alternate/,2026-02-09 04:02:15,2026-02-09T090215UTC
Regional Rail,Chester Transit Center,Inbound,No access to/from inbound platform (To Center City),<ul><li>No access to/from inbound platform (To Center City)</li></ul>,https://www5.septa.org/about/accessibility/alternative-transportation/regional-rail-alternate/,2026-02-09 04:02:15,2026-02-09T090215UTC
Regional Rail,Lansdale,Lansdale Garage #1,"No access to garage parking floors if both elevators out
","<ul><li>No access to garage parking floors if both elevators out</li></ul>
",https://www5.septa.org/about/accessibility/alternative-transportation/regional-rail-alternate/,2026-02-09 04:02:15,2026-02-09T090215UTC
Broad Street Subway / Broad Ridge Spur,Fern Rock Transit Center,Street Level,No access to/from station,<ul><li>No access to/from station</li></ul>,https://www5.septa.org/about/accessibility/alternative-transportation/bsl-alternate/,2026-02-09 06:00:09,2026-02-09T110009UTC
Broad Street Subway / Broad Ridge Spur,Olney Transit Center,Street to Mezzanine,No access to/from station,<ul><li>No access to/from station</li></ul>,https://www5.septa.org/about/accessibility/alternative-transportation/bsl-alternate/,2026-02-09 06:00:09,2026-02-09T110009UTC
Broad Street Subway / Broad Ridge Spur,Walnut-Locust,Southbound,No access to/from southbound platform,<ul><li>No access to/from southbound platform</li></ul>,https://www5.septa.org/about/accessibility/alternative-transportation/bsl-alternate/,2026-02-09 06:00:09,2026-02-09T110009UTC
Broad Street Subway / Broad Ridge Spur,8th-Market,Street Level,No access to/from station,<ul><li>No access to/from station</li></ul>,https://www5.septa.org/about/accessibility/alternative-transportation/bsl-alternate/,2026-02-09 06:00:09,2026-02-09T110009UTC
Market Frankford Line,2nd St,Eastbound,No access to/from eastbound platform,<ul><li>No access to/from eastbound platform</li></ul>,https://www5.septa.org/about/accessibility/alternative-transportation/mfl-alternate/,2026-02-09 06:00:09,2026-02-09T110009UTC
Market Frankford Line,8th-Market,Westbound,No access to/from station,<ul><li>No access to/from station</li></ul>,https://www5.septa.org/about/accessibility/alternative-transportation/mfl-alternate/,2026-02-09 06:00:09,2026-02-09T110009UTC
Regional Rail,Gray 30th Street,"""A"" Platform",No access to/from Tracks 1 and 2,<ul><li>No access to/from Tracks 1 and 2</li></ul>,https://www5.septa.org/about/accessibility/alternative-transportation/regional-rail-alternate/,2026-02-09 06:00:09,2026-02-09T110009UTC
Broad Street Subway / Broad Ridge Spur,North Philadelphia,Southbound,No access to/from southbound platform ,<ul><li>No access to/from southbound platform</li></ul> ,https://www5.septa.org/about/accessibility/alternative-transportation/bsl-alternate/,2026-02-09 06:00:09,2026-02-09T110009UTC
Broad Street Subway / Broad Ridge Spur,Broad-Spring Garden,Northbound Platform,No access to/from northbound platform,<ul><li>No access to/from northbound platform</li></ul>,https://www5.septa.org/about/accessibility/alternative-transportation/bsl-alternate/,2026-02-09 06:00:09,2026-02-09T110009UTC
Regional Rail,Wayne Junction,Outbound,No access to/from outbound platform (From Center City),<ul><li>No access to/from outbound platform (From Center City)</li></ul>,https://www5.septa.org/about/accessibility/alternative-transportation/regional-rail-alternate/,2026-02-09 06:00:09,2026-02-09T110009UTC
Regional Rail,Chester Transit Center,Inbound,No access to/from inbound platform (To Center City),<ul><li>No access to/from inbound platform (To Center City)</li></ul>,https://www5.septa.org/about/accessibility/alternative-transportation/regional-rail-alternate/,2026-02-09 06:00:09,2026-02-09T110009UTC
Regional Rail,Lansdale,Lansdale Garage #1,"No access to garage parking floors if both elevators out
","<ul><li>No access to garage parking floors if both elevators out</li></ul>
",https://www5.septa.org/about/accessibility/alternative-transportation/regional-rail-alternate/,2026-02-09 06:00:09,2026-02-09T110009UTC
Broad Street Subway / Broad Ridge Spur,Fern Rock Transit Center,Street Level,No access to/from station,<ul><li>No access to/from station</li></ul>,https://www5.septa.org/about/accessibility/alternative-transportation/bsl-alternate/,2026-02-09 08:23:46,2026-02-09T132346UTC
Broad Street Subway / Broad Ridge Spur,Olney Transit Center,Street to Mezzanine,No access to/from station,<ul><li>No access to/from station</li></ul>,https://www5.septa.org/about/accessibility/alternative-transportation/bsl-alternate/,2026-02-09 08:23:46,2026-02-09T132346UTC
Broad Street Subway / Broad Ridge Spur,Walnut-Locust,Southbound,No access to/from southbound platform,<ul><li>No access to/from southbound platform</li></ul>,https://www5.septa.org/about/accessibility/alternative-transportation/bsl-alternate/,2026-02-09 08:23:46,2026-02-09T132346UTC
Broad Street Subway / Broad Ridge Spur,8th-Market,Street Level,No access to/from station,<ul><li>No access to/from station</li></ul>,https://www5.septa.org/about/accessibility/alternative-transportation/bsl-alternate/,2026-02-09 08:23:46,2026-02-09T132346UTC
Market Frankford Line,York-Dauphin,Westbound ,No access to/from station,<ul><li>No access to/from station</li></ul>,https://www5.septa.org/about/accessibility/alternative-transportation/mfl-alternate/,2026-02-09 08:23:46,2026-02-09T132346UTC
Market Frankford Line,2nd St,Eastbound,No access to/from eastbound platform,<ul><li>No access to/from eastbound platform</li></ul>,https://www5.septa.org/about/accessibility/alternative-transportation/mfl-alternate/,2026-02-09 08:23:46,2026-02-09T132346UTC
Market Frankford Line,8th-Market,Westbound,No access to/from station,<ul><li>No access to/from station</li></ul>,https://www5.septa.org/about/accessibility/alternative-transportation/mfl-alternate/,2026-02-09 08:23:46,2026-02-09T132346UTC
Market Frankford Line,56th St,Eastbound,No access to/from station,<ul><li>No access to/from station</li></ul>,https://www5.septa.org/about/accessibility/alternative-transportation/mfl-alternate/,2026-02-09 08:23:46,2026-02-09T132346UTC
Regional Rail,Gray 30th Street,"""A"" Platform",No access to/from Tracks 1 and 2,<ul><li>No access to/from Tracks 1 and 2</li></ul>,https://www5.septa.org/about/accessibility/alternative-transportation/regional-rail-alternate/,2026-02-09 08:23:46,2026-02-09T132346UTC
Broad Street Subway / Broad Ridge Spur,North Philadelphia,Southbound,No access to/from southbound platform ,<ul><li>No access to/from southbound platform</li></ul> ,https://www5.septa.org/about/accessibility/alternative-transportation/bsl-alternate/,2026-02-09 08:23:46,2026-02-09T132346UTC
Broad Street Subway / Broad Ridge Spur,Broad-Spring Garden,Northbound Platform,No access to/from northbound platform,<ul><li>No access to/from northbound platform</li></ul>,https://www5.septa.org/about/accessibility/alternative-transportation/bsl-alternate/,2026-02-09 08:23:46,2026-02-09T132346UTC
Regional Rail,Wayne Junction,Outbound,No access to/from outbound platform (From Center City),<ul><li>No access to/from outbound platform (From Center City)</li></ul>,https://www5.septa.org/about/accessibility/alternative-transportation/regional-rail-alternate/,2026-02-09 08:23:46,2026-02-09T132346UTC
Regional Rail,Chester Transit Center,Inbound,No access to/from inbound platform (To Center City),<ul><li>No access to/from inbound platform (To Center City)</li></ul>,https://www5.septa.org/about/accessibility/alternative-transportation/regional-rail-alternate/,2026-02-09 08:23:46,2026-02-09T132346UTC
Regional Rail,Lansdale,Lansdale Garage #1,"No access to garage parking floors if both elevators out
","<ul><li>No access to garage parking floors if both elevators out</li></ul>
",https://www5.septa.org/about/accessibility/alternative-transportation/regional-rail-alternate/,2026-02-09 08:23:46,2026-02-09T132346UTC
Broad Street Subway / Broad Ridge Spur,Fern Rock Transit Center,Street Level,No access to/from station,<ul><li>No access to/from station</li></ul>,https://www5.septa.org/about/accessibility/alternative-transportation/bsl-alternate/,2026-02-09 09:59:05,2026-02-09T145905UTC
Broad Street Subway / Broad Ridge Spur,Olney Transit Center,Street to Mezzanine,No access to/from station,<ul><li>No access to/from station</li></ul>,https://www5.septa.org/about/accessibility/alternative-transportation/bsl-alternate/,2026-02-09 09:59:05,2026-02-09T145905UTC
Broad Street Subway / Broad Ridge Spur,Walnut-Locust,Southbound,No access to/from southbound platform,<ul><li>No access to/from southbound platform</li></ul>,https://www5.septa.org/about/accessibility/alternative-transportation/bsl-alternate/,2026-02-09 09:59:05,2026-02-09T145905UTC
Broad Street Subway / Broad Ridge Spur,8th-Market,Street Level,No access to/from station,<ul><li>No access to/from station</li></ul>,https://www5.septa.org/about/accessibility/alternative-transportation/bsl-alternate/,2026-02-09 09:59:05,2026-02-09T145905UTC
Market Frankford Line,York-Dauphin,Westbound ,No access to/from station,<ul><li>No access to/from station</li></ul>,https://www5.septa.org/about/accessibility/alternative-transportation/mfl-alternate/,2026-02-09 09:59:05,2026-02-09T145905UTC
Market Frankford Line,2nd St,Eastbound,No access to/from eastbound platform,<ul><li>No access to/from eastbound platform</li></ul>,https://www5.septa.org/about/accessibility/alternative-transportation/mfl-alternate/,2026-02-09 09:59:05,2026-02-09T145905UTC
Market Frankford Line,8th-Market,Westbound,No access to/from station,<ul><li>No access to/from station</li></ul>,https://www5.septa.org/about/accessibility/alternative-transportation/mfl-alternate/,2026-02-09 09:59:05,2026-02-09T145905UTC
Market Frankford Line,56th St,Eastbound,No access to/from station,<ul><li>No access to/from station</li></ul>,https://www5.septa.org/about/accessibility/alternative-transportation/mfl-alternate/,2026-02-09 09:59:05,2026-02-09T145905UTC
Regional Rail,Gray 30th Street,"""A"" Platform",No access to/from Tracks 1 and 2,<ul><li>No access to/from Tracks 1 and 2</li></ul>,https://www5.septa.org/about/accessibility/alternative-transportation/regional-rail-alternate/,2026-02-09 09:59:05,2026-02-09T145905UTC
Broad Street Subway / Broad Ridge Spur,North Philadelphia,Southbound,No access to/from southbound platform ,<ul><li>No access to/from southbound platform</li></ul> ,https://www5.septa.org/about/accessibility/alternative-transportation/bsl-alternate/,2026-02-09 09:59:05,2026-02-09T145905UTC
Broad Street Subway / Broad Ridge Spur,Broad-Spring Garden,Northbound Platform,No access to/from northbound platform,<ul><li>No access to/from northbound platform</li></ul>,https://www5.septa.org/about/accessibility/alternative-transportation/bsl-alternate/,2026-02-09 09:59:05,2026-02-09T145905UTC
Regional Rail,Wayne Junction,Outbound,No access to/from outbound platform (From Center City),<ul><li>No access to/from outbound platform (From Center City)</li></ul>,https://www5.septa.org/about/accessibility/alternative-transportation/regional-rail-alternate/,2026-02-09 09:59:05,2026-02-09T145905UTC
Regional Rail,Chester Transit Center,Inbound,No access to/from inbound platform (To Center City),<ul><li>No access to/from inbound platform (To Center City)</li></ul>,https://www5.septa.org/about/accessibility/alternative-transportation/regional-rail-alternate/,2026-02-09 09:59:05,2026-02-09T145905UTC
Regional Rail,Lansdale,Lansdale Garage #1,"No access to garage parking floors if both elevators out
","<ul><li>No access to garage parking floors if both elevators out</li></ul>
",https://www5.septa.org/about/accessibility/alternative-transportation/regional-rail-alternate/,2026-02-09 09:59:05,2026-02-09T145905UTC
Broad Street Subway / Broad Ridge Spur,Fern Rock Transit Center,Street Level,No access to/from station,<ul><li>No access to/from station</li></ul>,https://www5.septa.org/about/accessibility/alternative-transportation/bsl-alternate/,2026-02-09 12:06:35,2026-02-09T170635UTC
Broad Street Subway / Broad Ridge Spur,Olney Transit Center,Street to Mezzanine,No access to/from station,<ul><li>No access to/from station</li></ul>,https://www5.septa.org/about/accessibility/alternative-transportation/bsl-alternate/,2026-02-09 12:06:35,2026-02-09T170635UTC
Broad Street Subway / Broad Ridge Spur,Walnut-Locust,Southbound,No access to/from southbound platform,<ul><li>No access to/from southbound platform</li></ul>,https://www5.septa.org/about/accessibility/alternative-transportation/bsl-alternate/,2026-02-09 12:06:35,2026-02-09T170635UTC
Broad Street Subway / Broad Ridge Spur,8th-Market,Street Level,No access to/from station,<ul><li>No access to/from station</li></ul>,https://www5.septa.org/about/accessibility/alternative-transportation/bsl-alternate/,2026-02-09 12:06:35,2026-02-09T170635UTC
Market Frankford Line,York-Dauphin,Westbound ,No access to/from station,<ul><li>No access to/from station</li></ul>,https://www5.septa.org/about/accessibility/alternative-transportation/mfl-alternate/,2026-02-09 12:06:35,2026-02-09T170635UTC
Market Frankford Line,2nd St,Eastbound,No access to/from eastbound platform,<ul><li>No access to/from eastbound platform</li></ul>,https://www5.septa.org/about/accessibility/alternative-transportation/mfl-alternate/,2026-02-09 12:06:35,2026-02-09T170635UTC
Market Frankford Line,8th-Market,Westbound,No access to/from station,<ul><li>No access to/from station</li></ul>,https://www5.septa.org/about/accessibility/alternative-transportation/mfl-alternate/,2026-02-09 12:06:35,2026-02-09T170635UTC
Market Frankford Line,56th St,Eastbound,No access to/from station,<ul><li>No access to/from station</li></ul>,https://www5.septa.org/about/accessibility/alternative-transportation/mfl-alternate/,2026-02-09 12:06:35,2026-02-09T170635UTC
Regional Rail,Gray 30th Street,"""A"" Platform",No access to/from Tracks 1 and 2,<ul><li>No access to/from Tracks 1 and 2</li></ul>,https://www5.septa.org/about/accessibility/alternative-transportation/regional-rail-alternate/,2026-02-09 12:06:35,2026-02-09T170635UTC
Broad Street Subway / Broad Ridge Spur,North Philadelphia,Southbound,No access to/from southbound platform ,<ul><li>No access to/from southbound platform</li></ul> ,https://www5.septa.org/about/accessibility/alternative-transportation/bsl-alternate/,2026-02-09 12:06:35,2026-02-09T170635UTC
Regional Rail,Wayne Junction,Outbound,No access to/from outbound platform (From Center City),<ul><li>No access to/from outbound platform (From Center City)</li></ul>,https://www5.septa.org/about/accessibility/alternative-transportation/regional-rail-alternate/,2026-02-09 12:06:35,2026-02-09T170635UTC
Regional Rail,Chester Transit Center,Inbound,No access to/from inbound platform (To Center City),<ul><li>No access to/from inbound platform (To Center City)</li></ul>,https://www5.septa.org/about/accessibility/alternative-transportation/regional-rail-alternate/,2026-02-09 12:06:35,2026-02-09T170635UTC
Regional Rail,Lansdale,Lansdale Garage #1,"No access to garage parking floors if both elevators out
","<ul><li>No access to garage parking floors if both elevators out</li></ul>
",https://www5.septa.org/about/accessibility/alternative-transportation/regional-rail-alternate/,2026-02-09 12:06:35,2026-02-09T170635UTC
Broad Street Subway / Broad Ridge Spur,Fern Rock Transit Center,Street Level,No access to/from station,<ul><li>No access to/from station</li></ul>,https://www5.septa.org/about/accessibility/alternative-transportation/bsl-alternate/,2026-02-09 14:25:25,2026-02-09T192525UTC
Broad Street Subway / Broad Ridge Spur,Olney Transit Center,Street to Mezzanine,No access to/from station,<ul><li>No access to/from station</li></ul>,https://www5.septa.org/about/accessibility/alternative-transportation/bsl-alternate/,2026-02-09 14:25:25,2026-02-09T192525UTC
Broad Street Subway / Broad Ridge Spur,Walnut-Locust,Southbound,No access to/from southbound platform,<ul><li>No access to/from southbound platform</li></ul>,https://www5.septa.org/about/accessibility/alternative-transportation/bsl-alternate/,2026-02-09 14:25:25,2026-02-09T192525UTC
Broad Street Subway / Broad Ridge Spur,8th-Market,Street Level,No access to/from station,<ul><li>No access to/from station</li></ul>,https://www5.septa.org/about/accessibility/alternative-transportation/bsl-alternate/,2026-02-09 14:25:25,2026-02-09T192525UTC
Market Frankford Line,York-Dauphin,Westbound ,No access to/from station,<ul><li>No access to/from station</li></ul>,https://www5.septa.org/about/accessibility/alternative-transportation/mfl-alternate/,2026-02-09 14:25:25,2026-02-09T192525UTC
Market Frankford Line,2nd St,Eastbound,No access to/from eastbound platform,<ul><li>No access to/from eastbound platform</li></ul>,https://www5.septa.org/about/accessibility/alternative-transportation/mfl-alternate/,2026-02-09 14:25:25,2026-02-09T192525UTC
Market Frankford Line,8th-Market,Westbound,No access to/from station,<ul><li>No access to/from station</li></ul>,https://www5.septa.org/about/accessibility/alternative-transportation/mfl-alternate/,2026-02-09 14:25:25,2026-02-09T192525UTC
Market Frankford Line,56th St,Eastbound,No access to/from station,<ul><li>No access to/from station</li></ul>,https://www5.septa.org/about/accessibility/alternative-transportation/mfl-alternate/,2026-02-09 14:25:25,2026-02-09T192525UTC
Regional Rail,Gray 30th Street,"""A"" Platform",No access to/from Tracks 1 and 2,<ul><li>No access to/from Tracks 1 and 2</li></ul>,https://www5.septa.org/about/accessibility/alternative-transportation/regional-rail-alternate/,2026-02-09 14:25:25,2026-02-09T192525UTC
Broad Street Subway / Broad Ridge Spur,North Philadelphia,Southbound,No access to/from southbound platform ,<ul><li>No access to/from southbound platform</li></ul> ,https://www5.septa.org/about/accessibility/alternative-transportation/bsl-alternate/,2026-02-09 14:25:25,2026-02-09T192525UTC
Regional Rail,Wayne Junction,Outbound,No access to/from outbound platform (From Center City),<ul><li>No access to/from outbound platform (From Center City)</li></ul>,https://www5.septa.org/about/accessibility/alternative-transportation/regional-rail-alternate/,2026-02-09 14:25:25,2026-02-09T192525UTC
Regional Rail,Chester Transit Center,Inbound,No access to/from inbound platform (To Center City),<ul><li>No access to/from inbound platform (To Center City)</li></ul>,https://www5.septa.org/about/accessibility/alternative-transportation/regional-rail-alternate/,2026-02-09 14:25:25,2026-02-09T192525UTC
Regional Rail,Lansdale,Lansdale Garage #1,"No access to garage parking floors if both elevators out
","<ul><li>No access to garage parking floors if both elevators out</li></ul>
",https://www5.septa.org/about/accessibility/alternative-transportation/regional-rail-alternate/,2026-02-09 14:25:25,2026-02-09T192525UTC
Broad Street Subway / Broad Ridge Spur,Fern Rock Transit Center,Street Level,No access to/from station,<ul><li>No access to/from station</li></ul>,https://www5.septa.org/about/accessibility/alternative-transportation/bsl-alternate/,2026-02-09 15:51:15,2026-02-09T205115UTC
Broad Street Subway / Broad Ridge Spur,Olney Transit Center,Street to Mezzanine,No access to/from station,<ul><li>No access to/from station</li></ul>,https://www5.septa.org/about/accessibility/alternative-transportation/bsl-alternate/,2026-02-09 15:51:15,2026-02-09T205115UTC
Broad Street Subway / Broad Ridge Spur,Walnut-Locust,Southbound,No access to/from southbound platform,<ul><li>No access to/from southbound platform</li></ul>,https://www5.septa.org/about/accessibility/alternative-transportation/bsl-alternate/,2026-02-09 15:51:15,2026-02-09T205115UTC
Broad Street Subway / Broad Ridge Spur,8th-Market,Street Level,No access to/from station,<ul><li>No access to/from station</li></ul>,https://www5.septa.org/about/accessibility/alternative-transportation/bsl-alternate/,2026-02-09 15:51:15,2026-02-09T205115UTC
Market Frankford Line,York-Dauphin,Westbound ,No access to/from station,<ul><li>No access to/from station</li></ul>,https://www5.septa.org/about/accessibility/alternative-transportation/mfl-alternate/,2026-02-09 15:51:15,2026-02-09T205115UTC
Market Frankford Line,2nd St,Eastbound,No access to/from eastbound platform,<ul><li>No access to/from eastbound platform</li></ul>,https://www5.septa.org/about/accessibility/alternative-transportation/mfl-alternate/,2026-02-09 15:51:15,2026-02-09T205115UTC
Market Frankford Line,8th-Market,Westbound,No access to/from station,<ul><li>No access to/from station</li></ul>,https://www5.septa.org/about/accessibility/alternative-transportation/mfl-alternate/,2026-02-09 15:51:15,2026-02-09T205115UTC
Market Frankford Line,56th St,Eastbound,No access to/from station,<ul><li>No access to/from station</li></ul>,https://www5.septa.org/about/accessibility/alternative-transportation/mfl-alternate/,2026-02-09 15:51:15,2026-02-09T205115UTC
Regional Rail,Gray 30th Street,"""A"" Platform",No access to/from Tracks 1 and 2,<ul><li>No access to/from Tracks 1 and 2</li></ul>,https://www5.septa.org/about/accessibility/alternative-transportation/regional-rail-alternate/,2026-02-09 15:51:15,2026-02-09T205115UTC
Broad Street Subway / Broad Ridge Spur,North Philadelphia,Southbound,No access to/from southbound platform ,<ul><li>No access to/from southbound platform</li></ul> ,https://www5.septa.org/about/accessibility/alternative-transportation/bsl-alternate/,2026-02-09 15:51:15,2026-02-09T205115UTC
Regional Rail,Wayne Junction,Outbound,No access to/from outbound platform (From Center City),<ul><li>No access to/from outbound platform (From Center City)</li></ul>,https://www5.septa.org/about/accessibility/alternative-transportation/regional-rail-alternate/,2026-02-09 15:51:15,2026-02-09T205115UTC
Regional Rail,Chester Transit Center,Inbound,No access to/from inbound platform (To Center City),<ul><li>No access to/from inbound platform (To Center City)</li></ul>,https://www5.septa.org/about/accessibility/alternative-transportation/regional-rail-alternate/,2026-02-09 15:51:15,2026-02-09T205115UTC
Regional Rail,Lansdale,Lansdale Garage #1,"No access to garage parking floors if both elevators out
","<ul><li>No access to garage parking floors if both elevators out</li></ul>
",https://www5.septa.org/about/accessibility/alternative-transportation/regional-rail-alternate/,2026-02-09 15:51:15,2026-02-09T205115UTC
Broad Street Subway / Broad Ridge Spur,Fern Rock Transit Center,Street Level,No access to/from station,<ul><li>No access to/from station</li></ul>,https://www5.septa.org/about/accessibility/alternative-transportation/bsl-alternate/,2026-02-09 17:44:50,2026-02-09T224450UTC
Broad Street Subway / Broad Ridge Spur,Olney Transit Center,Street to Mezzanine,No access to/from station,<ul><li>No access to/from station</li></ul>,https://www5.septa.org/about/accessibility/alternative-transportation/bsl-alternate/,2026-02-09 17:44:50,2026-02-09T224450UTC
Broad Street Subway / Broad Ridge Spur,Walnut-Locust,Southbound,No access to/from southbound platform,<ul><li>No access to/from southbound platform</li></ul>,https://www5.septa.org/about/accessibility/alternative-transportation/bsl-alternate/,2026-02-09 17:44:50,2026-02-09T224450UTC
Broad Street Subway / Broad Ridge Spur,8th-Market,Street Level,No access to/from station,<ul><li>No access to/from station</li></ul>,https://www5.septa.org/about/accessibility/alternative-transportation/bsl-alternate/,2026-02-09 17:44:50,2026-02-09T224450UTC
Market Frankford Line,York-Dauphin,Westbound ,No access to/from station,<ul><li>No access to/from station</li></ul>,https://www5.septa.org/about/accessibility/alternative-transportation/mfl-alternate/,2026-02-09 17:44:50,2026-02-09T224450UTC
Market Frankford Line,2nd St,Eastbound,No access to/from eastbound platform,<ul><li>No access to/from eastbound platform</li></ul>,https://www5.septa.org/about/accessibility/alternative-transportation/mfl-alternate/,2026-02-09 17:44:50,2026-02-09T224450UTC
Market Frankford Line,8th-Market,Westbound,No access to/from station,<ul><li>No access to/from station</li></ul>,https://www5.septa.org/about/accessibility/alternative-transportation/mfl-alternate/,2026-02-09 17:44:50,2026-02-09T224450UTC
Market Frankford Line,56th St,Eastbound,No access to/from station,<ul><li>No access to/from station</li></ul>,https://www5.septa.org/about/accessibility/alternative-transportation/mfl-alternate/,2026-02-09 17:44:50,2026-02-09T224450UTC
Regional Rail,Gray 30th Street,"""A"" Platform",No access to/from Tracks 1 and 2,<ul><li>No access to/from Tracks 1 and 2</li></ul>,https://www5.septa.org/about/accessibility/alternative-transportation/regional-rail-alternate/,2026-02-09 17:44:50,2026-02-09T224450UTC
Broad Street Subway / Broad Ridge Spur,North Philadelphia,Southbound,No access to/from southbound platform ,<ul><li>No access to/from southbound platform</li></ul> ,https://www5.septa.org/about/accessibility/alternative-transportation/bsl-alternate/,2026-02-09 17:44:50,2026-02-09T224450UTC
Regional Rail,Wayne Junction,Outbound,No access to/from outbound platform (From Center City),<ul><li>No access to/from outbound platform (From Center City)</li></ul>,https://www5.septa.org/about/accessibility/alternative-transportation/regional-rail-alternate/,2026-02-09 17:44:50,2026-02-09T224450UTC
Regional Rail,Chester Transit Center,Inbound,No access to/from inbound platform (To Center City),<ul><li>No access to/from inbound platform (To Center City)</li></ul>,https://www5.septa.org/about/accessibility/alternative-transportation/regional-rail-alternate/,2026-02-09 17:44:50,2026-02-09T224450UTC
Regional Rail,Lansdale,Lansdale Garage #1,"No access to garage parking floors if both elevators out
","<ul><li>No access to garage parking floors if both elevators out</li></ul>
",https://www5.septa.org/about/accessibility/alternative-transportation/regional-rail-alternate/,2026-02-09 17:44:50,2026-02-09T224450UTC
Broad Street Subway / Broad Ridge Spur,Fern Rock Transit Center,Street Level,No access to/from station,<ul><li>No access to/from station</li></ul>,https://www5.septa.org/about/accessibility/alternative-transportation/bsl-alternate/,2026-02-09 21:56:01,2026-02-10T025601UTC
Broad Street Subway / Broad Ridge Spur,Olney Transit Center,Street to Mezzanine,No access to/from station,<ul><li>No access to/from station</li></ul>,https://www5.septa.org/about/accessibility/alternative-transportation/bsl-alternate/,2026-02-09 21:56:01,2026-02-10T025601UTC
Broad Street Subway / Broad Ridge Spur,Walnut-Locust,Southbound,No access to/from southbound platform,<ul><li>No access to/from southbound platform</li></ul>,https://www5.septa.org/about/accessibility/alternative-transportation/bsl-alternate/,2026-02-09 21:56:01,2026-02-10T025601UTC
Broad Street Subway / Broad Ridge Spur,8th-Market,Street Level,No access to/from station,<ul><li>No access to/from station</li></ul>,https://www5.septa.org/about/accessibility/alternative-transportation/bsl-alternate/,2026-02-09 21:56:01,2026-02-10T025601UTC
Market Frankford Line,Frankford Transit Center,Main Terminal Pratt Street,Use Bridge Street for access to/from platforms,<ul><li>Use Bridge Street for access to/from platforms</li></ul>,https://www5.septa.org/about/accessibility/alternative-transportation/mfl-alternate/,2026-02-09 21:56:01,2026-02-10T025601UTC
Market Frankford Line,York-Dauphin,Westbound ,No access to/from station,<ul><li>No access to/from station</li></ul>,https://www5.septa.org/about/accessibility/alternative-transportation/mfl-alternate/,2026-02-09 21:56:01,2026-02-10T025601UTC
Market Frankford Line,2nd St,Eastbound,No access to/from eastbound platform,<ul><li>No access to/from eastbound platform</li></ul>,https://www5.septa.org/about/accessibility/alternative-transportation/mfl-alternate/,2026-02-09 21:56:01,2026-02-10T025601UTC
Market Frankford Line,8th-Market,Westbound,No access to/from station,<ul><li>No access to/from station</li></ul>,https://www5.septa.org/about/accessibility/alternative-transportation/mfl-alternate/,2026-02-09 21:56:01,2026-02-10T025601UTC
Market Frankford Line,56th St,Eastbound,No access to/from station,<ul><li>No access to/from station</li></ul>,https://www5.septa.org/about/accessibility/alternative-transportation/mfl-alternate/,2026-02-09 21:56:01,2026-02-10T025601UTC
Regional Rail,Gray 30th Street,"""A"" Platform",No access to/from Tracks 1 and 2,<ul><li>No access to/from Tracks 1 and 2</li></ul>,https://www5.septa.org/about/accessibility/alternative-transportation/regional-rail-alternate/,2026-02-09 21:56:01,2026-02-10T025601UTC
Broad Street Subway / Broad Ridge Spur,North Philadelphia,Southbound,No access to/from southbound platform ,<ul><li>No access to/from southbound platform</li></ul> ,https://www5.septa.org/about/accessibility/alternative-transportation/bsl-alternate/,2026-02-09 21:56:01,2026-02-10T025601UTC
Regional Rail,Wayne Junction,Outbound,No access to/from outbound platform (From Center City),<ul><li>No access to/from outbound platform (From Center City)</li></ul>,https://www5.septa.org/about/accessibility/alternative-transportation/regional-rail-alternate/,2026-02-09 21:56:01,2026-02-10T025601UTC
Regional Rail,Chester Transit Center,Inbound,No access to/from inbound platform (To Center City),<ul><li>No access to/from inbound platform (To Center City)</li></ul>,https://www5.septa.org/about/accessibility/alternative-transportation/regional-rail-alternate/,2026-02-09 21:56:01,2026-02-10T025601UTC
Regional Rail,Lansdale,Lansdale Garage #1,"No access to garage parking floors if both elevators out
","<ul><li>No access to garage parking floors if both elevators out</li></ul>
",https://www5.septa.org/about/accessibility/alternative-transportation/regional-rail-alternate/,2026-02-09 21:56:01,2026-02-10T025601UTC
Broad Street Subway / Broad Ridge Spur,Fern Rock Transit Center,Street Level,No access to/from station,<ul><li>No access to/from station</li></ul>,https://www5.septa.org/about/accessibility/alternative-transportation/bsl-alternate/,2026-02-10 00:40:12,2026-02-10T054012UTC
Broad Street Subway / Broad Ridge Spur,Olney Transit Center,Street to Mezzanine,No access to/from station,<ul><li>No access to/from station</li></ul>,https://www5.septa.org/about/accessibility/alternative-transportation/bsl-alternate/,2026-02-10 00:40:12,2026-02-10T054012UTC
Broad Street Subway / Broad Ridge Spur,Walnut-Locust,Southbound,No access to/from southbound platform,<ul><li>No access to/from southbound platform</li></ul>,https://www5.septa.org/about/accessibility/alternative-transportation/bsl-alternate/,2026-02-10 00:40:12,2026-02-10T054012UTC
Broad Street Subway / Broad Ridge Spur,8th-Market,Street Level,No access to/from station,<ul><li>No access to/from station</li></ul>,https://www5.septa.org/about/accessibility/alternative-transportation/bsl-alternate/,2026-02-10 00:40:12,2026-02-10T054012UTC
Market Frankford Line,Frankford Transit Center,Main Terminal Pratt Street,Use Bridge Street for access to/from platforms,<ul><li>Use Bridge Street for access to/from platforms</li></ul>,https://www5.septa.org/about/accessibility/alternative-transportation/mfl-alternate/,2026-02-10 00:40:12,2026-02-10T054012UTC
Market Frankford Line,York-Dauphin,Westbound ,No access to/from station,<ul><li>No access to/from station</li></ul>,https://www5.septa.org/about/accessibility/alternative-transportation/mfl-alternate/,2026-02-10 00:40:12,2026-02-10T054012UTC
Market Frankford Line,2nd St,Eastbound,No access to/from eastbound platform,<ul><li>No access to/from eastbound platform</li></ul>,https://www5.septa.org/about/accessibility/alternative-transportation/mfl-alternate/,2026-02-10 00:40:12,2026-02-10T054012UTC
Market Frankford Line,8th-Market,Westbound,No access to/from station,<ul><li>No access to/from station</li></ul>,https://www5.septa.org/about/accessibility/alternative-transportation/mfl-alternate/,2026-02-10 00:40:12,2026-02-10T054012UTC
Market Frankford Line,56th St,Eastbound,No access to/from station,<ul><li>No access to/from station</li></ul>,https://www5.septa.org/about/accessibility/alternative-transportation/mfl-alternate/,2026-02-10 00:40:12,2026-02-10T054012UTC
Regional Rail,Gray 30th Street,"""A"" Platform",No access to/from Tracks 1 and 2,<ul><li>No access to/from Tracks 1 and 2</li></ul>,https://www5.septa.org/about/accessibility/alternative-transportation/regional-rail-alternate/,2026-02-10 00:40:12,2026-02-10T054012UTC
Broad Street Subway / Broad Ridge Spur,North Philadelphia,Southbound,No access to/from southbound platform ,<ul><li>No access to/from southbound platform</li></ul> ,https://www5.septa.org/about/accessibility/alternative-transportation/bsl-alternate/,2026-02-10 00:40:12,2026-02-10T054012UTC
Regional Rail,Wayne Junction,Outbound,No access to/from outbound platform (From Center City),<ul><li>No access to/from outbound platform (From Center City)</li></ul>,https://www5.septa.org/about/accessibility/alternative-transportation/regional-rail-alternate/,2026-02-10 00:40:12,2026-02-10T054012UTC
Regional Rail,Chester Transit Center,Inbound,No access to/from inbound platform (To Center City),<ul><li>No access to/from inbound platform (To Center City)</li></ul>,https://www5.septa.org/about/accessibility/alternative-transportation/regional-rail-alternate/,2026-02-10 00:40:12,2026-02-10T054012UTC
Regional Rail,Lansdale,Lansdale Garage #1,"No access to garage parking floors if both elevators out
","<ul><li>No access to garage parking floors if both elevators out</li></ul>
",https://www5.septa.org/about/accessibility/alternative-transportation/regional-rail-alternate/,2026-02-10 00:40:12,2026-02-10T054012UTC
Broad Street Subway / Broad Ridge Spur,Fern Rock Transit Center,Street Level,No access to/from station,<ul><li>No access to/from station</li></ul>,https://www5.septa.org/about/accessibility/alternative-transportation/bsl-alternate/,2026-02-10 02:14:46,2026-02-10T071446UTC
Broad Street Subway / Broad Ridge Spur,Olney Transit Center,Street to Mezzanine,No access to/from station,<ul><li>No access to/from station</li></ul>,https://www5.septa.org/about/accessibility/alternative-transportation/bsl-alternate/,2026-02-10 02:14:46,2026-02-10T071446UTC
Broad Street Subway / Broad Ridge Spur,Walnut-Locust,Southbound,No access to/from southbound platform,<ul><li>No access to/from southbound platform</li></ul>,https://www5.septa.org/about/accessibility/alternative-transportation/bsl-alternate/,2026-02-10 02:14:46,2026-02-10T071446UTC
Broad Street Subway / Broad Ridge Spur,8th-Market,Street Level,No access to/from station,<ul><li>No access to/from station</li></ul>,https://www5.septa.org/about/accessibility/alternative-transportation/bsl-alternate/,2026-02-10 02:14:46,2026-02-10T071446UTC
Market Frankford Line,Frankford Transit Center,Main Terminal Pratt Street,Use Bridge Street for access to/from platforms,<ul><li>Use Bridge Street for access to/from platforms</li></ul>,https://www5.septa.org/about/accessibility/alternative-transportation/mfl-alternate/,2026-02-10 02:14:46,2026-02-10T071446UTC
Market Frankford Line,York-Dauphin,Westbound ,No access to/from station,<ul><li>No access to/from station</li></ul>,https://www5.septa.org/about/accessibility/alternative-transportation/mfl-alternate/,2026-02-10 02:14:46,2026-02-10T071446UTC
Market Frankford Line,2nd St,Eastbound,No access to/from eastbound platform,<ul><li>No access to/from eastbound platform</li></ul>,https://www5.septa.org/about/accessibility/alternative-transportation/mfl-alternate/,2026-02-10 02:14:46,2026-02-10T071446UTC
Market Frankford Line,8th-Market,Westbound,No access to/from station,<ul><li>No access to/from station</li></ul>,https://www5.septa.org/about/accessibility/alternative-transportation/mfl-alternate/,2026-02-10 02:14:46,2026-02-10T071446UTC
Market Frankford Line,56th St,Eastbound,No access to/from station,<ul><li>No access to/from station</li></ul>,https://www5.septa.org/about/accessibility/alternative-transportation/mfl-alternate/,2026-02-10 02:14:46,2026-02-10T071446UTC
Regional Rail,Gray 30th Street,"""A"" Platform",No access to/from Tracks 1 and 2,<ul><li>No access to/from Tracks 1 and 2</li></ul>,https://www5.septa.org/about/accessibility/alternative-transportation/regional-rail-alternate/,2026-02-10 02:14:46,2026-02-10T071446UTC
Broad Street Subway / Broad Ridge Spur,North Philadelphia,Southbound,No access to/from southbound platform ,<ul><li>No access to/from southbound platform</li></ul> ,https://www5.septa.org/about/accessibility/alternative-transportation/bsl-alternate/,2026-02-10 02:14:46,2026-02-10T071446UTC
Regional Rail,Wayne Junction,Outbound,No access to/from outbound platform (From Center City),<ul><li>No access to/from outbound platform (From Center City)</li></ul>,https://www5.septa.org/about/accessibility/alternative-transportation/regional-rail-alternate/,2026-02-10 02:14:46,2026-02-10T071446UTC
Regional Rail,Chester Transit Center,Inbound,No access to/from inbound platform (To Center City),<ul><li>No access to/from inbound platform (To Center City)</li></ul>,https://www5.septa.org/about/accessibility/alternative-transportation/regional-rail-alternate/,2026-02-10 02:14:46,2026-02-10T071446UTC
Regional Rail,Lansdale,Lansdale Garage #1,"No access to garage parking floors if both elevators out
","<ul><li>No access to garage parking floors if both elevators out</li></ul>
",https://www5.septa.org/about/accessibility/alternative-transportation/regional-rail-alternate/,2026-02-10 02:14:46,2026-02-10T071446UTC
Broad Street Subway / Broad Ridge Spur,Fern Rock Transit Center,Street Level,No access to/from station,<ul><li>No access to/from station</li></ul>,https://www5.septa.org/about/accessibility/alternative-transportation/bsl-alternate/,2026-02-10 04:03:15,2026-02-10T090315UTC
Broad Street Subway / Broad Ridge Spur,Olney Transit Center,Street to Mezzanine,No access to/from station,<ul><li>No access to/from station</li></ul>,https://www5.septa.org/about/accessibility/alternative-transportation/bsl-alternate/,2026-02-10 04:03:15,2026-02-10T090315UTC
Broad Street Subway / Broad Ridge Spur,Walnut-Locust,Southbound,No access to/from southbound platform,<ul><li>No access to/from southbound platform</li></ul>,https://www5.septa.org/about/accessibility/alternative-transportation/bsl-alternate/,2026-02-10 04:03:15,2026-02-10T090315UTC
Broad Street Subway / Broad Ridge Spur,8th-Market,Street Level,No access to/from station,<ul><li>No access to/from station</li></ul>,https://www5.septa.org/about/accessibility/alternative-transportation/bsl-alternate/,2026-02-10 04:03:15,2026-02-10T090315UTC
Market Frankford Line,Frankford Transit Center,Main Terminal Pratt Street,Use Bridge Street for access to/from platforms,<ul><li>Use Bridge Street for access to/from platforms</li></ul>,https://www5.septa.org/about/accessibility/alternative-transportation/mfl-alternate/,2026-02-10 04:03:15,2026-02-10T090315UTC
Market Frankford Line,York-Dauphin,Westbound ,No access to/from station,<ul><li>No access to/from station</li></ul>,https://www5.septa.org/about/accessibility/alternative-transportation/mfl-alternate/,2026-02-10 04:03:15,2026-02-10T090315UTC
Market Frankford Line,2nd St,Eastbound,No access to/from eastbound platform,<ul><li>No access to/from eastbound platform</li></ul>,https://www5.septa.org/about/accessibility/alternative-transportation/mfl-alternate/,2026-02-10 04:03:15,2026-02-10T090315UTC
Market Frankford Line,8th-Market,Westbound,No access to/from station,<ul><li>No access to/from station</li></ul>,https://www5.septa.org/about/accessibility/alternative-transportation/mfl-alternate/,2026-02-10 04:03:15,2026-02-10T090315UTC
Market Frankford Line,56th St,Eastbound,No access to/from station,<ul><li>No access to/from station</li></ul>,https://www5.septa.org/about/accessibility/alternative-transportation/mfl-alternate/,2026-02-10 04:03:15,2026-02-10T090315UTC
Regional Rail,Gray 30th Street,"""A"" Platform",No access to/from Tracks 1 and 2,<ul><li>No access to/from Tracks 1 and 2</li></ul>,https://www5.septa.org/about/accessibility/alternative-transportation/regional-rail-alternate/,2026-02-10 04:03:15,2026-02-10T090315UTC
Broad Street Subway / Broad Ridge Spur,North Philadelphia,Southbound,No access to/from southbound platform ,<ul><li>No access to/from southbound platform</li></ul> ,https://www5.septa.org/about/accessibility/alternative-transportation/bsl-alternate/,2026-02-10 04:03:15,2026-02-10T090315UTC
Broad Street Subway / Broad Ridge Spur,Broad-Girard,Street to Mezzanine,No access to/from station,<ul><li>No access to/from station</li></ul>,https://www5.septa.org/about/accessibility/alternative-transportation/bsl-alternate/,2026-02-10 04:03:15,2026-02-10T090315UTC
Regional Rail,Wayne Junction,Outbound,No access to/from outbound platform (From Center City),<ul><li>No access to/from outbound platform (From Center City)</li></ul>,https://www5.septa.org/about/accessibility/alternative-transportation/regional-rail-alternate/,2026-02-10 04:03:15,2026-02-10T090315UTC
Regional Rail,Chester Transit Center,Inbound,No access to/from inbound platform (To Center City),<ul><li>No access to/from inbound platform (To Center City)</li></ul>,https://www5.septa.org/about/accessibility/alternative-transportation/regional-rail-alternate/,2026-02-10 04:03:15,2026-02-10T090315UTC
Regional Rail,Lansdale,Lansdale Garage #1,"No access to garage parking floors if both elevators out
","<ul><li>No access to garage parking floors if both elevators out</li></ul>
",https://www5.septa.org/about/accessibility/alternative-transportation/regional-rail-alternate/,2026-02-10 04:03:15,2026-02-10T090315UTC
Broad Street Subway / Broad Ridge Spur,Fern Rock Transit Center,Street Level,No access to/from station,<ul><li>No access to/from station</li></ul>,https://www5.septa.org/about/accessibility/alternative-transportation/bsl-alternate/,2026-02-10 06:00:02,2026-02-10T110002UTC
Broad Street Subway / Broad Ridge Spur,Olney Transit Center,Street to Mezzanine,No access to/from station,<ul><li>No access to/from station</li></ul>,https://www5.septa.org/about/accessibility/alternative-transportation/bsl-alternate/,2026-02-10 06:00:02,2026-02-10T110002UTC
Broad Street Subway / Broad Ridge Spur,Walnut-Locust,Southbound,No access to/from southbound platform,<ul><li>No access to/from southbound platform</li></ul>,https://www5.septa.org/about/accessibility/alternative-transportation/bsl-alternate/,2026-02-10 06:00:02,2026-02-10T110002UTC
Broad Street Subway / Broad Ridge Spur,8th-Market,Street Level,No access to/from station,<ul><li>No access to/from station</li></ul>,https://www5.septa.org/about/accessibility/alternative-transportation/bsl-alternate/,2026-02-10 06:00:02,2026-02-10T110002UTC
Market Frankford Line,Frankford Transit Center,Main Terminal Pratt Street,Use Bridge Street for access to/from platforms,<ul><li>Use Bridge Street for access to/from platforms</li></ul>,https://www5.septa.org/about/accessibility/alternative-transportation/mfl-alternate/,2026-02-10 06:00:02,2026-02-10T110002UTC
Market Frankford Line,York-Dauphin,Westbound ,No access to/from station,<ul><li>No access to/from station</li></ul>,https://www5.septa.org/about/accessibility/alternative-transportation/mfl-alternate/,2026-02-10 06:00:02,2026-02-10T110002UTC
Market Frankford Line,2nd St,Eastbound,No access to/from eastbound platform,<ul><li>No access to/from eastbound platform</li></ul>,https://www5.septa.org/about/accessibility/alternative-transportation/mfl-alternate/,2026-02-10 06:00:02,2026-02-10T110002UTC
Market Frankford Line,8th-Market,Westbound,No access to/from station,<ul><li>No access to/from station</li></ul>,https://www5.septa.org/about/accessibility/alternative-transportation/mfl-alternate/,2026-02-10 06:00:02,2026-02-10T110002UTC
Market Frankford Line,56th St,Eastbound,No access to/from station,<ul><li>No access to/from station</li></ul>,https://www5.septa.org/about/accessibility/alternative-transportation/mfl-alternate/,2026-02-10 06:00:02,2026-02-10T110002UTC
Regional Rail,Gray 30th Street,"""A"" Platform",No access to/from Tracks 1 and 2,<ul><li>No access to/from Tracks 1 and 2</li></ul>,https://www5.septa.org/about/accessibility/alternative-transportation/regional-rail-alternate/,2026-02-10 06:00:02,2026-02-10T110002UTC
Broad Street Subway / Broad Ridge Spur,North Philadelphia,Southbound,No access to/from southbound platform ,<ul><li>No access to/from southbound platform</li></ul> ,https://www5.septa.org/about/accessibility/alternative-transportation/bsl-alternate/,2026-02-10 06:00:02,2026-02-10T110002UTC
Broad Street Subway / Broad Ridge Spur,Broad-Girard,Street to Mezzanine,No access to/from station,<ul><li>No access to/from station</li></ul>,https://www5.septa.org/about/accessibility/alternative-transportation/bsl-alternate/,2026-02-10 06:00:02,2026-02-10T110002UTC
Regional Rail,Wayne Junction,Outbound,No access to/from outbound platform (From Center City),<ul><li>No access to/from outbound platform (From Center City)</li></ul>,https://www5.septa.org/about/accessibility/alternative-transportation/regional-rail-alternate/,2026-02-10 06:00:02,2026-02-10T110002UTC
Regional Rail,Chester Transit Center,Inbound,No access to/from inbound platform (To Center City),<ul><li>No access to/from inbound platform (To Center City)</li></ul>,https://www5.septa.org/about/accessibility/alternative-transportation/regional-rail-alternate/,2026-02-10 06:00:02,2026-02-10T110002UTC
Regional Rail,Lansdale,Lansdale Garage #1,"No access to garage parking floors if both elevators out
","<ul><li>No access to garage parking floors if both elevators out</li></ul>
",https://www5.septa.org/about/accessibility/alternative-transportation/regional-rail-alternate/,2026-02-10 06:00:02,2026-02-10T110002UTC
Broad Street Subway / Broad Ridge Spur,Fern Rock Transit Center,Street Level,No access to/from station,<ul><li>No access to/from station</li></ul>,https://www5.septa.org/about/accessibility/alternative-transportation/bsl-alternate/,2026-02-10 08:39:59,2026-02-10T133959UTC
Broad Street Subway / Broad Ridge Spur,Olney Transit Center,Street to Mezzanine,No access to/from station,<ul><li>No access to/from station</li></ul>,https://www5.septa.org/about/accessibility/alternative-transportation/bsl-alternate/,2026-02-10 08:39:59,2026-02-10T133959UTC
Broad Street Subway / Broad Ridge Spur,Walnut-Locust,Southbound,No access to/from southbound platform,<ul><li>No access to/from southbound platform</li></ul>,https://www5.septa.org/about/accessibility/alternative-transportation/bsl-alternate/,2026-02-10 08:39:59,2026-02-10T133959UTC
Broad Street Subway / Broad Ridge Spur,8th-Market,Street Level,No access to/from station,<ul><li>No access to/from station</li></ul>,https://www5.septa.org/about/accessibility/alternative-transportation/bsl-alternate/,2026-02-10 08:39:59,2026-02-10T133959UTC
Market Frankford Line,Frankford Transit Center,Main Terminal Pratt Street,Use Bridge Street for access to/from platforms,<ul><li>Use Bridge Street for access to/from platforms</li></ul>,https://www5.septa.org/about/accessibility/alternative-transportation/mfl-alternate/,2026-02-10 08:39:59,2026-02-10T133959UTC
Market Frankford Line,York-Dauphin,Westbound ,No access to/from station,<ul><li>No access to/from station</li></ul>,https://www5.septa.org/about/accessibility/alternative-transportation/mfl-alternate/,2026-02-10 08:39:59,2026-02-10T133959UTC
Market Frankford Line,2nd St,Eastbound,No access to/from eastbound platform,<ul><li>No access to/from eastbound platform</li></ul>,https://www5.septa.org/about/accessibility/alternative-transportation/mfl-alternate/,2026-02-10 08:39:59,2026-02-10T133959UTC
Market Frankford Line,8th-Market,Westbound,No access to/from station,<ul><li>No access to/from station</li></ul>,https://www5.septa.org/about/accessibility/alternative-transportation/mfl-alternate/,2026-02-10 08:39:59,2026-02-10T133959UTC
Market Frankford Line,56th St,Eastbound,No access to/from station,<ul><li>No access to/from station</li></ul>,https://www5.septa.org/about/accessibility/alternative-transportation/mfl-alternate/,2026-02-10 08:39:59,2026-02-10T133959UTC
Regional Rail,Gray 30th Street,"""A"" Platform",No access to/from Tracks 1 and 2,<ul><li>No access to/from Tracks 1 and 2</li></ul>,https://www5.septa.org/about/accessibility/alternative-transportation/regional-rail-alternate/,2026-02-10 08:39:59,2026-02-10T133959UTC
Broad Street Subway / Broad Ridge Spur,North Philadelphia,Southbound,No access to/from southbound platform ,<ul><li>No access to/from southbound platform</li></ul> ,https://www5.septa.org/about/accessibility/alternative-transportation/bsl-alternate/,2026-02-10 08:39:59,2026-02-10T133959UTC
Broad Street Subway / Broad Ridge Spur,Broad-Girard,Street to Mezzanine,No access to/from station,<ul><li>No access to/from station</li></ul>,https://www5.septa.org/about/accessibility/alternative-transportation/bsl-alternate/,2026-02-10 08:39:59,2026-02-10T133959UTC
Regional Rail,Wayne Junction,Outbound,No access to/from outbound platform (From Center City),<ul><li>No access to/from outbound platform (From Center City)</li></ul>,https://www5.septa.org/about/accessibility/alternative-transportation/regional-rail-alternate/,2026-02-10 08:39:59,2026-02-10T133959UTC
Regional Rail,Chester Transit Center,Inbound,No access to/from inbound platform (To Center City),<ul><li>No access to/from inbound platform (To Center City)</li></ul>,https://www5.septa.org/about/accessibility/alternative-transportation/regional-rail-alternate/,2026-02-10 08:39:59,2026-02-10T133959UTC
Regional Rail,Lansdale,Lansdale Garage #1,"No access to garage parking floors if both elevators out
","<ul><li>No access to garage parking floors if both elevators out</li></ul>
",https://www5.septa.org/about/accessibility/alternative-transportation/regional-rail-alternate/,2026-02-10 08:39:59,2026-02-10T133959UTC
Broad Street Subway / Broad Ridge Spur,Fern Rock Transit Center,Street Level,No access to/from station,<ul><li>No access to/from station</li></ul>,https://www5.septa.org/about/accessibility/alternative-transportation/bsl-alternate/,2026-02-10 10:06:10,2026-02-10T150610UTC
Broad Street Subway / Broad Ridge Spur,Olney Transit Center,Street to Mezzanine,No access to/from station,<ul><li>No access to/from station</li></ul>,https://www5.septa.org/about/accessibility/alternative-transportation/bsl-alternate/,2026-02-10 10:06:10,2026-02-10T150610UTC
Broad Street Subway / Broad Ridge Spur,Walnut-Locust,Southbound,No access to/from southbound platform,<ul><li>No access to/from southbound platform</li></ul>,https://www5.septa.org/about/accessibility/alternative-transportation/bsl-alternate/,2026-02-10 10:06:10,2026-02-10T150610UTC
Broad Street Subway / Broad Ridge Spur,8th-Market,Street Level,No access to/from station,<ul><li>No access to/from station</li></ul>,https://www5.septa.org/about/accessibility/alternative-transportation/bsl-alternate/,2026-02-10 10:06:10,2026-02-10T150610UTC
Market Frankford Line,Frankford Transit Center,Main Terminal Pratt Street,Use Bridge Street for access to/from platforms,<ul><li>Use Bridge Street for access to/from platforms</li></ul>,https://www5.septa.org/about/accessibility/alternative-transportation/mfl-alternate/,2026-02-10 10:06:10,2026-02-10T150610UTC
Market Frankford Line,York-Dauphin,Westbound ,No access to/from station,<ul><li>No access to/from station</li></ul>,https://www5.septa.org/about/accessibility/alternative-transportation/mfl-alternate/,2026-02-10 10:06:10,2026-02-10T150610UTC
Market Frankford Line,8th-Market,Westbound,No access to/from station,<ul><li>No access to/from station</li></ul>,https://www5.septa.org/about/accessibility/alternative-transportation/mfl-alternate/,2026-02-10 10:06:10,2026-02-10T150610UTC
Market Frankford Line,56th St,Eastbound,No access to/from station,<ul><li>No access to/from station</li></ul>,https://www5.septa.org/about/accessibility/alternative-transportation/mfl-alternate/,2026-02-10 10:06:10,2026-02-10T150610UTC
Regional Rail,Gray 30th Street,"""A"" Platform",No access to/from Tracks 1 and 2,<ul><li>No access to/from Tracks 1 and 2</li></ul>,https://www5.septa.org/about/accessibility/alternative-transportation/regional-rail-alternate/,2026-02-10 10:06:10,2026-02-10T150610UTC
Broad Street Subway / Broad Ridge Spur,North Philadelphia,Southbound,No access to/from southbound platform ,<ul><li>No access to/from southbound platform</li></ul> ,https://www5.septa.org/about/accessibility/alternative-transportation/bsl-alternate/,2026-02-10 10:06:10,2026-02-10T150610UTC
Regional Rail,Wayne Junction,Outbound,No access to/from outbound platform (From Center City),<ul><li>No access to/from outbound platform (From Center City)</li></ul>,https://www5.septa.org/about/accessibility/alternative-transportation/regional-rail-alternate/,2026-02-10 10:06:10,2026-02-10T150610UTC
Regional Rail,Chester Transit Center,Inbound,No access to/from inbound platform (To Center City),<ul><li>No access to/from inbound platform (To Center City)</li></ul>,https://www5.septa.org/about/accessibility/alternative-transportation/regional-rail-alternate/,2026-02-10 10:06:10,2026-02-10T150610UTC
Regional Rail,Lansdale,Lansdale Garage #1,"No access to garage parking floors if both elevators out
","<ul><li>No access to garage parking floors if both elevators out</li></ul>
",https://www5.septa.org/about/accessibility/alternative-transportation/regional-rail-alternate/,2026-02-10 10:06:10,2026-02-10T150610UTC
Broad Street Subway / Broad Ridge Spur,Fern Rock Transit Center,Street Level,No access to/from station,<ul><li>No access to/from station</li></ul>,https://www5.septa.org/about/accessibility/alternative-transportation/bsl-alternate/,2026-02-10 12:10:10,2026-02-10T171010UTC
Broad Street Subway / Broad Ridge Spur,Olney Transit Center,Street to Mezzanine,No access to/from station,<ul><li>No access to/from station</li></ul>,https://www5.septa.org/about/accessibility/alternative-transportation/bsl-alternate/,2026-02-10 12:10:10,2026-02-10T171010UTC
Broad Street Subway / Broad Ridge Spur,Walnut-Locust,Southbound,No access to/from southbound platform,<ul><li>No access to/from southbound platform</li></ul>,https://www5.septa.org/about/accessibility/alternative-transportation/bsl-alternate/,2026-02-10 12:10:10,2026-02-10T171010UTC
Broad Street Subway / Broad Ridge Spur,8th-Market,Street Level,No access to/from station,<ul><li>No access to/from station</li></ul>,https://www5.septa.org/about/accessibility/alternative-transportation/bsl-alternate/,2026-02-10 12:10:10,2026-02-10T171010UTC
Market Frankford Line,Frankford Transit Center,Main Terminal Pratt Street,Use Bridge Street for access to/from platforms,<ul><li>Use Bridge Street for access to/from platforms</li></ul>,https://www5.septa.org/about/accessibility/alternative-transportation/mfl-alternate/,2026-02-10 12:10:10,2026-02-10T171010UTC
Market Frankford Line,York-Dauphin,Westbound ,No access to/from station,<ul><li>No access to/from station</li></ul>,https://www5.septa.org/about/accessibility/alternative-transportation/mfl-alternate/,2026-02-10 12:10:10,2026-02-10T171010UTC
Market Frankford Line,8th-Market,Westbound,No access to/from station,<ul><li>No access to/from station</li></ul>,https://www5.septa.org/about/accessibility/alternative-transportation/mfl-alternate/,2026-02-10 12:10:10,2026-02-10T171010UTC
Broad Street Subway / Broad Ridge Spur,North Philadelphia,Southbound,No access to/from southbound platform ,<ul><li>No access to/from southbound platform</li></ul> ,https://www5.septa.org/about/accessibility/alternative-transportation/bsl-alternate/,2026-02-10 12:10:10,2026-02-10T171010UTC
Broad Street Subway / Broad Ridge Spur,Fern Rock Transit Center,Street Level,No access to/from station,<ul><li>No access to/from station</li></ul>,https://www5.septa.org/about/accessibility/alternative-transportation/bsl-alternate/,2026-02-10 14:15:32,2026-02-10T191532UTC
Broad Street Subway / Broad Ridge Spur,Olney Transit Center,Street to Mezzanine,No access to/from station,<ul><li>No access to/from station</li></ul>,https://www5.septa.org/about/accessibility/alternative-transportation/bsl-alternate/,2026-02-10 14:15:32,2026-02-10T191532UTC
Broad Street Subway / Broad Ridge Spur,Walnut-Locust,Southbound,No access to/from southbound platform,<ul><li>No access to/from southbound platform</li></ul>,https://www5.septa.org/about/accessibility/alternative-transportation/bsl-alternate/,2026-02-10 14:15:32,2026-02-10T191532UTC
Broad Street Subway / Broad Ridge Spur,8th-Market,Street Level,No access to/from station,<ul><li>No access to/from station</li></ul>,https://www5.septa.org/about/accessibility/alternative-transportation/bsl-alternate/,2026-02-10 14:15:32,2026-02-10T191532UTC
Market Frankford Line,Frankford Transit Center,Main Terminal Pratt Street,Use Bridge Street for access to/from platforms,<ul><li>Use Bridge Street for access to/from platforms</li></ul>,https://www5.septa.org/about/accessibility/alternative-transportation/mfl-alternate/,2026-02-10 14:15:32,2026-02-10T191532UTC
Market Frankford Line,York-Dauphin,Westbound ,No access to/from station,<ul><li>No access to/from station</li></ul>,https://www5.septa.org/about/accessibility/alternative-transportation/mfl-alternate/,2026-02-10 14:15:32,2026-02-10T191532UTC
Market Frankford Line,8th-Market,Westbound,No access to/from station,<ul><li>No access to/from station</li></ul>,https://www5.septa.org/about/accessibility/alternative-transportation/mfl-alternate/,2026-02-10 14:15:32,2026-02-10T191532UTC
Market Frankford Line,46th St,Eastbound,No access to/from station,<ul><li>No access to/from station</li></ul>,https://www5.septa.org/about/accessibility/alternative-transportation/mfl-alternate/,2026-02-10 14:15:32,2026-02-10T191532UTC
Broad Street Subway / Broad Ridge Spur,North Philadelphia,Southbound,No access to/from southbound platform ,<ul><li>No access to/from southbound platform</li></ul> ,https://www5.septa.org/about/accessibility/alternative-transportation/bsl-alternate/,2026-02-10 14:15:32,2026-02-10T191532UTC
Broad Street Subway / Broad Ridge Spur,Fern Rock Transit Center,Street Level,No access to/from station,<ul><li>No access to/from station</li></ul>,https://www5.septa.org/about/accessibility/alternative-transportation/bsl-alternate/,2026-02-10 15:53:16,2026-02-10T205316UTC
Broad Street Subway / Broad Ridge Spur,Olney Transit Center,Street to Mezzanine,No access to/from station,<ul><li>No access to/from station</li></ul>,https://www5.septa.org/about/accessibility/alternative-transportation/bsl-alternate/,2026-02-10 15:53:16,2026-02-10T205316UTC
Broad Street Subway / Broad Ridge Spur,Cecil B. Moore,Northbound Platform,No access to/from northbound platform,<ul><li>No access to/from northbound platform</li></ul>,https://www5.septa.org/about/accessibility/alternative-transportation/bsl-alternate/,2026-02-10 15:53:16,2026-02-10T205316UTC
Broad Street Subway / Broad Ridge Spur,Walnut-Locust,Southbound,No access to/from southbound platform,<ul><li>No access to/from southbound platform</li></ul>,https://www5.septa.org/about/accessibility/alternative-transportation/bsl-alternate/,2026-02-10 15:53:16,2026-02-10T205316UTC
Broad Street Subway / Broad Ridge Spur,8th-Market,Street Level,No access to/from station,<ul><li>No access to/from station</li></ul>,https://www5.septa.org/about/accessibility/alternative-transportation/bsl-alternate/,2026-02-10 15:53:16,2026-02-10T205316UTC
Market Frankford Line,Frankford Transit Center,Main Terminal Pratt Street,Use Bridge Street for access to/from platforms,<ul><li>Use Bridge Street for access to/from platforms</li></ul>,https://www5.septa.org/about/accessibility/alternative-transportation/mfl-alternate/,2026-02-10 15:53:16,2026-02-10T205316UTC
Market Frankford Line,York-Dauphin,Westbound ,No access to/from station,<ul><li>No access to/from station</li></ul>,https://www5.septa.org/about/accessibility/alternative-transportation/mfl-alternate/,2026-02-10 15:53:16,2026-02-10T205316UTC
Market Frankford Line,8th-Market,Westbound,No access to/from station,<ul><li>No access to/from station</li></ul>,https://www5.septa.org/about/accessibility/alternative-transportation/mfl-alternate/,2026-02-10 15:53:16,2026-02-10T205316UTC
Market Frankford Line,46th St,Eastbound,No access to/from station,<ul><li>No access to/from station</li></ul>,https://www5.septa.org/about/accessibility/alternative-transportation/mfl-alternate/,2026-02-10 15:53:16,2026-02-10T205316UTC
Broad Street Subway / Broad Ridge Spur,North Philadelphia,Southbound,No access to/from southbound platform ,<ul><li>No access to/from southbound platform</li></ul> ,https://www5.septa.org/about/accessibility/alternative-transportation/bsl-alternate/,2026-02-10 15:53:16,2026-02-10T205316UTC
Broad Street Subway / Broad Ridge Spur,Fern Rock Transit Center,Street Level,No access to/from station,<ul><li>No access to/from station</li></ul>,https://www5.septa.org/about/accessibility/alternative-transportation/bsl-alternate/,2026-02-10 17:49:59,2026-02-10T224959UTC
Broad Street Subway / Broad Ridge Spur,Olney Transit Center,Street to Mezzanine,No access to/from station,<ul><li>No access to/from station</li></ul>,https://www5.septa.org/about/accessibility/alternative-transportation/bsl-alternate/,2026-02-10 17:49:59,2026-02-10T224959UTC
Broad Street Subway / Broad Ridge Spur,Cecil B. Moore,Northbound Platform,No access to/from northbound platform,<ul><li>No access to/from northbound platform</li></ul>,https://www5.septa.org/about/accessibility/alternative-transportation/bsl-alternate/,2026-02-10 17:49:59,2026-02-10T224959UTC
Broad Street Subway / Broad Ridge Spur,Walnut-Locust,Southbound,No access to/from southbound platform,<ul><li>No access to/from southbound platform</li></ul>,https://www5.septa.org/about/accessibility/alternative-transportation/bsl-alternate/,2026-02-10 17:49:59,2026-02-10T224959UTC
Broad Street Subway / Broad Ridge Spur,8th-Market,Street Level,No access to/from station,<ul><li>No access to/from station</li></ul>,https://www5.septa.org/about/accessibility/alternative-transportation/bsl-alternate/,2026-02-10 17:49:59,2026-02-10T224959UTC
Market Frankford Line,Frankford Transit Center,Main Terminal Pratt Street,Use Bridge Street for access to/from platforms,<ul><li>Use Bridge Street for access to/from platforms</li></ul>,https://www5.septa.org/about/accessibility/alternative-transportation/mfl-alternate/,2026-02-10 17:49:59,2026-02-10T224959UTC
Market Frankford Line,York-Dauphin,Westbound ,No access to/from station,<ul><li>No access to/from station</li></ul>,https://www5.septa.org/about/accessibility/alternative-transportation/mfl-alternate/,2026-02-10 17:49:59,2026-02-10T224959UTC
Market Frankford Line,8th-Market,Westbound,No access to/from station,<ul><li>No access to/from station</li></ul>,https://www5.septa.org/about/accessibility/alternative-transportation/mfl-alternate/,2026-02-10 17:49:59,2026-02-10T224959UTC
Market Frankford Line,46th St,Eastbound,No access to/from station,<ul><li>No access to/from station</li></ul>,https://www5.septa.org/about/accessibility/alternative-transportation/mfl-alternate/,2026-02-10 17:49:59,2026-02-10T224959UTC
Broad Street Subway / Broad Ridge Spur,North Philadelphia,Southbound,No access to/from southbound platform ,<ul><li>No access to/from southbound platform</li></ul> ,https://www5.septa.org/about/accessibility/alternative-transportation/bsl-alternate/,2026-02-10 17:49:59,2026-02-10T224959UTC
Market Frankford Line,Drexel Station at 30th St,"Concourse to Platform - West End (To 31st Street)
",No access to/from platform on the west end,<ul><li>No access to/from platform on the west end</li></ul>,https://www5.septa.org/about/accessibility/alternative-transportation/mfl-alternate/,2026-02-10 17:49:59,2026-02-10T224959UTC
Broad Street Subway / Broad Ridge Spur,Fern Rock Transit Center,Street Level,No access to/from station,<ul><li>No access to/from station</li></ul>,https://www5.septa.org/about/accessibility/alternative-transportation/bsl-alternate/,2026-02-10 21:54:07,2026-02-11T025407UTC
Broad Street Subway / Broad Ridge Spur,Olney Transit Center,Street to Mezzanine,No access to/from station,<ul><li>No access to/from station</li></ul>,https://www5.septa.org/about/accessibility/alternative-transportation/bsl-alternate/,2026-02-10 21:54:07,2026-02-11T025407UTC
Broad Street Subway / Broad Ridge Spur,Walnut-Locust,Southbound,No access to/from southbound platform,<ul><li>No access to/from southbound platform</li></ul>,https://www5.septa.org/about/accessibility/alternative-transportation/bsl-alternate/,2026-02-10 21:54:07,2026-02-11T025407UTC
Broad Street Subway / Broad Ridge Spur,8th-Market,Street Level,No access to/from station,<ul><li>No access to/from station</li></ul>,https://www5.septa.org/about/accessibility/alternative-transportation/bsl-alternate/,2026-02-10 21:54:07,2026-02-11T025407UTC
Market Frankford Line,8th-Market,Westbound,No access to/from station,<ul><li>No access to/from station</li></ul>,https://www5.septa.org/about/accessibility/alternative-transportation/mfl-alternate/,2026-02-10 21:54:07,2026-02-11T025407UTC
Market Frankford Line,46th St,Eastbound,No access to/from station,<ul><li>No access to/from station</li></ul>,https://www5.septa.org/about/accessibility/alternative-transportation/mfl-alternate/,2026-02-10 21:54:07,2026-02-11T025407UTC
Broad Street Subway / Broad Ridge Spur,North Philadelphia,Southbound,No access to/from southbound platform ,<ul><li>No access to/from southbound platform</li></ul> ,https://www5.septa.org/about/accessibility/alternative-transportation/bsl-alternate/,2026-02-10 21:54:07,2026-02-11T025407UTC
Broad Street Subway / Broad Ridge Spur,Fern Rock Transit Center,Street Level,No access to/from station,<ul><li>No access to/from station</li></ul>,https://www5.septa.org/about/accessibility/alternative-transportation/bsl-alternate/,2026-02-11 00:39:02,2026-02-11T053902UTC
Broad Street Subway / Broad Ridge Spur,Olney Transit Center,Street to Mezzanine,No access to/from station,<ul><li>No access to/from station</li></ul>,https://www5.septa.org/about/accessibility/alternative-transportation/bsl-alternate/,2026-02-11 00:39:02,2026-02-11T053902UTC
Broad Street Subway / Broad Ridge Spur,Walnut-Locust,Southbound,No access to/from southbound platform,<ul><li>No access to/from southbound platform</li></ul>,https://www5.septa.org/about/accessibility/alternative-transportation/bsl-alternate/,2026-02-11 00:39:02,2026-02-11T053902UTC
Broad Street Subway / Broad Ridge Spur,8th-Market,Street Level,No access to/from station,<ul><li>No access to/from station</li></ul>,https://www5.septa.org/about/accessibility/alternative-transportation/bsl-alternate/,2026-02-11 00:39:02,2026-02-11T053902UTC
Market Frankford Line,8th-Market,Westbound,No access to/from station,<ul><li>No access to/from station</li></ul>,https://www5.septa.org/about/accessibility/alternative-transportation/mfl-alternate/,2026-02-11 00:39:02,2026-02-11T053902UTC
Market Frankford Line,46th St,Eastbound,No access to/from station,<ul><li>No access to/from station</li></ul>,https://www5.septa.org/about/accessibility/alternative-transportation/mfl-alternate/,2026-02-11 00:39:02,2026-02-11T053902UTC
Broad Street Subway / Broad Ridge Spur,North Philadelphia,Southbound,No access to/from southbound platform ,<ul><li>No access to/from southbound platform</li></ul> ,https://www5.septa.org/about/accessibility/alternative-transportation/bsl-alternate/,2026-02-11 00:39:02,2026-02-11T053902UTC
Broad Street Subway / Broad Ridge Spur,Fern Rock Transit Center,Street Level,No access to/from station,<ul><li>No access to/from station</li></ul>,https://www5.septa.org/about/accessibility/alternative-transportation/bsl-alternate/,2026-02-11 02:11:35,2026-02-11T071135UTC
Broad Street Subway / Broad Ridge Spur,Olney Transit Center,Street to Mezzanine,No access to/from station,<ul><li>No access to/from station</li></ul>,https://www5.septa.org/about/accessibility/alternative-transportation/bsl-alternate/,2026-02-11 02:11:35,2026-02-11T071135UTC
Broad Street Subway / Broad Ridge Spur,Walnut-Locust,Southbound,No access to/from southbound platform,<ul><li>No access to/from southbound platform</li></ul>,https://www5.septa.org/about/accessibility/alternative-transportation/bsl-alternate/,2026-02-11 02:11:35,2026-02-11T071135UTC
Broad Street Subway / Broad Ridge Spur,8th-Market,Street Level,No access to/from station,<ul><li>No access to/from station</li></ul>,https://www5.septa.org/about/accessibility/alternative-transportation/bsl-alternate/,2026-02-11 02:11:35,2026-02-11T071135UTC
Market Frankford Line,8th-Market,Westbound,No access to/from station,<ul><li>No access to/from station</li></ul>,https://www5.septa.org/about/accessibility/alternative-transportation/mfl-alternate/,2026-02-11 02:11:35,2026-02-11T071135UTC
Market Frankford Line,46th St,Eastbound,No access to/from station,<ul><li>No access to/from station</li></ul>,https://www5.septa.org/about/accessibility/alternative-transportation/mfl-alternate/,2026-02-11 02:11:35,2026-02-11T071135UTC
Broad Street Subway / Broad Ridge Spur,North Philadelphia,Southbound,No access to/from southbound platform ,<ul><li>No access to/from southbound platform</li></ul> ,https://www5.septa.org/about/accessibility/alternative-transportation/bsl-alternate/,2026-02-11 02:11:35,2026-02-11T071135UTC
Broad Street Subway / Broad Ridge Spur,Fern Rock Transit Center,Street Level,No access to/from station,<ul><li>No access to/from station</li></ul>,https://www5.septa.org/about/accessibility/alternative-transportation/bsl-alternate/,2026-02-11 03:58:24,2026-02-11T085824UTC
Broad Street Subway / Broad Ridge Spur,Olney Transit Center,Street to Mezzanine,No access to/from station,<ul><li>No access to/from station</li></ul>,https://www5.septa.org/about/accessibility/alternative-transportation/bsl-alternate/,2026-02-11 03:58:24,2026-02-11T085824UTC
Broad Street Subway / Broad Ridge Spur,Walnut-Locust,Southbound,No access to/from southbound platform,<ul><li>No access to/from southbound platform</li></ul>,https://www5.septa.org/about/accessibility/alternative-transportation/bsl-alternate/,2026-02-11 03:58:24,2026-02-11T085824UTC
Broad Street Subway / Broad Ridge Spur,8th-Market,Street Level,No access to/from station,<ul><li>No access to/from station</li></ul>,https://www5.septa.org/about/accessibility/alternative-transportation/bsl-alternate/,2026-02-11 03:58:24,2026-02-11T085824UTC
Market Frankford Line,8th-Market,Westbound,No access to/from station,<ul><li>No access to/from station</li></ul>,https://www5.septa.org/about/accessibility/alternative-transportation/mfl-alternate/,2026-02-11 03:58:24,2026-02-11T085824UTC
Market Frankford Line,46th St,Eastbound,No access to/from station,<ul><li>No access to/from station</li></ul>,https://www5.septa.org/about/accessibility/alternative-transportation/mfl-alternate/,2026-02-11 03:58:24,2026-02-11T085824UTC
Broad Street Subway / Broad Ridge Spur,North Philadelphia,Southbound,No access to/from southbound platform ,<ul><li>No access to/from southbound platform</li></ul> ,https://www5.septa.org/about/accessibility/alternative-transportation/bsl-alternate/,2026-02-11 03:58:24,2026-02-11T085824UTC
Broad Street Subway / Broad Ridge Spur,Fern Rock Transit Center,Street Level,No access to/from station,<ul><li>No access to/from station</li></ul>,https://www5.septa.org/about/accessibility/alternative-transportation/bsl-alternate/,2026-02-11 05:57:17,2026-02-11T105717UTC
Broad Street Subway / Broad Ridge Spur,Olney Transit Center,Street to Mezzanine,No access to/from station,<ul><li>No access to/from station</li></ul>,https://www5.septa.org/about/accessibility/alternative-transportation/bsl-alternate/,2026-02-11 05:57:17,2026-02-11T105717UTC
Broad Street Subway / Broad Ridge Spur,Walnut-Locust,Southbound,No access to/from southbound platform,<ul><li>No access to/from southbound platform</li></ul>,https://www5.septa.org/about/accessibility/alternative-transportation/bsl-alternate/,2026-02-11 05:57:17,2026-02-11T105717UTC
Broad Street Subway / Broad Ridge Spur,8th-Market,Street Level,No access to/from station,<ul><li>No access to/from station</li></ul>,https://www5.septa.org/about/accessibility/alternative-transportation/bsl-alternate/,2026-02-11 05:57:17,2026-02-11T105717UTC
Market Frankford Line,Frankford Transit Center,Main Terminal Pratt Street,Use Bridge Street for access to/from platforms,<ul><li>Use Bridge Street for access to/from platforms</li></ul>,https://www5.septa.org/about/accessibility/alternative-transportation/mfl-alternate/,2026-02-11 05:57:17,2026-02-11T105717UTC
Market Frankford Line,8th-Market,Westbound,No access to/from station,<ul><li>No access to/from station</li></ul>,https://www5.septa.org/about/accessibility/alternative-transportation/mfl-alternate/,2026-02-11 05:57:17,2026-02-11T105717UTC
Market Frankford Line,46th St,Eastbound,No access to/from station,<ul><li>No access to/from station</li></ul>,https://www5.septa.org/about/accessibility/alternative-transportation/mfl-alternate/,2026-02-11 05:57:17,2026-02-11T105717UTC
Broad Street Subway / Broad Ridge Spur,North Philadelphia,Southbound,No access to/from southbound platform ,<ul><li>No access to/from southbound platform</li></ul> ,https://www5.septa.org/about/accessibility/alternative-transportation/bsl-alternate/,2026-02-11 05:57:17,2026-02-11T105717UTC
Broad Street Subway / Broad Ridge Spur,Fern Rock Transit Center,Street Level,No access to/from station,<ul><li>No access to/from station</li></ul>,https://www5.septa.org/about/accessibility/alternative-transportation/bsl-alternate/,2026-02-11 08:25:08,2026-02-11T132508UTC
Broad Street Subway / Broad Ridge Spur,Olney Transit Center,Street to Mezzanine,No access to/from station,<ul><li>No access to/from station</li></ul>,https://www5.septa.org/about/accessibility/alternative-transportation/bsl-alternate/,2026-02-11 08:25:08,2026-02-11T132508UTC
Broad Street Subway / Broad Ridge Spur,Walnut-Locust,Southbound,No access to/from southbound platform,<ul><li>No access to/from southbound platform</li></ul>,https://www5.septa.org/about/accessibility/alternative-transportation/bsl-alternate/,2026-02-11 08:25:08,2026-02-11T132508UTC
Broad Street Subway / Broad Ridge Spur,8th-Market,Street Level,No access to/from station,<ul><li>No access to/from station</li></ul>,https://www5.septa.org/about/accessibility/alternative-transportation/bsl-alternate/,2026-02-11 08:25:08,2026-02-11T132508UTC
Market Frankford Line,Frankford Transit Center,Main Terminal Pratt Street,Use Bridge Street for access to/from platforms,<ul><li>Use Bridge Street for access to/from platforms</li></ul>,https://www5.septa.org/about/accessibility/alternative-transportation/mfl-alternate/,2026-02-11 08:25:08,2026-02-11T132508UTC
Market Frankford Line,8th-Market,Westbound,No access to/from station,<ul><li>No access to/from station</li></ul>,https://www5.septa.org/about/accessibility/alternative-transportation/mfl-alternate/,2026-02-11 08:25:08,2026-02-11T132508UTC
Market Frankford Line,46th St,Eastbound,No access to/from station,<ul><li>No access to/from station</li></ul>,https://www5.septa.org/about/accessibility/alternative-transportation/mfl-alternate/,2026-02-11 08:25:08,2026-02-11T132508UTC
Broad Street Subway / Broad Ridge Spur,North Philadelphia,Southbound,No access to/from southbound platform ,<ul><li>No access to/from southbound platform</li></ul> ,https://www5.septa.org/about/accessibility/alternative-transportation/bsl-alternate/,2026-02-11 08:25:08,2026-02-11T132508UTC
Broad Street Subway / Broad Ridge Spur,Fern Rock Transit Center,Street Level,No access to/from station,<ul><li>No access to/from station</li></ul>,https://www5.septa.org/about/accessibility/alternative-transportation/bsl-alternate/,2026-02-11 10:00:50,2026-02-11T150050UTC
Broad Street Subway / Broad Ridge Spur,Olney Transit Center,Street to Mezzanine,No access to/from station,<ul><li>No access to/from station</li></ul>,https://www5.septa.org/about/accessibility/alternative-transportation/bsl-alternate/,2026-02-11 10:00:50,2026-02-11T150050UTC
Broad Street Subway / Broad Ridge Spur,Walnut-Locust,Southbound,No access to/from southbound platform,<ul><li>No access to/from southbound platform</li></ul>,https://www5.septa.org/about/accessibility/alternative-transportation/bsl-alternate/,2026-02-11 10:00:50,2026-02-11T150050UTC
Broad Street Subway / Broad Ridge Spur,8th-Market,Street Level,No access to/from station,<ul><li>No access to/from station</li></ul>,https://www5.septa.org/about/accessibility/alternative-transportation/bsl-alternate/,2026-02-11 10:00:50,2026-02-11T150050UTC
Market Frankford Line,Frankford Transit Center,Main Terminal Pratt Street,Use Bridge Street for access to/from platforms,<ul><li>Use Bridge Street for access to/from platforms</li></ul>,https://www5.septa.org/about/accessibility/alternative-transportation/mfl-alternate/,2026-02-11 10:00:50,2026-02-11T150050UTC
Market Frankford Line,8th-Market,Westbound,No access to/from station,<ul><li>No access to/from station</li></ul>,https://www5.septa.org/about/accessibility/alternative-transportation/mfl-alternate/,2026-02-11 10:00:50,2026-02-11T150050UTC
Market Frankford Line,46th St,Eastbound,No access to/from station,<ul><li>No access to/from station</li></ul>,https://www5.septa.org/about/accessibility/alternative-transportation/mfl-alternate/,2026-02-11 10:00:50,2026-02-11T150050UTC
Broad Street Subway / Broad Ridge Spur,North Philadelphia,Southbound,No access to/from southbound platform ,<ul><li>No access to/from southbound platform</li></ul> ,https://www5.septa.org/about/accessibility/alternative-transportation/bsl-alternate/,2026-02-11 10:00:50,2026-02-11T150050UTC
Broad Street Subway / Broad Ridge Spur,Fern Rock Transit Center,Street Level,No access to/from station,<ul><li>No access to/from station</li></ul>,https://www5.septa.org/about/accessibility/alternative-transportation/bsl-alternate/,2026-02-11 12:10:38,2026-02-11T171038UTC
Broad Street Subway / Broad Ridge Spur,Olney Transit Center,Street to Mezzanine,No access to/from station,<ul><li>No access to/from station</li></ul>,https://www5.septa.org/about/accessibility/alternative-transportation/bsl-alternate/,2026-02-11 12:10:38,2026-02-11T171038UTC
Broad Street Subway / Broad Ridge Spur,Walnut-Locust,Southbound,No access to/from southbound platform,<ul><li>No access to/from southbound platform</li></ul>,https://www5.septa.org/about/accessibility/alternative-transportation/bsl-alternate/,2026-02-11 12:10:38,2026-02-11T171038UTC
Broad Street Subway / Broad Ridge Spur,8th-Market,Street Level,No access to/from station,<ul><li>No access to/from station</li></ul>,https://www5.septa.org/about/accessibility/alternative-transportation/bsl-alternate/,2026-02-11 12:10:38,2026-02-11T171038UTC
Market Frankford Line,Frankford Transit Center,Main Terminal Pratt Street,Use Bridge Street for access to/from platforms,<ul><li>Use Bridge Street for access to/from platforms</li></ul>,https://www5.septa.org/about/accessibility/alternative-transportation/mfl-alternate/,2026-02-11 12:10:38,2026-02-11T171038UTC
Market Frankford Line,8th-Market,Westbound,No access to/from station,<ul><li>No access to/from station</li></ul>,https://www5.septa.org/about/accessibility/alternative-transportation/mfl-alternate/,2026-02-11 12:10:38,2026-02-11T171038UTC
Market Frankford Line,46th St,Eastbound,No access to/from station,<ul><li>No access to/from station</li></ul>,https://www5.septa.org/about/accessibility/alternative-transportation/mfl-alternate/,2026-02-11 12:10:38,2026-02-11T171038UTC
Broad Street Subway / Broad Ridge Spur,North Philadelphia,Southbound,No access to/from southbound platform ,<ul><li>No access to/from southbound platform</li></ul> ,https://www5.septa.org/about/accessibility/alternative-transportation/bsl-alternate/,2026-02-11 12:10:38,2026-02-11T171038UTC
Broad Street Subway / Broad Ridge Spur,Fern Rock Transit Center,Street Level,No access to/from station,<ul><li>No access to/from station</li></ul>,https://www5.septa.org/about/accessibility/alternative-transportation/bsl-alternate/,2026-02-11 14:12:03,2026-02-11T191203UTC
Broad Street Subway / Broad Ridge Spur,Olney Transit Center,Street to Mezzanine,No access to/from station,<ul><li>No access to/from station</li></ul>,https://www5.septa.org/about/accessibility/alternative-transportation/bsl-alternate/,2026-02-11 14:12:03,2026-02-11T191203UTC
Broad Street Subway / Broad Ridge Spur,Walnut-Locust,Southbound,No access to/from southbound platform,<ul><li>No access to/from southbound platform</li></ul>,https://www5.septa.org/about/accessibility/alternative-transportation/bsl-alternate/,2026-02-11 14:12:03,2026-02-11T191203UTC
Broad Street Subway / Broad Ridge Spur,8th-Market,Street Level,No access to/from station,<ul><li>No access to/from station</li></ul>,https://www5.septa.org/about/accessibility/alternative-transportation/bsl-alternate/,2026-02-11 14:12:03,2026-02-11T191203UTC
Market Frankford Line,Frankford Transit Center,Main Terminal Pratt Street,Use Bridge Street for access to/from platforms,<ul><li>Use Bridge Street for access to/from platforms</li></ul>,https://www5.septa.org/about/accessibility/alternative-transportation/mfl-alternate/,2026-02-11 14:12:03,2026-02-11T191203UTC
Market Frankford Line,8th-Market,Westbound,No access to/from station,<ul><li>No access to/from station</li></ul>,https://www5.septa.org/about/accessibility/alternative-transportation/mfl-alternate/,2026-02-11 14:12:03,2026-02-11T191203UTC
Market Frankford Line,46th St,Eastbound,No access to/from station,<ul><li>No access to/from station</li></ul>,https://www5.septa.org/about/accessibility/alternative-transportation/mfl-alternate/,2026-02-11 14:12:03,2026-02-11T191203UTC
Broad Street Subway / Broad Ridge Spur,North Philadelphia,Southbound,No access to/from southbound platform ,<ul><li>No access to/from southbound platform</li></ul> ,https://www5.septa.org/about/accessibility/alternative-transportation/bsl-alternate/,2026-02-11 14:12:03,2026-02-11T191203UTC
Broad Street Subway / Broad Ridge Spur,Fern Rock Transit Center,Street Level,No access to/from station,<ul><li>No access to/from station</li></ul>,https://www5.septa.org/about/accessibility/alternative-transportation/bsl-alternate/,2026-02-11 15:47:10,2026-02-11T204710UTC
Broad Street Subway / Broad Ridge Spur,Olney Transit Center,Street to Mezzanine,No access to/from station,<ul><li>No access to/from station</li></ul>,https://www5.septa.org/about/accessibility/alternative-transportation/bsl-alternate/,2026-02-11 15:47:10,2026-02-11T204710UTC
Broad Street Subway / Broad Ridge Spur,Walnut-Locust,Southbound,No access to/from southbound platform,<ul><li>No access to/from southbound platform</li></ul>,https://www5.septa.org/about/accessibility/alternative-transportation/bsl-alternate/,2026-02-11 15:47:10,2026-02-11T204710UTC
Broad Street Subway / Broad Ridge Spur,8th-Market,Street Level,No access to/from station,<ul><li>No access to/from station</li></ul>,https://www5.septa.org/about/accessibility/alternative-transportation/bsl-alternate/,2026-02-11 15:47:10,2026-02-11T204710UTC
Market Frankford Line,Frankford Transit Center,Main Terminal Pratt Street,Use Bridge Street for access to/from platforms,<ul><li>Use Bridge Street for access to/from platforms</li></ul>,https://www5.septa.org/about/accessibility/alternative-transportation/mfl-alternate/,2026-02-11 15:47:10,2026-02-11T204710UTC
Market Frankford Line,8th-Market,Westbound,No access to/from station,<ul><li>No access to/from station</li></ul>,https://www5.septa.org/about/accessibility/alternative-transportation/mfl-alternate/,2026-02-11 15:47:10,2026-02-11T204710UTC
Market Frankford Line,13th St,Eastbound,No access to/from station,<ul><li>No access to/from station</li></ul>,https://www5.septa.org/about/accessibility/alternative-transportation/mfl-alternate/,2026-02-11 15:47:10,2026-02-11T204710UTC
Market Frankford Line,46th St,Eastbound,No access to/from station,<ul><li>No access to/from station</li></ul>,https://www5.septa.org/about/accessibility/alternative-transportation/mfl-alternate/,2026-02-11 15:47:10,2026-02-11T204710UTC
Broad Street Subway / Broad Ridge Spur,North Philadelphia,Southbound,No access to/from southbound platform ,<ul><li>No access to/from southbound platform</li></ul> ,https://www5.septa.org/about/accessibility/alternative-transportation/bsl-alternate/,2026-02-11 15:47:10,2026-02-11T204710UTC
Broad Street Subway / Broad Ridge Spur,Fern Rock Transit Center,Street Level,No access to/from station,<ul><li>No access to/from station</li></ul>,https://www5.septa.org/about/accessibility/alternative-transportation/bsl-alternate/,2026-02-11 17:36:41,2026-02-11T223641UTC
Broad Street Subway / Broad Ridge Spur,Olney Transit Center,Street to Mezzanine,No access to/from station,<ul><li>No access to/from station</li></ul>,https://www5.septa.org/about/accessibility/alternative-transportation/bsl-alternate/,2026-02-11 17:36:41,2026-02-11T223641UTC
Broad Street Subway / Broad Ridge Spur,Walnut-Locust,Southbound,No access to/from southbound platform,<ul><li>No access to/from southbound platform</li></ul>,https://www5.septa.org/about/accessibility/alternative-transportation/bsl-alternate/,2026-02-11 17:36:41,2026-02-11T223641UTC
Broad Street Subway / Broad Ridge Spur,8th-Market,Street Level,No access to/from station,<ul><li>No access to/from station</li></ul>,https://www5.septa.org/about/accessibility/alternative-transportation/bsl-alternate/,2026-02-11 17:36:41,2026-02-11T223641UTC
Market Frankford Line,Frankford Transit Center,Main Terminal Pratt Street,Use Bridge Street for access to/from platforms,<ul><li>Use Bridge Street for access to/from platforms</li></ul>,https://www5.septa.org/about/accessibility/alternative-transportation/mfl-alternate/,2026-02-11 17:36:41,2026-02-11T223641UTC
Market Frankford Line,8th-Market,Westbound,No access to/from station,<ul><li>No access to/from station</li></ul>,https://www5.septa.org/about/accessibility/alternative-transportation/mfl-alternate/,2026-02-11 17:36:41,2026-02-11T223641UTC
Market Frankford Line,13th St,Eastbound,No access to/from station,<ul><li>No access to/from station</li></ul>,https://www5.septa.org/about/accessibility/alternative-transportation/mfl-alternate/,2026-02-11 17:36:41,2026-02-11T223641UTC
Market Frankford Line,46th St,Eastbound,No access to/from station,<ul><li>No access to/from station</li></ul>,https://www5.septa.org/about/accessibility/alternative-transportation/mfl-alternate/,2026-02-11 17:36:41,2026-02-11T223641UTC
Broad Street Subway / Broad Ridge Spur,North Philadelphia,Southbound,No access to/from southbound platform ,<ul><li>No access to/from southbound platform</li></ul> ,https://www5.septa.org/about/accessibility/alternative-transportation/bsl-alternate/,2026-02-11 17:36:41,2026-02-11T223641UTC
Broad Street Subway / Broad Ridge Spur,Fern Rock Transit Center,Street Level,No access to/from station,<ul><li>No access to/from station</li></ul>,https://www5.septa.org/about/accessibility/alternative-transportation/bsl-alternate/,2026-02-11 21:49:43,2026-02-12T024943UTC
Broad Street Subway / Broad Ridge Spur,Olney Transit Center,Street to Mezzanine,No access to/from station,<ul><li>No access to/from station</li></ul>,https://www5.septa.org/about/accessibility/alternative-transportation/bsl-alternate/,2026-02-11 21:49:43,2026-02-12T024943UTC
Broad Street Subway / Broad Ridge Spur,Walnut-Locust,Southbound,No access to/from southbound platform,<ul><li>No access to/from southbound platform</li></ul>,https://www5.septa.org/about/accessibility/alternative-transportation/bsl-alternate/,2026-02-11 21:49:43,2026-02-12T024943UTC
Broad Street Subway / Broad Ridge Spur,8th-Market,Street Level,No access to/from station,<ul><li>No access to/from station</li></ul>,https://www5.septa.org/about/accessibility/alternative-transportation/bsl-alternate/,2026-02-11 21:49:43,2026-02-12T024943UTC
Market Frankford Line,Frankford Transit Center,Main Terminal Pratt Street,Use Bridge Street for access to/from platforms,<ul><li>Use Bridge Street for access to/from platforms</li></ul>,https://www5.septa.org/about/accessibility/alternative-transportation/mfl-alternate/,2026-02-11 21:49:43,2026-02-12T024943UTC
Market Frankford Line,8th-Market,Westbound,No access to/from station,<ul><li>No access to/from station</li></ul>,https://www5.septa.org/about/accessibility/alternative-transportation/mfl-alternate/,2026-02-11 21:49:43,2026-02-12T024943UTC
Market Frankford Line,13th St,Eastbound,No access to/from station,<ul><li>No access to/from station</li></ul>,https://www5.septa.org/about/accessibility/alternative-transportation/mfl-alternate/,2026-02-11 21:49:43,2026-02-12T024943UTC
Market Frankford Line,46th St,Eastbound,No access to/from station,<ul><li>No access to/from station</li></ul>,https://www5.septa.org/about/accessibility/alternative-transportation/mfl-alternate/,2026-02-11 21:49:43,2026-02-12T024943UTC
Broad Street Subway / Broad Ridge Spur,North Philadelphia,Southbound,No access to/from southbound platform ,<ul><li>No access to/from southbound platform</li></ul> ,https://www5.septa.org/about/accessibility/alternative-transportation/bsl-alternate/,2026-02-11 21:49:43,2026-02-12T024943UTC
Broad Street Subway / Broad Ridge Spur,Fern Rock Transit Center,Street Level,No access to/from station,<ul><li>No access to/from station</li></ul>,https://www5.septa.org/about/accessibility/alternative-transportation/bsl-alternate/,2026-02-12 00:26:56,2026-02-12T052656UTC
Broad Street Subway / Broad Ridge Spur,Olney Transit Center,Street to Mezzanine,No access to/from station,<ul><li>No access to/from station</li></ul>,https://www5.septa.org/about/accessibility/alternative-transportation/bsl-alternate/,2026-02-12 00:26:56,2026-02-12T052656UTC
Broad Street Subway / Broad Ridge Spur,Walnut-Locust,Southbound,No access to/from southbound platform,<ul><li>No access to/from southbound platform</li></ul>,https://www5.septa.org/about/accessibility/alternative-transportation/bsl-alternate/,2026-02-12 00:26:56,2026-02-12T052656UTC
Broad Street Subway / Broad Ridge Spur,8th-Market,Street Level,No access to/from station,<ul><li>No access to/from station</li></ul>,https://www5.septa.org/about/accessibility/alternative-transportation/bsl-alternate/,2026-02-12 00:26:56,2026-02-12T052656UTC
Market Frankford Line,Frankford Transit Center,Main Terminal Pratt Street,Use Bridge Street for access to/from platforms,<ul><li>Use Bridge Street for access to/from platforms</li></ul>,https://www5.septa.org/about/accessibility/alternative-transportation/mfl-alternate/,2026-02-12 00:26:56,2026-02-12T052656UTC
Market Frankford Line,8th-Market,Westbound,No access to/from station,<ul><li>No access to/from station</li></ul>,https://www5.septa.org/about/accessibility/alternative-transportation/mfl-alternate/,2026-02-12 00:26:56,2026-02-12T052656UTC
Market Frankford Line,13th St,Eastbound,No access to/from station,<ul><li>No access to/from station</li></ul>,https://www5.septa.org/about/accessibility/alternative-transportation/mfl-alternate/,2026-02-12 00:26:56,2026-02-12T052656UTC
Market Frankford Line,46th St,Eastbound,No access to/from station,<ul><li>No access to/from station</li></ul>,https://www5.septa.org/about/accessibility/alternative-transportation/mfl-alternate/,2026-02-12 00:26:56,2026-02-12T052656UTC
Broad Street Subway / Broad Ridge Spur,North Philadelphia,Southbound,No access to/from southbound platform ,<ul><li>No access to/from southbound platform</li></ul> ,https://www5.septa.org/about/accessibility/alternative-transportation/bsl-alternate/,2026-02-12 00:26:56,2026-02-12T052656UTC
Broad Street Subway / Broad Ridge Spur,Fern Rock Transit Center,Street Level,No access to/from station,<ul><li>No access to/from station</li></ul>,https://www5.septa.org/about/accessibility/alternative-transportation/bsl-alternate/,2026-02-12 02:10:50,2026-02-12T071050UTC
Broad Street Subway / Broad Ridge Spur,Olney Transit Center,Street to Mezzanine,No access to/from station,<ul><li>No access to/from station</li></ul>,https://www5.septa.org/about/accessibility/alternative-transportation/bsl-alternate/,2026-02-12 02:10:50,2026-02-12T071050UTC
Broad Street Subway / Broad Ridge Spur,Walnut-Locust,Southbound,No access to/from southbound platform,<ul><li>No access to/from southbound platform</li></ul>,https://www5.septa.org/about/accessibility/alternative-transportation/bsl-alternate/,2026-02-12 02:10:50,2026-02-12T071050UTC
Broad Street Subway / Broad Ridge Spur,8th-Market,Street Level,No access to/from station,<ul><li>No access to/from station</li></ul>,https://www5.septa.org/about/accessibility/alternative-transportation/bsl-alternate/,2026-02-12 02:10:50,2026-02-12T071050UTC
Market Frankford Line,Frankford Transit Center,Main Terminal Pratt Street,Use Bridge Street for access to/from platforms,<ul><li>Use Bridge Street for access to/from platforms</li></ul>,https://www5.septa.org/about/accessibility/alternative-transportation/mfl-alternate/,2026-02-12 02:10:50,2026-02-12T071050UTC
Market Frankford Line,8th-Market,Westbound,No access to/from station,<ul><li>No access to/from station</li></ul>,https://www5.septa.org/about/accessibility/alternative-transportation/mfl-alternate/,2026-02-12 02:10:50,2026-02-12T071050UTC
Market Frankford Line,13th St,Eastbound,No access to/from station,<ul><li>No access to/from station</li></ul>,https://www5.septa.org/about/accessibility/alternative-transportation/mfl-alternate/,2026-02-12 02:10:50,2026-02-12T071050UTC
Market Frankford Line,46th St,Eastbound,No access to/from station,<ul><li>No access to/from station</li></ul>,https://www5.septa.org/about/accessibility/alternative-transportation/mfl-alternate/,2026-02-12 02:10:50,2026-02-12T071050UTC
Broad Street Subway / Broad Ridge Spur,North Philadelphia,Southbound,No access to/from southbound platform ,<ul><li>No access to/from southbound platform</li></ul> ,https://www5.septa.org/about/accessibility/alternative-transportation/bsl-alternate/,2026-02-12 02:10:50,2026-02-12T071050UTC
Broad Street Subway / Broad Ridge Spur,Fern Rock Transit Center,Street Level,No access to/from station,<ul><li>No access to/from station</li></ul>,https://www5.septa.org/about/accessibility/alternative-transportation/bsl-alternate/,2026-02-12 03:56:14,2026-02-12T085614UTC
Broad Street Subway / Broad Ridge Spur,Olney Transit Center,Street to Mezzanine,No access to/from station,<ul><li>No access to/from station</li></ul>,https://www5.septa.org/about/accessibility/alternative-transportation/bsl-alternate/,2026-02-12 03:56:14,2026-02-12T085614UTC
Broad Street Subway / Broad Ridge Spur,Walnut-Locust,Southbound,No access to/from southbound platform,<ul><li>No access to/from southbound platform</li></ul>,https://www5.septa.org/about/accessibility/alternative-transportation/bsl-alternate/,2026-02-12 03:56:14,2026-02-12T085614UTC
Broad Street Subway / Broad Ridge Spur,8th-Market,Street Level,No access to/from station,<ul><li>No access to/from station</li></ul>,https://www5.septa.org/about/accessibility/alternative-transportation/bsl-alternate/,2026-02-12 03:56:14,2026-02-12T085614UTC
Market Frankford Line,Frankford Transit Center,Main Terminal Pratt Street,Use Bridge Street for access to/from platforms,<ul><li>Use Bridge Street for access to/from platforms</li></ul>,https://www5.septa.org/about/accessibility/alternative-transportation/mfl-alternate/,2026-02-12 03:56:14,2026-02-12T085614UTC
Market Frankford Line,8th-Market,Westbound,No access to/from station,<ul><li>No access to/from station</li></ul>,https://www5.septa.org/about/accessibility/alternative-transportation/mfl-alternate/,2026-02-12 03:56:14,2026-02-12T085614UTC
Market Frankford Line,13th St,Eastbound,No access to/from station,<ul><li>No access to/from station</li></ul>,https://www5.septa.org/about/accessibility/alternative-transportation/mfl-alternate/,2026-02-12 03:56:14,2026-02-12T085614UTC
Market Frankford Line,46th St,Eastbound,No access to/from station,<ul><li>No access to/from station</li></ul>,https://www5.septa.org/about/accessibility/alternative-transportation/mfl-alternate/,2026-02-12 03:56:14,2026-02-12T085614UTC
Broad Street Subway / Broad Ridge Spur,North Philadelphia,Southbound,No access to/from southbound platform ,<ul><li>No access to/from southbound platform</li></ul> ,https://www5.septa.org/about/accessibility/alternative-transportation/bsl-alternate/,2026-02-12 03:56:14,2026-02-12T085614UTC
Broad Street Subway / Broad Ridge Spur,Fern Rock Transit Center,Street Level,No access to/from station,<ul><li>No access to/from station</li></ul>,https://www5.septa.org/about/accessibility/alternative-transportation/bsl-alternate/,2026-02-12 05:54:38,2026-02-12T105438UTC
Broad Street Subway / Broad Ridge Spur,Olney Transit Center,Street to Mezzanine,No access to/from station,<ul><li>No access to/from station</li></ul>,https://www5.septa.org/about/accessibility/alternative-transportation/bsl-alternate/,2026-02-12 05:54:38,2026-02-12T105438UTC
Broad Street Subway / Broad Ridge Spur,Walnut-Locust,Southbound,No access to/from southbound platform,<ul><li>No access to/from southbound platform</li></ul>,https://www5.septa.org/about/accessibility/alternative-transportation/bsl-alternate/,2026-02-12 05:54:38,2026-02-12T105438UTC
Broad Street Subway / Broad Ridge Spur,8th-Market,Street Level,No access to/from station,<ul><li>No access to/from station</li></ul>,https://www5.septa.org/about/accessibility/alternative-transportation/bsl-alternate/,2026-02-12 05:54:38,2026-02-12T105438UTC
Market Frankford Line,Frankford Transit Center,Main Terminal Pratt Street,Use Bridge Street for access to/from platforms,<ul><li>Use Bridge Street for access to/from platforms</li></ul>,https://www5.septa.org/about/accessibility/alternative-transportation/mfl-alternate/,2026-02-12 05:54:38,2026-02-12T105438UTC
Market Frankford Line,8th-Market,Westbound,No access to/from station,<ul><li>No access to/from station</li></ul>,https://www5.septa.org/about/accessibility/alternative-transportation/mfl-alternate/,2026-02-12 05:54:38,2026-02-12T105438UTC
Market Frankford Line,13th St,Eastbound,No access to/from station,<ul><li>No access to/from station</li></ul>,https://www5.septa.org/about/accessibility/alternative-transportation/mfl-alternate/,2026-02-12 05:54:38,2026-02-12T105438UTC
Market Frankford Line,46th St,Eastbound,No access to/from station,<ul><li>No access to/from station</li></ul>,https://www5.septa.org/about/accessibility/alternative-transportation/mfl-alternate/,2026-02-12 05:54:38,2026-02-12T105438UTC
Broad Street Subway / Broad Ridge Spur,North Philadelphia,Southbound,No access to/from southbound platform ,<ul><li>No access to/from southbound platform</li></ul> ,https://www5.septa.org/about/accessibility/alternative-transportation/bsl-alternate/,2026-02-12 05:54:38,2026-02-12T105438UTC
Broad Street Subway / Broad Ridge Spur,Fern Rock Transit Center,Street Level,No access to/from station,<ul><li>No access to/from station</li></ul>,https://www5.septa.org/about/accessibility/alternative-transportation/bsl-alternate/,2026-02-12 08:24:13,2026-02-12T132413UTC
Broad Street Subway / Broad Ridge Spur,Olney Transit Center,Street to Mezzanine,No access to/from station,<ul><li>No access to/from station</li></ul>,https://www5.septa.org/about/accessibility/alternative-transportation/bsl-alternate/,2026-02-12 08:24:13,2026-02-12T132413UTC
Broad Street Subway / Broad Ridge Spur,Walnut-Locust,Southbound,No access to/from southbound platform,<ul><li>No access to/from southbound platform</li></ul>,https://www5.septa.org/about/accessibility/alternative-transportation/bsl-alternate/,2026-02-12 08:24:13,2026-02-12T132413UTC
Broad Street Subway / Broad Ridge Spur,8th-Market,Street Level,No access to/from station,<ul><li>No access to/from station</li></ul>,https://www5.septa.org/about/accessibility/alternative-transportation/bsl-alternate/,2026-02-12 08:24:13,2026-02-12T132413UTC
Market Frankford Line,Frankford Transit Center,Main Terminal Pratt Street,Use Bridge Street for access to/from platforms,<ul><li>Use Bridge Street for access to/from platforms</li></ul>,https://www5.septa.org/about/accessibility/alternative-transportation/mfl-alternate/,2026-02-12 08:24:13,2026-02-12T132413UTC
Market Frankford Line,8th-Market,Westbound,No access to/from station,<ul><li>No access to/from station</li></ul>,https://www5.septa.org/about/accessibility/alternative-transportation/mfl-alternate/,2026-02-12 08:24:13,2026-02-12T132413UTC
Market Frankford Line,13th St,Eastbound,No access to/from station,<ul><li>No access to/from station</li></ul>,https://www5.septa.org/about/accessibility/alternative-transportation/mfl-alternate/,2026-02-12 08:24:13,2026-02-12T132413UTC
Market Frankford Line,46th St,Eastbound,No access to/from station,<ul><li>No access to/from station</li></ul>,https://www5.septa.org/about/accessibility/alternative-transportation/mfl-alternate/,2026-02-12 08:24:13,2026-02-12T132413UTC
Broad Street Subway / Broad Ridge Spur,North Philadelphia,Southbound,No access to/from southbound platform ,<ul><li>No access to/from southbound platform</li></ul> ,https://www5.septa.org/about/accessibility/alternative-transportation/bsl-alternate/,2026-02-12 08:24:13,2026-02-12T132413UTC
Broad Street Subway / Broad Ridge Spur,Fern Rock Transit Center,Street Level,No access to/from station,<ul><li>No access to/from station</li></ul>,https://www5.septa.org/about/accessibility/alternative-transportation/bsl-alternate/,2026-02-12 09:54:49,2026-02-12T145449UTC
Broad Street Subway / Broad Ridge Spur,Olney Transit Center,Street to Mezzanine,No access to/from station,<ul><li>No access to/from station</li></ul>,https://www5.septa.org/about/accessibility/alternative-transportation/bsl-alternate/,2026-02-12 09:54:49,2026-02-12T145449UTC
Broad Street Subway / Broad Ridge Spur,Walnut-Locust,Southbound,No access to/from southbound platform,<ul><li>No access to/from southbound platform</li></ul>,https://www5.septa.org/about/accessibility/alternative-transportation/bsl-alternate/,2026-02-12 09:54:49,2026-02-12T145449UTC
Broad Street Subway / Broad Ridge Spur,8th-Market,Street Level,No access to/from station,<ul><li>No access to/from station</li></ul>,https://www5.septa.org/about/accessibility/alternative-transportation/bsl-alternate/,2026-02-12 09:54:49,2026-02-12T145449UTC
Market Frankford Line,Frankford Transit Center,Main Terminal Pratt Street,Use Bridge Street for access to/from platforms,<ul><li>Use Bridge Street for access to/from platforms</li></ul>,https://www5.septa.org/about/accessibility/alternative-transportation/mfl-alternate/,2026-02-12 09:54:49,2026-02-12T145449UTC
Market Frankford Line,8th-Market,Westbound,No access to/from station,<ul><li>No access to/from station</li></ul>,https://www5.septa.org/about/accessibility/alternative-transportation/mfl-alternate/,2026-02-12 09:54:49,2026-02-12T145449UTC
Market Frankford Line,13th St,Eastbound,No access to/from station,<ul><li>No access to/from station</li></ul>,https://www5.septa.org/about/accessibility/alternative-transportation/mfl-alternate/,2026-02-12 09:54:49,2026-02-12T145449UTC
Market Frankford Line,46th St,Eastbound,No access to/from station,<ul><li>No access to/from station</li></ul>,https://www5.septa.org/about/accessibility/alternative-transportation/mfl-alternate/,2026-02-12 09:54:49,2026-02-12T145449UTC
Broad Street Subway / Broad Ridge Spur,North Philadelphia,Southbound,No access to/from southbound platform ,<ul><li>No access to/from southbound platform</li></ul> ,https://www5.septa.org/about/accessibility/alternative-transportation/bsl-alternate/,2026-02-12 09:54:49,2026-02-12T145449UTC
Broad Street Subway / Broad Ridge Spur,Fern Rock Transit Center,Street Level,No access to/from station,<ul><li>No access to/from station</li></ul>,https://www5.septa.org/about/accessibility/alternative-transportation/bsl-alternate/,2026-02-12 12:06:19,2026-02-12T170619UTC
Broad Street Subway / Broad Ridge Spur,Olney Transit Center,Street to Mezzanine,No access to/from station,<ul><li>No access to/from station</li></ul>,https://www5.septa.org/about/accessibility/alternative-transportation/bsl-alternate/,2026-02-12 12:06:19,2026-02-12T170619UTC
Broad Street Subway / Broad Ridge Spur,Walnut-Locust,Southbound,No access to/from southbound platform,<ul><li>No access to/from southbound platform</li></ul>,https://www5.septa.org/about/accessibility/alternative-transportation/bsl-alternate/,2026-02-12 12:06:19,2026-02-12T170619UTC
Broad Street Subway / Broad Ridge Spur,8th-Market,Street Level,No access to/from station,<ul><li>No access to/from station</li></ul>,https://www5.septa.org/about/accessibility/alternative-transportation/bsl-alternate/,2026-02-12 12:06:19,2026-02-12T170619UTC
Market Frankford Line,Frankford Transit Center,Main Terminal Pratt Street,Use Bridge Street for access to/from platforms,<ul><li>Use Bridge Street for access to/from platforms</li></ul>,https://www5.septa.org/about/accessibility/alternative-transportation/mfl-alternate/,2026-02-12 12:06:19,2026-02-12T170619UTC
Market Frankford Line,8th-Market,Westbound,No access to/from station,<ul><li>No access to/from station</li></ul>,https://www5.septa.org/about/accessibility/alternative-transportation/mfl-alternate/,2026-02-12 12:06:19,2026-02-12T170619UTC
Market Frankford Line,13th St,Eastbound,No access to/from station,<ul><li>No access to/from station</li></ul>,https://www5.septa.org/about/accessibility/alternative-transportation/mfl-alternate/,2026-02-12 12:06:19,2026-02-12T170619UTC
Market Frankford Line,46th St,Eastbound,No access to/from station,<ul><li>No access to/from station</li></ul>,https://www5.septa.org/about/accessibility/alternative-transportation/mfl-alternate/,2026-02-12 12:06:19,2026-02-12T170619UTC
Broad Street Subway / Broad Ridge Spur,North Philadelphia,Southbound,No access to/from southbound platform ,<ul><li>No access to/from southbound platform</li></ul> ,https://www5.septa.org/about/accessibility/alternative-transportation/bsl-alternate/,2026-02-12 12:06:19,2026-02-12T170619UTC
Broad Street Subway / Broad Ridge Spur,Fern Rock Transit Center,Street Level,No access to/from station,<ul><li>No access to/from station</li></ul>,https://www5.septa.org/about/accessibility/alternative-transportation/bsl-alternate/,2026-02-12 14:12:26,2026-02-12T191226UTC
Broad Street Subway / Broad Ridge Spur,Olney Transit Center,Street to Mezzanine,No access to/from station,<ul><li>No access to/from station</li></ul>,https://www5.septa.org/about/accessibility/alternative-transportation/bsl-alternate/,2026-02-12 14:12:26,2026-02-12T191226UTC
Broad Street Subway / Broad Ridge Spur,Walnut-Locust,Southbound,No access to/from southbound platform,<ul><li>No access to/from southbound platform</li></ul>,https://www5.septa.org/about/accessibility/alternative-transportation/bsl-alternate/,2026-02-12 14:12:26,2026-02-12T191226UTC
Broad Street Subway / Broad Ridge Spur,8th-Market,Street Level,No access to/from station,<ul><li>No access to/from station</li></ul>,https://www5.septa.org/about/accessibility/alternative-transportation/bsl-alternate/,2026-02-12 14:12:26,2026-02-12T191226UTC
Market Frankford Line,Frankford Transit Center,Main Terminal Pratt Street,Use Bridge Street for access to/from platforms,<ul><li>Use Bridge Street for access to/from platforms</li></ul>,https://www5.septa.org/about/accessibility/alternative-transportation/mfl-alternate/,2026-02-12 14:12:26,2026-02-12T191226UTC
Market Frankford Line,8th-Market,Westbound,No access to/from station,<ul><li>No access to/from station</li></ul>,https://www5.septa.org/about/accessibility/alternative-transportation/mfl-alternate/,2026-02-12 14:12:26,2026-02-12T191226UTC
Market Frankford Line,46th St,Eastbound,No access to/from station,<ul><li>No access to/from station</li></ul>,https://www5.septa.org/about/accessibility/alternative-transportation/mfl-alternate/,2026-02-12 14:12:26,2026-02-12T191226UTC
Broad Street Subway / Broad Ridge Spur,North Philadelphia,Southbound,No access to/from southbound platform ,<ul><li>No access to/from southbound platform</li></ul> ,https://www5.septa.org/about/accessibility/alternative-transportation/bsl-alternate/,2026-02-12 14:12:26,2026-02-12T191226UTC
Broad Street Subway / Broad Ridge Spur,Fern Rock Transit Center,Street Level,No access to/from station,<ul><li>No access to/from station</li></ul>,https://www5.septa.org/about/accessibility/alternative-transportation/bsl-alternate/,2026-02-12 15:42:32,2026-02-12T204232UTC
Broad Street Subway / Broad Ridge Spur,Olney Transit Center,Street to Mezzanine,No access to/from station,<ul><li>No access to/from station</li></ul>,https://www5.septa.org/about/accessibility/alternative-transportation/bsl-alternate/,2026-02-12 15:42:32,2026-02-12T204232UTC
Broad Street Subway / Broad Ridge Spur,Walnut-Locust,Southbound,No access to/from southbound platform,<ul><li>No access to/from southbound platform</li></ul>,https://www5.septa.org/about/accessibility/alternative-transportation/bsl-alternate/,2026-02-12 15:42:32,2026-02-12T204232UTC
Broad Street Subway / Broad Ridge Spur,8th-Market,Street Level,No access to/from station,<ul><li>No access to/from station</li></ul>,https://www5.septa.org/about/accessibility/alternative-transportation/bsl-alternate/,2026-02-12 15:42:32,2026-02-12T204232UTC
Market Frankford Line,Frankford Transit Center,Main Terminal Pratt Street,Use Bridge Street for access to/from platforms,<ul><li>Use Bridge Street for access to/from platforms</li></ul>,https://www5.septa.org/about/accessibility/alternative-transportation/mfl-alternate/,2026-02-12 15:42:32,2026-02-12T204232UTC
Market Frankford Line,Kensington-Allegheny,Westbound,No access to/from station,<ul><li>No access to/from station</li></ul>,https://www5.septa.org/about/accessibility/alternative-transportation/mfl-alternate/,2026-02-12 15:42:32,2026-02-12T204232UTC
Market Frankford Line,8th-Market,Westbound,No access to/from station,<ul><li>No access to/from station</li></ul>,https://www5.septa.org/about/accessibility/alternative-transportation/mfl-alternate/,2026-02-12 15:42:32,2026-02-12T204232UTC
Market Frankford Line,46th St,Eastbound,No access to/from station,<ul><li>No access to/from station</li></ul>,https://www5.septa.org/about/accessibility/alternative-transportation/mfl-alternate/,2026-02-12 15:42:32,2026-02-12T204232UTC
Broad Street Subway / Broad Ridge Spur,North Philadelphia,Southbound,No access to/from southbound platform ,<ul><li>No access to/from southbound platform</li></ul> ,https://www5.septa.org/about/accessibility/alternative-transportation/bsl-alternate/,2026-02-12 15:42:32,2026-02-12T204232UTC
Broad Street Subway / Broad Ridge Spur,Fern Rock Transit Center,Street Level,No access to/from station,<ul><li>No access to/from station</li></ul>,https://www5.septa.org/about/accessibility/alternative-transportation/bsl-alternate/,2026-02-12 17:38:25,2026-02-12T223825UTC
Broad Street Subway / Broad Ridge Spur,Olney Transit Center,Street to Mezzanine,No access to/from station,<ul><li>No access to/from station</li></ul>,https://www5.septa.org/about/accessibility/alternative-transportation/bsl-alternate/,2026-02-12 17:38:25,2026-02-12T223825UTC
Broad Street Subway / Broad Ridge Spur,Walnut-Locust,Southbound,No access to/from southbound platform,<ul><li>No access to/from southbound platform</li></ul>,https://www5.septa.org/about/accessibility/alternative-transportation/bsl-alternate/,2026-02-12 17:38:25,2026-02-12T223825UTC
Broad Street Subway / Broad Ridge Spur,8th-Market,Street Level,No access to/from station,<ul><li>No access to/from station</li></ul>,https://www5.septa.org/about/accessibility/alternative-transportation/bsl-alternate/,2026-02-12 17:38:25,2026-02-12T223825UTC
Market Frankford Line,Frankford Transit Center,Main Terminal Pratt Street,Use Bridge Street for access to/from platforms,<ul><li>Use Bridge Street for access to/from platforms</li></ul>,https://www5.septa.org/about/accessibility/alternative-transportation/mfl-alternate/,2026-02-12 17:38:25,2026-02-12T223825UTC
Market Frankford Line,Kensington-Allegheny,Westbound,No access to/from station,<ul><li>No access to/from station</li></ul>,https://www5.septa.org/about/accessibility/alternative-transportation/mfl-alternate/,2026-02-12 17:38:25,2026-02-12T223825UTC
Market Frankford Line,8th-Market,Westbound,No access to/from station,<ul><li>No access to/from station</li></ul>,https://www5.septa.org/about/accessibility/alternative-transportation/mfl-alternate/,2026-02-12 17:38:25,2026-02-12T223825UTC
Market Frankford Line,46th St,Eastbound,No access to/from station,<ul><li>No access to/from station</li></ul>,https://www5.septa.org/about/accessibility/alternative-transportation/mfl-alternate/,2026-02-12 17:38:25,2026-02-12T223825UTC
Market Frankford Line,56th St,Westbound,No access to/from westbound platform,<ul><li>No access to/from westbound platform</li></ul>,https://www5.septa.org/about/accessibility/alternative-transportation/mfl-alternate/,2026-02-12 17:38:25,2026-02-12T223825UTC
Broad Street Subway / Broad Ridge Spur,North Philadelphia,Southbound,No access to/from southbound platform ,<ul><li>No access to/from southbound platform</li></ul> ,https://www5.septa.org/about/accessibility/alternative-transportation/bsl-alternate/,2026-02-12 17:38:25,2026-02-12T223825UTC
Broad Street Subway / Broad Ridge Spur,Fern Rock Transit Center,Street Level,No access to/from station,<ul><li>No access to/from station</li></ul>,https://www5.septa.org/about/accessibility/alternative-transportation/bsl-alternate/,2026-02-12 21:49:57,2026-02-13T024957UTC
Broad Street Subway / Broad Ridge Spur,Olney Transit Center,Street to Mezzanine,No access to/from station,<ul><li>No access to/from station</li></ul>,https://www5.septa.org/about/accessibility/alternative-transportation/bsl-alternate/,2026-02-12 21:49:57,2026-02-13T024957UTC
Broad Street Subway / Broad Ridge Spur,Walnut-Locust,Southbound,No access to/from southbound platform,<ul><li>No access to/from southbound platform</li></ul>,https://www5.septa.org/about/accessibility/alternative-transportation/bsl-alternate/,2026-02-12 21:49:57,2026-02-13T024957UTC
Broad Street Subway / Broad Ridge Spur,8th-Market,Street Level,No access to/from station,<ul><li>No access to/from station</li></ul>,https://www5.septa.org/about/accessibility/alternative-transportation/bsl-alternate/,2026-02-12 21:49:57,2026-02-13T024957UTC
Market Frankford Line,Frankford Transit Center,Main Terminal Pratt Street,Use Bridge Street for access to/from platforms,<ul><li>Use Bridge Street for access to/from platforms</li></ul>,https://www5.septa.org/about/accessibility/alternative-transportation/mfl-alternate/,2026-02-12 21:49:57,2026-02-13T024957UTC
Market Frankford Line,Kensington-Allegheny,Westbound,No access to/from station,<ul><li>No access to/from station</li></ul>,https://www5.septa.org/about/accessibility/alternative-transportation/mfl-alternate/,2026-02-12 21:49:57,2026-02-13T024957UTC
Market Frankford Line,8th-Market,Westbound,No access to/from station,<ul><li>No access to/from station</li></ul>,https://www5.septa.org/about/accessibility/alternative-transportation/mfl-alternate/,2026-02-12 21:49:57,2026-02-13T024957UTC
Market Frankford Line,46th St,Eastbound,No access to/from station,<ul><li>No access to/from station</li></ul>,https://www5.septa.org/about/accessibility/alternative-transportation/mfl-alternate/,2026-02-12 21:49:57,2026-02-13T024957UTC
Market Frankford Line,56th St,Westbound,No access to/from westbound platform,<ul><li>No access to/from westbound platform</li></ul>,https://www5.septa.org/about/accessibility/alternative-transportation/mfl-alternate/,2026-02-12 21:49:57,2026-02-13T024957UTC
Broad Street Subway / Broad Ridge Spur,North Philadelphia,Southbound,No access to/from southbound platform ,<ul><li>No access to/from southbound platform</li></ul> ,https://www5.septa.org/about/accessibility/alternative-transportation/bsl-alternate/,2026-02-12 21:49:57,2026-02-13T024957UTC
Broad Street Subway / Broad Ridge Spur,Fern Rock Transit Center,Street Level,No access to/from station,<ul><li>No access to/from station</li></ul>,https://www5.septa.org/about/accessibility/alternative-transportation/bsl-alternate/,2026-02-13 00:23:53,2026-02-13T052353UTC
Broad Street Subway / Broad Ridge Spur,Olney Transit Center,Street to Mezzanine,No access to/from station,<ul><li>No access to/from station</li></ul>,https://www5.septa.org/about/accessibility/alternative-transportation/bsl-alternate/,2026-02-13 00:23:53,2026-02-13T052353UTC
Broad Street Subway / Broad Ridge Spur,Walnut-Locust,Southbound,No access to/from southbound platform,<ul><li>No access to/from southbound platform</li></ul>,https://www5.septa.org/about/accessibility/alternative-transportation/bsl-alternate/,2026-02-13 00:23:53,2026-02-13T052353UTC
Broad Street Subway / Broad Ridge Spur,8th-Market,Street Level,No access to/from station,<ul><li>No access to/from station</li></ul>,https://www5.septa.org/about/accessibility/alternative-transportation/bsl-alternate/,2026-02-13 00:23:53,2026-02-13T052353UTC
Market Frankford Line,Frankford Transit Center,Main Terminal Pratt Street,Use Bridge Street for access to/from platforms,<ul><li>Use Bridge Street for access to/from platforms</li></ul>,https://www5.septa.org/about/accessibility/alternative-transportation/mfl-alternate/,2026-02-13 00:23:53,2026-02-13T052353UTC
Market Frankford Line,Kensington-Allegheny,Westbound,No access to/from station,<ul><li>No access to/from station</li></ul>,https://www5.septa.org/about/accessibility/alternative-transportation/mfl-alternate/,2026-02-13 00:23:53,2026-02-13T052353UTC
Market Frankford Line,8th-Market,Westbound,No access to/from station,<ul><li>No access to/from station</li></ul>,https://www5.septa.org/about/accessibility/alternative-transportation/mfl-alternate/,2026-02-13 00:23:53,2026-02-13T052353UTC
Market Frankford Line,46th St,Eastbound,No access to/from station,<ul><li>No access to/from station</li></ul>,https://www5.septa.org/about/accessibility/alternative-transportation/mfl-alternate/,2026-02-13 00:23:53,2026-02-13T052353UTC
Market Frankford Line,56th St,Westbound,No access to/from westbound platform,<ul><li>No access to/from westbound platform</li></ul>,https://www5.septa.org/about/accessibility/alternative-transportation/mfl-alternate/,2026-02-13 00:23:53,2026-02-13T052353UTC
Broad Street Subway / Broad Ridge Spur,North Philadelphia,Southbound,No access to/from southbound platform ,<ul><li>No access to/from southbound platform</li></ul> ,https://www5.septa.org/about/accessibility/alternative-transportation/bsl-alternate/,2026-02-13 00:23:53,2026-02-13T052353UTC
Broad Street Subway / Broad Ridge Spur,Race-Vine,Street to Mezzanine,No access to/from station,<ul><li>No access to/from station</li></ul>,https://www5.septa.org/about/accessibility/alternative-transportation/bsl-alternate/,2026-02-13 00:23:53,2026-02-13T052353UTC
Broad Street Subway / Broad Ridge Spur,Fern Rock Transit Center,Street Level,No access to/from station,<ul><li>No access to/from station</li></ul>,https://www5.septa.org/about/accessibility/alternative-transportation/bsl-alternate/,2026-02-13 02:07:32,2026-02-13T070732UTC
Broad Street Subway / Broad Ridge Spur,Olney Transit Center,Street to Mezzanine,No access to/from station,<ul><li>No access to/from station</li></ul>,https://www5.septa.org/about/accessibility/alternative-transportation/bsl-alternate/,2026-02-13 02:07:32,2026-02-13T070732UTC
Broad Street Subway / Broad Ridge Spur,Walnut-Locust,Southbound,No access to/from southbound platform,<ul><li>No access to/from southbound platform</li></ul>,https://www5.septa.org/about/accessibility/alternative-transportation/bsl-alternate/,2026-02-13 02:07:32,2026-02-13T070732UTC
Broad Street Subway / Broad Ridge Spur,8th-Market,Street Level,No access to/from station,<ul><li>No access to/from station</li></ul>,https://www5.septa.org/about/accessibility/alternative-transportation/bsl-alternate/,2026-02-13 02:07:32,2026-02-13T070732UTC
Market Frankford Line,Frankford Transit Center,Main Terminal Pratt Street,Use Bridge Street for access to/from platforms,<ul><li>Use Bridge Street for access to/from platforms</li></ul>,https://www5.septa.org/about/accessibility/alternative-transportation/mfl-alternate/,2026-02-13 02:07:32,2026-02-13T070732UTC
Market Frankford Line,Kensington-Allegheny,Westbound,No access to/from station,<ul><li>No access to/from station</li></ul>,https://www5.septa.org/about/accessibility/alternative-transportation/mfl-alternate/,2026-02-13 02:07:32,2026-02-13T070732UTC
Market Frankford Line,8th-Market,Westbound,No access to/from station,<ul><li>No access to/from station</li></ul>,https://www5.septa.org/about/accessibility/alternative-transportation/mfl-alternate/,2026-02-13 02:07:32,2026-02-13T070732UTC
Market Frankford Line,46th St,Eastbound,No access to/from station,<ul><li>No access to/from station</li></ul>,https://www5.septa.org/about/accessibility/alternative-transportation/mfl-alternate/,2026-02-13 02:07:32,2026-02-13T070732UTC
Market Frankford Line,56th St,Westbound,No access to/from westbound platform,<ul><li>No access to/from westbound platform</li></ul>,https://www5.septa.org/about/accessibility/alternative-transportation/mfl-alternate/,2026-02-13 02:07:32,2026-02-13T070732UTC
Broad Street Subway / Broad Ridge Spur,North Philadelphia,Southbound,No access to/from southbound platform ,<ul><li>No access to/from southbound platform</li></ul> ,https://www5.septa.org/about/accessibility/alternative-transportation/bsl-alternate/,2026-02-13 02:07:32,2026-02-13T070732UTC
Broad Street Subway / Broad Ridge Spur,Race-Vine,Street to Mezzanine,No access to/from station,<ul><li>No access to/from station</li></ul>,https://www5.septa.org/about/accessibility/alternative-transportation/bsl-alternate/,2026-02-13 02:07:32,2026-02-13T070732UTC
Broad Street Subway / Broad Ridge Spur,Fern Rock Transit Center,Street Level,No access to/from station,<ul><li>No access to/from station</li></ul>,https://www5.septa.org/about/accessibility/alternative-transportation/bsl-alternate/,2026-02-13 03:53:35,2026-02-13T085335UTC
Broad Street Subway / Broad Ridge Spur,Olney Transit Center,Street to Mezzanine,No access to/from station,<ul><li>No access to/from station</li></ul>,https://www5.septa.org/about/accessibility/alternative-transportation/bsl-alternate/,2026-02-13 03:53:35,2026-02-13T085335UTC
Broad Street Subway / Broad Ridge Spur,Walnut-Locust,Southbound,No access to/from southbound platform,<ul><li>No access to/from southbound platform</li></ul>,https://www5.septa.org/about/accessibility/alternative-transportation/bsl-alternate/,2026-02-13 03:53:35,2026-02-13T085335UTC
Broad Street Subway / Broad Ridge Spur,8th-Market,Street Level,No access to/from station,<ul><li>No access to/from station</li></ul>,https://www5.septa.org/about/accessibility/alternative-transportation/bsl-alternate/,2026-02-13 03:53:35,2026-02-13T085335UTC
Market Frankford Line,Frankford Transit Center,Main Terminal Pratt Street,Use Bridge Street for access to/from platforms,<ul><li>Use Bridge Street for access to/from platforms</li></ul>,https://www5.septa.org/about/accessibility/alternative-transportation/mfl-alternate/,2026-02-13 03:53:35,2026-02-13T085335UTC
Market Frankford Line,Kensington-Allegheny,Westbound,No access to/from station,<ul><li>No access to/from station</li></ul>,https://www5.septa.org/about/accessibility/alternative-transportation/mfl-alternate/,2026-02-13 03:53:35,2026-02-13T085335UTC
Market Frankford Line,8th-Market,Westbound,No access to/from station,<ul><li>No access to/from station</li></ul>,https://www5.septa.org/about/accessibility/alternative-transportation/mfl-alternate/,2026-02-13 03:53:35,2026-02-13T085335UTC
Market Frankford Line,46th St,Eastbound,No access to/from station,<ul><li>No access to/from station</li></ul>,https://www5.septa.org/about/accessibility/alternative-transportation/mfl-alternate/,2026-02-13 03:53:35,2026-02-13T085335UTC
Market Frankford Line,56th St,Westbound,No access to/from westbound platform,<ul><li>No access to/from westbound platform</li></ul>,https://www5.septa.org/about/accessibility/alternative-transportation/mfl-alternate/,2026-02-13 03:53:35,2026-02-13T085335UTC
Broad Street Subway / Broad Ridge Spur,North Philadelphia,Southbound,No access to/from southbound platform ,<ul><li>No access to/from southbound platform</li></ul> ,https://www5.septa.org/about/accessibility/alternative-transportation/bsl-alternate/,2026-02-13 03:53:35,2026-02-13T085335UTC
Broad Street Subway / Broad Ridge Spur,Race-Vine,Street to Mezzanine,No access to/from station,<ul><li>No access to/from station</li></ul>,https://www5.septa.org/about/accessibility/alternative-transportation/bsl-alternate/,2026-02-13 03:53:35,2026-02-13T085335UTC
Broad Street Subway / Broad Ridge Spur,Fern Rock Transit Center,Street Level,No access to/from station,<ul><li>No access to/from station</li></ul>,https://www5.septa.org/about/accessibility/alternative-transportation/bsl-alternate/,2026-02-13 05:49:41,2026-02-13T104941UTC
Broad Street Subway / Broad Ridge Spur,Olney Transit Center,Street to Mezzanine,No access to/from station,<ul><li>No access to/from station</li></ul>,https://www5.septa.org/about/accessibility/alternative-transportation/bsl-alternate/,2026-02-13 05:49:41,2026-02-13T104941UTC
Broad Street Subway / Broad Ridge Spur,Walnut-Locust,Southbound,No access to/from southbound platform,<ul><li>No access to/from southbound platform</li></ul>,https://www5.septa.org/about/accessibility/alternative-transportation/bsl-alternate/,2026-02-13 05:49:41,2026-02-13T104941UTC
Broad Street Subway / Broad Ridge Spur,8th-Market,Street Level,No access to/from station,<ul><li>No access to/from station</li></ul>,https://www5.septa.org/about/accessibility/alternative-transportation/bsl-alternate/,2026-02-13 05:49:41,2026-02-13T104941UTC
Market Frankford Line,Frankford Transit Center,Main Terminal Pratt Street,Use Bridge Street for access to/from platforms,<ul><li>Use Bridge Street for access to/from platforms</li></ul>,https://www5.septa.org/about/accessibility/alternative-transportation/mfl-alternate/,2026-02-13 05:49:41,2026-02-13T104941UTC
Market Frankford Line,Kensington-Allegheny,Westbound,No access to/from station,<ul><li>No access to/from station</li></ul>,https://www5.septa.org/about/accessibility/alternative-transportation/mfl-alternate/,2026-02-13 05:49:41,2026-02-13T104941UTC
Market Frankford Line,8th-Market,Westbound,No access to/from station,<ul><li>No access to/from station</li></ul>,https://www5.septa.org/about/accessibility/alternative-transportation/mfl-alternate/,2026-02-13 05:49:41,2026-02-13T104941UTC
Market Frankford Line,46th St,Eastbound,No access to/from station,<ul><li>No access to/from station</li></ul>,https://www5.septa.org/about/accessibility/alternative-transportation/mfl-alternate/,2026-02-13 05:49:41,2026-02-13T104941UTC
Market Frankford Line,56th St,Westbound,No access to/from westbound platform,<ul><li>No access to/from westbound platform</li></ul>,https://www5.septa.org/about/accessibility/alternative-transportation/mfl-alternate/,2026-02-13 05:49:41,2026-02-13T104941UTC
Broad Street Subway / Broad Ridge Spur,North Philadelphia,Southbound,No access to/from southbound platform ,<ul><li>No access to/from southbound platform</li></ul> ,https://www5.septa.org/about/accessibility/alternative-transportation/bsl-alternate/,2026-02-13 05:49:41,2026-02-13T104941UTC
Broad Street Subway / Broad Ridge Spur,Race-Vine,Street to Mezzanine,No access to/from station,<ul><li>No access to/from station</li></ul>,https://www5.septa.org/about/accessibility/alternative-transportation/bsl-alternate/,2026-02-13 05:49:41,2026-02-13T104941UTC
Broad Street Subway / Broad Ridge Spur,Fern Rock Transit Center,Street Level,No access to/from station,<ul><li>No access to/from station</li></ul>,https://www5.septa.org/about/accessibility/alternative-transportation/bsl-alternate/,2026-02-13 08:15:50,2026-02-13T131550UTC
Broad Street Subway / Broad Ridge Spur,Olney Transit Center,Street to Mezzanine,No access to/from station,<ul><li>No access to/from station</li></ul>,https://www5.septa.org/about/accessibility/alternative-transportation/bsl-alternate/,2026-02-13 08:15:50,2026-02-13T131550UTC
Broad Street Subway / Broad Ridge Spur,Walnut-Locust,Southbound,No access to/from southbound platform,<ul><li>No access to/from southbound platform</li></ul>,https://www5.septa.org/about/accessibility/alternative-transportation/bsl-alternate/,2026-02-13 08:15:50,2026-02-13T131550UTC
Broad Street Subway / Broad Ridge Spur,8th-Market,Street Level,No access to/from station,<ul><li>No access to/from station</li></ul>,https://www5.septa.org/about/accessibility/alternative-transportation/bsl-alternate/,2026-02-13 08:15:50,2026-02-13T131550UTC
Market Frankford Line,Frankford Transit Center,Main Terminal Pratt Street,Use Bridge Street for access to/from platforms,<ul><li>Use Bridge Street for access to/from platforms</li></ul>,https://www5.septa.org/about/accessibility/alternative-transportation/mfl-alternate/,2026-02-13 08:15:50,2026-02-13T131550UTC
Market Frankford Line,Kensington-Allegheny,Westbound,No access to/from station,<ul><li>No access to/from station</li></ul>,https://www5.septa.org/about/accessibility/alternative-transportation/mfl-alternate/,2026-02-13 08:15:50,2026-02-13T131550UTC
Market Frankford Line,8th-Market,Westbound,No access to/from station,<ul><li>No access to/from station</li></ul>,https://www5.septa.org/about/accessibility/alternative-transportation/mfl-alternate/,2026-02-13 08:15:50,2026-02-13T131550UTC
Market Frankford Line,46th St,Eastbound,No access to/from station,<ul><li>No access to/from station</li></ul>,https://www5.septa.org/about/accessibility/alternative-transportation/mfl-alternate/,2026-02-13 08:15:50,2026-02-13T131550UTC
Market Frankford Line,56th St,Westbound,No access to/from westbound platform,<ul><li>No access to/from westbound platform</li></ul>,https://www5.septa.org/about/accessibility/alternative-transportation/mfl-alternate/,2026-02-13 08:15:50,2026-02-13T131550UTC
Broad Street Subway / Broad Ridge Spur,North Philadelphia,Southbound,No access to/from southbound platform ,<ul><li>No access to/from southbound platform</li></ul> ,https://www5.septa.org/about/accessibility/alternative-transportation/bsl-alternate/,2026-02-13 08:15:50,2026-02-13T131550UTC
Broad Street Subway / Broad Ridge Spur,Race-Vine,Street to Mezzanine,No access to/from station,<ul><li>No access to/from station</li></ul>,https://www5.septa.org/about/accessibility/alternative-transportation/bsl-alternate/,2026-02-13 08:15:50,2026-02-13T131550UTC
Broad Street Subway / Broad Ridge Spur,Fern Rock Transit Center,Street Level,No access to/from station,<ul><li>No access to/from station</li></ul>,https://www5.septa.org/about/accessibility/alternative-transportation/bsl-alternate/,2026-02-13 09:49:37,2026-02-13T144937UTC
Broad Street Subway / Broad Ridge Spur,Olney Transit Center,Street to Mezzanine,No access to/from station,<ul><li>No access to/from station</li></ul>,https://www5.septa.org/about/accessibility/alternative-transportation/bsl-alternate/,2026-02-13 09:49:37,2026-02-13T144937UTC
Broad Street Subway / Broad Ridge Spur,Walnut-Locust,Southbound,No access to/from southbound platform,<ul><li>No access to/from southbound platform</li></ul>,https://www5.septa.org/about/accessibility/alternative-transportation/bsl-alternate/,2026-02-13 09:49:37,2026-02-13T144937UTC
Broad Street Subway / Broad Ridge Spur,8th-Market,Street Level,No access to/from station,<ul><li>No access to/from station</li></ul>,https://www5.septa.org/about/accessibility/alternative-transportation/bsl-alternate/,2026-02-13 09:49:37,2026-02-13T144937UTC
Market Frankford Line,Frankford Transit Center,Garage Elevator #3 ( To Crossover),No access to/from street to parking garage,<ul><li>No access to/from street to parking garage</li></ul>,https://www5.septa.org/about/accessibility/alternative-transportation/mfl-alternate/,2026-02-13 09:49:37,2026-02-13T144937UTC
Market Frankford Line,8th-Market,Westbound,No access to/from station,<ul><li>No access to/from station</li></ul>,https://www5.septa.org/about/accessibility/alternative-transportation/mfl-alternate/,2026-02-13 09:49:37,2026-02-13T144937UTC
Broad Street Subway / Broad Ridge Spur,North Philadelphia,Southbound,No access to/from southbound platform ,<ul><li>No access to/from southbound platform</li></ul> ,https://www5.septa.org/about/accessibility/alternative-transportation/bsl-alternate/,2026-02-13 09:49:37,2026-02-13T144937UTC
Market Frankford Line,15th St/City Hall,"Dilworth Park - South End (Street to Concourse)
","No access to/from the concourse on the south end
","<ul><li>No access to/from the concourse on the south end</li></ul>
",https://www5.septa.org/about/accessibility/alternative-transportation/mfl-alternate/,2026-02-13 09:49:37,2026-02-13T144937UTC
Market Frankford Line,Drexel Station at 30th St,"Street to Mezzanine (At 30th Street)
","No access to/from mezzanine at 30th Street
","<ul><li>No access to/from mezzanine at 30th Street</li></ul>
",https://www5.septa.org/about/accessibility/alternative-transportation/mfl-alternate/,2026-02-13 09:49:37,2026-02-13T144937UTC
Broad Street Subway / Broad Ridge Spur,Fern Rock Transit Center,Street Level,No access to/from station,<ul><li>No access to/from station</li></ul>,https://www5.septa.org/about/accessibility/alternative-transportation/bsl-alternate/,2026-02-13 11:56:28,2026-02-13T165628UTC
Broad Street Subway / Broad Ridge Spur,Olney Transit Center,Street to Mezzanine,No access to/from station,<ul><li>No access to/from station</li></ul>,https://www5.septa.org/about/accessibility/alternative-transportation/bsl-alternate/,2026-02-13 11:56:28,2026-02-13T165628UTC
Broad Street Subway / Broad Ridge Spur,Walnut-Locust,Southbound,No access to/from southbound platform,<ul><li>No access to/from southbound platform</li></ul>,https://www5.septa.org/about/accessibility/alternative-transportation/bsl-alternate/,2026-02-13 11:56:28,2026-02-13T165628UTC
Broad Street Subway / Broad Ridge Spur,8th-Market,Street Level,No access to/from station,<ul><li>No access to/from station</li></ul>,https://www5.septa.org/about/accessibility/alternative-transportation/bsl-alternate/,2026-02-13 11:56:28,2026-02-13T165628UTC
Market Frankford Line,Frankford Transit Center,Garage Elevator #3 ( To Crossover),No access to/from street to parking garage,<ul><li>No access to/from street to parking garage</li></ul>,https://www5.septa.org/about/accessibility/alternative-transportation/mfl-alternate/,2026-02-13 11:56:28,2026-02-13T165628UTC
Market Frankford Line,8th-Market,Westbound,No access to/from station,<ul><li>No access to/from station</li></ul>,https://www5.septa.org/about/accessibility/alternative-transportation/mfl-alternate/,2026-02-13 11:56:28,2026-02-13T165628UTC
Broad Street Subway / Broad Ridge Spur,North Philadelphia,Southbound,No access to/from southbound platform ,<ul><li>No access to/from southbound platform</li></ul> ,https://www5.septa.org/about/accessibility/alternative-transportation/bsl-alternate/,2026-02-13 11:56:28,2026-02-13T165628UTC
Market Frankford Line,15th St/City Hall,"Dilworth Park - South End (Street to Concourse)
","No access to/from the concourse on the south end
","<ul><li>No access to/from the concourse on the south end</li></ul>
",https://www5.septa.org/about/accessibility/alternative-transportation/mfl-alternate/,2026-02-13 11:56:28,2026-02-13T165628UTC
Market Frankford Line,Drexel Station at 30th St,"Street to Mezzanine (At 30th Street)
","No access to/from mezzanine at 30th Street
","<ul><li>No access to/from mezzanine at 30th Street</li></ul>
",https://www5.septa.org/about/accessibility/alternative-transportation/mfl-alternate/,2026-02-13 11:56:28,2026-02-13T165628UTC
Broad Street Subway / Broad Ridge Spur,Fern Rock Transit Center,Street Level,No access to/from station,<ul><li>No access to/from station</li></ul>,https://www5.septa.org/about/accessibility/alternative-transportation/bsl-alternate/,2026-02-13 13:59:45,2026-02-13T185945UTC
Broad Street Subway / Broad Ridge Spur,Olney Transit Center,Street to Mezzanine,No access to/from station,<ul><li>No access to/from station</li></ul>,https://www5.septa.org/about/accessibility/alternative-transportation/bsl-alternate/,2026-02-13 13:59:45,2026-02-13T185945UTC
Broad Street Subway / Broad Ridge Spur,Walnut-Locust,Southbound,No access to/from southbound platform,<ul><li>No access to/from southbound platform</li></ul>,https://www5.septa.org/about/accessibility/alternative-transportation/bsl-alternate/,2026-02-13 13:59:45,2026-02-13T185945UTC
Broad Street Subway / Broad Ridge Spur,8th-Market,Street Level,No access to/from station,<ul><li>No access to/from station</li></ul>,https://www5.septa.org/about/accessibility/alternative-transportation/bsl-alternate/,2026-02-13 13:59:45,2026-02-13T185945UTC
Market Frankford Line,Frankford Transit Center,Garage Elevator #3 ( To Crossover),No access to/from street to parking garage,<ul><li>No access to/from street to parking garage</li></ul>,https://www5.septa.org/about/accessibility/alternative-transportation/mfl-alternate/,2026-02-13 13:59:45,2026-02-13T185945UTC
Market Frankford Line,8th-Market,Westbound,No access to/from station,<ul><li>No access to/from station</li></ul>,https://www5.septa.org/about/accessibility/alternative-transportation/mfl-alternate/,2026-02-13 13:59:45,2026-02-13T185945UTC
Broad Street Subway / Broad Ridge Spur,North Philadelphia,Southbound,No access to/from southbound platform ,<ul><li>No access to/from southbound platform</li></ul> ,https://www5.septa.org/about/accessibility/alternative-transportation/bsl-alternate/,2026-02-13 13:59:45,2026-02-13T185945UTC
Market Frankford Line,15th St/City Hall,"Dilworth Park - South End (Street to Concourse)
","No access to/from the concourse on the south end
","<ul><li>No access to/from the concourse on the south end</li></ul>
",https://www5.septa.org/about/accessibility/alternative-transportation/mfl-alternate/,2026-02-13 13:59:45,2026-02-13T185945UTC
Market Frankford Line,Drexel Station at 30th St,"Street to Mezzanine (At 30th Street)
","No access to/from mezzanine at 30th Street
","<ul><li>No access to/from mezzanine at 30th Street</li></ul>
",https://www5.septa.org/about/accessibility/alternative-transportation/mfl-alternate/,2026-02-13 13:59:45,2026-02-13T185945UTC
Broad Street Subway / Broad Ridge Spur,Fern Rock Transit Center,Street Level,No access to/from station,<ul><li>No access to/from station</li></ul>,https://www5.septa.org/about/accessibility/alternative-transportation/bsl-alternate/,2026-02-13 15:48:20,2026-02-13T204820UTC
Broad Street Subway / Broad Ridge Spur,Olney Transit Center,Street to Mezzanine,No access to/from station,<ul><li>No access to/from station</li></ul>,https://www5.septa.org/about/accessibility/alternative-transportation/bsl-alternate/,2026-02-13 15:48:20,2026-02-13T204820UTC
Broad Street Subway / Broad Ridge Spur,Walnut-Locust,Southbound,No access to/from southbound platform,<ul><li>No access to/from southbound platform</li></ul>,https://www5.septa.org/about/accessibility/alternative-transportation/bsl-alternate/,2026-02-13 15:48:20,2026-02-13T204820UTC
Broad Street Subway / Broad Ridge Spur,8th-Market,Street Level,No access to/from station,<ul><li>No access to/from station</li></ul>,https://www5.septa.org/about/accessibility/alternative-transportation/bsl-alternate/,2026-02-13 15:48:20,2026-02-13T204820UTC
Market Frankford Line,8th-Market,Westbound,No access to/from station,<ul><li>No access to/from station</li></ul>,https://www5.septa.org/about/accessibility/alternative-transportation/mfl-alternate/,2026-02-13 15:48:20,2026-02-13T204820UTC
Broad Street Subway / Broad Ridge Spur,North Philadelphia,Southbound,No access to/from southbound platform ,<ul><li>No access to/from southbound platform</li></ul> ,https://www5.septa.org/about/accessibility/alternative-transportation/bsl-alternate/,2026-02-13 15:48:20,2026-02-13T204820UTC
Market Frankford Line,15th St/City Hall,"Dilworth Park - South End (Street to Concourse)
","No access to/from the concourse on the south end
","<ul><li>No access to/from the concourse on the south end</li></ul>
",https://www5.septa.org/about/accessibility/alternative-transportation/mfl-alternate/,2026-02-13 15:48:20,2026-02-13T204820UTC
Broad Street Subway / Broad Ridge Spur,Fern Rock Transit Center,Street Level,No access to/from station,<ul><li>No access to/from station</li></ul>,https://www5.septa.org/about/accessibility/alternative-transportation/bsl-alternate/,2026-02-13 17:40:04,2026-02-13T224004UTC
Broad Street Subway / Broad Ridge Spur,Olney Transit Center,Street to Mezzanine,No access to/from station,<ul><li>No access to/from station</li></ul>,https://www5.septa.org/about/accessibility/alternative-transportation/bsl-alternate/,2026-02-13 17:40:04,2026-02-13T224004UTC
Broad Street Subway / Broad Ridge Spur,Walnut-Locust,Southbound,No access to/from southbound platform,<ul><li>No access to/from southbound platform</li></ul>,https://www5.septa.org/about/accessibility/alternative-transportation/bsl-alternate/,2026-02-13 17:40:04,2026-02-13T224004UTC
Broad Street Subway / Broad Ridge Spur,8th-Market,Street Level,No access to/from station,<ul><li>No access to/from station</li></ul>,https://www5.septa.org/about/accessibility/alternative-transportation/bsl-alternate/,2026-02-13 17:40:04,2026-02-13T224004UTC
Market Frankford Line,8th-Market,Westbound,No access to/from station,<ul><li>No access to/from station</li></ul>,https://www5.septa.org/about/accessibility/alternative-transportation/mfl-alternate/,2026-02-13 17:40:04,2026-02-13T224004UTC
Broad Street Subway / Broad Ridge Spur,North Philadelphia,Southbound,No access to/from southbound platform ,<ul><li>No access to/from southbound platform</li></ul> ,https://www5.septa.org/about/accessibility/alternative-transportation/bsl-alternate/,2026-02-13 17:40:04,2026-02-13T224004UTC
Market Frankford Line,15th St/City Hall,"Dilworth Park - South End (Street to Concourse)
","No access to/from the concourse on the south end
","<ul><li>No access to/from the concourse on the south end</li></ul>
",https://www5.septa.org/about/accessibility/alternative-transportation/mfl-alternate/,2026-02-13 17:40:04,2026-02-13T224004UTC
Broad Street Subway / Broad Ridge Spur,Fern Rock Transit Center,Street Level,No access to/from station,<ul><li>No access to/from station</li></ul>,https://www5.septa.org/about/accessibility/alternative-transportation/bsl-alternate/,2026-02-13 21:37:04,2026-02-14T023704UTC
Broad Street Subway / Broad Ridge Spur,Olney Transit Center,Street to Mezzanine,No access to/from station,<ul><li>No access to/from station</li></ul>,https://www5.septa.org/about/accessibility/alternative-transportation/bsl-alternate/,2026-02-13 21:37:04,2026-02-14T023704UTC
Broad Street Subway / Broad Ridge Spur,Walnut-Locust,Southbound,No access to/from southbound platform,<ul><li>No access to/from southbound platform</li></ul>,https://www5.septa.org/about/accessibility/alternative-transportation/bsl-alternate/,2026-02-13 21:37:04,2026-02-14T023704UTC
Broad Street Subway / Broad Ridge Spur,8th-Market,Street Level,No access to/from station,<ul><li>No access to/from station</li></ul>,https://www5.septa.org/about/accessibility/alternative-transportation/bsl-alternate/,2026-02-13 21:37:04,2026-02-14T023704UTC
Market Frankford Line,8th-Market,Westbound,No access to/from station,<ul><li>No access to/from station</li></ul>,https://www5.septa.org/about/accessibility/alternative-transportation/mfl-alternate/,2026-02-13 21:37:04,2026-02-14T023704UTC
Broad Street Subway / Broad Ridge Spur,North Philadelphia,Southbound,No access to/from southbound platform ,<ul><li>No access to/from southbound platform</li></ul> ,https://www5.septa.org/about/accessibility/alternative-transportation/bsl-alternate/,2026-02-13 21:37:04,2026-02-14T023704UTC
Market Frankford Line,15th St/City Hall,"Dilworth Park - South End (Street to Concourse)
","No access to/from the concourse on the south end
","<ul><li>No access to/from the concourse on the south end</li></ul>
",https://www5.septa.org/about/accessibility/alternative-transportation/mfl-alternate/,2026-02-13 21:37:04,2026-02-14T023704UTC
Broad Street Subway / Broad Ridge Spur,Fern Rock Transit Center,Street Level,No access to/from station,<ul><li>No access to/from station</li></ul>,https://www5.septa.org/about/accessibility/alternative-transportation/bsl-alternate/,2026-02-14 00:11:32,2026-02-14T051132UTC
Broad Street Subway / Broad Ridge Spur,Olney Transit Center,Street to Mezzanine,No access to/from station,<ul><li>No access to/from station</li></ul>,https://www5.septa.org/about/accessibility/alternative-transportation/bsl-alternate/,2026-02-14 00:11:32,2026-02-14T051132UTC
Broad Street Subway / Broad Ridge Spur,Walnut-Locust,Southbound,No access to/from southbound platform,<ul><li>No access to/from southbound platform</li></ul>,https://www5.septa.org/about/accessibility/alternative-transportation/bsl-alternate/,2026-02-14 00:11:32,2026-02-14T051132UTC
Broad Street Subway / Broad Ridge Spur,8th-Market,Street Level,No access to/from station,<ul><li>No access to/from station</li></ul>,https://www5.septa.org/about/accessibility/alternative-transportation/bsl-alternate/,2026-02-14 00:11:32,2026-02-14T051132UTC
Market Frankford Line,8th-Market,Westbound,No access to/from station,<ul><li>No access to/from station</li></ul>,https://www5.septa.org/about/accessibility/alternative-transportation/mfl-alternate/,2026-02-14 00:11:32,2026-02-14T051132UTC
Broad Street Subway / Broad Ridge Spur,North Philadelphia,Southbound,No access to/from southbound platform ,<ul><li>No access to/from southbound platform</li></ul> ,https://www5.septa.org/about/accessibility/alternative-transportation/bsl-alternate/,2026-02-14 00:11:32,2026-02-14T051132UTC
Market Frankford Line,15th St/City Hall,"Dilworth Park - South End (Street to Concourse)
","No access to/from the concourse on the south end
","<ul><li>No access to/from the concourse on the south end</li></ul>
",https://www5.septa.org/about/accessibility/alternative-transportation/mfl-alternate/,2026-02-14 00:11:32,2026-02-14T051132UTC
Broad Street Subway / Broad Ridge Spur,Fern Rock Transit Center,Street Level,No access to/from station,<ul><li>No access to/from station</li></ul>,https://www5.septa.org/about/accessibility/alternative-transportation/bsl-alternate/,2026-02-14 01:55:48,2026-02-14T065548UTC
Broad Street Subway / Broad Ridge Spur,Olney Transit Center,Street to Mezzanine,No access to/from station,<ul><li>No access to/from station</li></ul>,https://www5.septa.org/about/accessibility/alternative-transportation/bsl-alternate/,2026-02-14 01:55:48,2026-02-14T065548UTC
Broad Street Subway / Broad Ridge Spur,Walnut-Locust,Southbound,No access to/from southbound platform,<ul><li>No access to/from southbound platform</li></ul>,https://www5.septa.org/about/accessibility/alternative-transportation/bsl-alternate/,2026-02-14 01:55:48,2026-02-14T065548UTC
Broad Street Subway / Broad Ridge Spur,8th-Market,Street Level,No access to/from station,<ul><li>No access to/from station</li></ul>,https://www5.septa.org/about/accessibility/alternative-transportation/bsl-alternate/,2026-02-14 01:55:48,2026-02-14T065548UTC
Market Frankford Line,8th-Market,Westbound,No access to/from station,<ul><li>No access to/from station</li></ul>,https://www5.septa.org/about/accessibility/alternative-transportation/mfl-alternate/,2026-02-14 01:55:48,2026-02-14T065548UTC
Broad Street Subway / Broad Ridge Spur,North Philadelphia,Southbound,No access to/from southbound platform ,<ul><li>No access to/from southbound platform</li></ul> ,https://www5.septa.org/about/accessibility/alternative-transportation/bsl-alternate/,2026-02-14 01:55:48,2026-02-14T065548UTC
Market Frankford Line,15th St/City Hall,"Dilworth Park - South End (Street to Concourse)
","No access to/from the concourse on the south end
","<ul><li>No access to/from the concourse on the south end</li></ul>
",https://www5.septa.org/about/accessibility/alternative-transportation/mfl-alternate/,2026-02-14 01:55:48,2026-02-14T065548UTC
Broad Street Subway / Broad Ridge Spur,Fern Rock Transit Center,Street Level,No access to/from station,<ul><li>No access to/from station</li></ul>,https://www5.septa.org/about/accessibility/alternative-transportation/bsl-alternate/,2026-02-14 03:40:38,2026-02-14T084038UTC
Broad Street Subway / Broad Ridge Spur,Olney Transit Center,Street to Mezzanine,No access to/from station,<ul><li>No access to/from station</li></ul>,https://www5.septa.org/about/accessibility/alternative-transportation/bsl-alternate/,2026-02-14 03:40:38,2026-02-14T084038UTC
Broad Street Subway / Broad Ridge Spur,Walnut-Locust,Southbound,No access to/from southbound platform,<ul><li>No access to/from southbound platform</li></ul>,https://www5.septa.org/about/accessibility/alternative-transportation/bsl-alternate/,2026-02-14 03:40:38,2026-02-14T084038UTC
Broad Street Subway / Broad Ridge Spur,8th-Market,Street Level,No access to/from station,<ul><li>No access to/from station</li></ul>,https://www5.septa.org/about/accessibility/alternative-transportation/bsl-alternate/,2026-02-14 03:40:38,2026-02-14T084038UTC
Market Frankford Line,8th-Market,Westbound,No access to/from station,<ul><li>No access to/from station</li></ul>,https://www5.septa.org/about/accessibility/alternative-transportation/mfl-alternate/,2026-02-14 03:40:38,2026-02-14T084038UTC
Broad Street Subway / Broad Ridge Spur,North Philadelphia,Southbound,No access to/from southbound platform ,<ul><li>No access to/from southbound platform</li></ul> ,https://www5.septa.org/about/accessibility/alternative-transportation/bsl-alternate/,2026-02-14 03:40:38,2026-02-14T084038UTC
Market Frankford Line,15th St/City Hall,"Dilworth Park - South End (Street to Concourse)
","No access to/from the concourse on the south end
","<ul><li>No access to/from the concourse on the south end</li></ul>
",https://www5.septa.org/about/accessibility/alternative-transportation/mfl-alternate/,2026-02-14 03:40:38,2026-02-14T084038UTC
Broad Street Subway / Broad Ridge Spur,Fern Rock Transit Center,Street Level,No access to/from station,<ul><li>No access to/from station</li></ul>,https://www5.septa.org/about/accessibility/alternative-transportation/bsl-alternate/,2026-02-14 05:34:08,2026-02-14T103408UTC
Broad Street Subway / Broad Ridge Spur,Olney Transit Center,Street to Mezzanine,No access to/from station,<ul><li>No access to/from station</li></ul>,https://www5.septa.org/about/accessibility/alternative-transportation/bsl-alternate/,2026-02-14 05:34:08,2026-02-14T103408UTC
Broad Street Subway / Broad Ridge Spur,Walnut-Locust,Southbound,No access to/from southbound platform,<ul><li>No access to/from southbound platform</li></ul>,https://www5.septa.org/about/accessibility/alternative-transportation/bsl-alternate/,2026-02-14 05:34:08,2026-02-14T103408UTC
Broad Street Subway / Broad Ridge Spur,8th-Market,Street Level,No access to/from station,<ul><li>No access to/from station</li></ul>,https://www5.septa.org/about/accessibility/alternative-transportation/bsl-alternate/,2026-02-14 05:34:08,2026-02-14T103408UTC
Market Frankford Line,8th-Market,Westbound,No access to/from station,<ul><li>No access to/from station</li></ul>,https://www5.septa.org/about/accessibility/alternative-transportation/mfl-alternate/,2026-02-14 05:34:08,2026-02-14T103408UTC
Broad Street Subway / Broad Ridge Spur,North Philadelphia,Southbound,No access to/from southbound platform ,<ul><li>No access to/from southbound platform</li></ul> ,https://www5.septa.org/about/accessibility/alternative-transportation/bsl-alternate/,2026-02-14 05:34:08,2026-02-14T103408UTC
Market Frankford Line,15th St/City Hall,"Dilworth Park - South End (Street to Concourse)
","No access to/from the concourse on the south end
","<ul><li>No access to/from the concourse on the south end</li></ul>
",https://www5.septa.org/about/accessibility/alternative-transportation/mfl-alternate/,2026-02-14 05:34:08,2026-02-14T103408UTC
Broad Street Subway / Broad Ridge Spur,Fern Rock Transit Center,Street Level,No access to/from station,<ul><li>No access to/from station</li></ul>,https://www5.septa.org/about/accessibility/alternative-transportation/bsl-alternate/,2026-02-14 08:03:23,2026-02-14T130323UTC
Broad Street Subway / Broad Ridge Spur,Olney Transit Center,Street to Mezzanine,No access to/from station,<ul><li>No access to/from station</li></ul>,https://www5.septa.org/about/accessibility/alternative-transportation/bsl-alternate/,2026-02-14 08:03:23,2026-02-14T130323UTC
Broad Street Subway / Broad Ridge Spur,Walnut-Locust,Southbound,No access to/from southbound platform,<ul><li>No access to/from southbound platform</li></ul>,https://www5.septa.org/about/accessibility/alternative-transportation/bsl-alternate/,2026-02-14 08:03:23,2026-02-14T130323UTC
Broad Street Subway / Broad Ridge Spur,8th-Market,Street Level,No access to/from station,<ul><li>No access to/from station</li></ul>,https://www5.septa.org/about/accessibility/alternative-transportation/bsl-alternate/,2026-02-14 08:03:23,2026-02-14T130323UTC
Market Frankford Line,8th-Market,Westbound,No access to/from station,<ul><li>No access to/from station</li></ul>,https://www5.septa.org/about/accessibility/alternative-transportation/mfl-alternate/,2026-02-14 08:03:23,2026-02-14T130323UTC
Broad Street Subway / Broad Ridge Spur,North Philadelphia,Southbound,No access to/from southbound platform ,<ul><li>No access to/from southbound platform</li></ul> ,https://www5.septa.org/about/accessibility/alternative-transportation/bsl-alternate/,2026-02-14 08:03:23,2026-02-14T130323UTC
Market Frankford Line,15th St/City Hall,"Dilworth Park - South End (Street to Concourse)
","No access to/from the concourse on the south end
","<ul><li>No access to/from the concourse on the south end</li></ul>
",https://www5.septa.org/about/accessibility/alternative-transportation/mfl-alternate/,2026-02-14 08:03:23,2026-02-14T130323UTC
